genre,window_start,window_end,window_label,n_tracks,danceability,energy,key,mode,valence,tempo,duration_ms,eligible_window
alternative rock,1979,1983,1979_1983,30,0.47100000000000003,0.6744066666666666,4.533333333333333,0.7333333333333333,0.65735,136.80223333333333,227990.26666666666,True
alternative rock,1980,1984,1980_1984,44,0.47347727272727275,0.6685175,5.181818181818182,0.7045454545454546,0.6590568181818182,135.42784090909092,217900.61363636365,True
alternative rock,1981,1985,1981_1985,55,0.46323636363636367,0.677414,5.327272727272727,0.7090909090909091,0.6266363636363637,135.77914545454544,207164.9090909091,True
alternative rock,1982,1986,1982_1986,60,0.45695,0.6845128333333333,5.516666666666667,0.7333333333333333,0.6265166666666667,136.23915,209528.05,True
alternative rock,1983,1987,1983_1987,79,0.48106329113924046,0.6868958227848101,5.493670886075949,0.6835443037974683,0.6088658227848102,131.43353164556962,208251.11392405065,True
alternative rock,1984,1988,1984_1988,66,0.46991363636363637,0.7238722727272727,5.621212121212121,0.7121212121212122,0.5698469696969698,129.8333787878788,198457.33333333334,True
alternative rock,1985,1989,1985_1989,64,0.4711921875,0.747046875,5.484375,0.703125,0.5204484375,128.402890625,201739.984375,True
alternative rock,1986,1990,1986_1990,76,0.4778197368421053,0.7454078947368421,5.552631578947368,0.6973684210526315,0.5332447368421053,124.94626315789473,208717.42105263157,True
alternative rock,1987,1991,1987_1991,125,0.4835224,0.7178592,5.712,0.72,0.5309224,121.799424,222862.16,True
alternative rock,1988,1992,1988_1992,140,0.46998071428571436,0.7182314285714286,5.5928571428571425,0.7714285714285715,0.5080571428571429,123.62230714285714,224855.5,True
alternative rock,1989,1993,1989_1993,175,0.47212571428571426,0.6827337142857143,5.622857142857143,0.7771428571428571,0.49455485714285713,122.44959428571428,230931.17142857143,True
alternative rock,1990,1994,1990_1994,222,0.4631981981981982,0.6703891891891892,5.536036036036036,0.7792792792792793,0.4799310810810811,121.51062612612613,237201.1036036036,True
alternative rock,1991,1995,1991_1995,279,0.4608444444444445,0.6655498207885304,5.397849462365591,0.7813620071684588,0.4567982078853047,122.6448494623656,245206.76702508962,True
alternative rock,1992,1996,1992_1996,307,0.46096612377850166,0.6768045602605863,5.156351791530945,0.7719869706840391,0.4578364820846906,123.34992833876221,244268.87622149836,True
alternative rock,1993,1997,1993_1997,336,0.4609541666666667,0.6831696428571428,5.0625,0.7678571428571429,0.45363035714285715,121.3616607142857,246731.77380952382,True
alternative rock,1994,1998,1994_1998,389,0.4676107969151671,0.6996709511568124,5.290488431876606,0.7352185089974294,0.4514280205655527,121.71094344473008,250228.15167095116,True
alternative rock,1995,1999,1995_1999,426,0.47245915492957746,0.7152347417840376,5.223004694835681,0.704225352112676,0.4538016431924883,120.91991079812206,244770.36384976527,True
alternative rock,1996,2000,1996_2000,455,0.48106813186813185,0.7233010989010988,5.364835164835164,0.6879120879120879,0.4603912087912088,120.67204395604395,241592.54505494505,True
alternative rock,1997,2001,1997_2001,479,0.4819248434237996,0.7160584551148226,5.38830897703549,0.6743215031315241,0.4398590814196242,121.27978705636743,241465.31941544884,True
alternative rock,1998,2002,1998_2002,503,0.4824254473161034,0.7173335984095428,5.506958250497018,0.6640159045725647,0.42527554671968193,122.6040477137177,241550.31212723657,True
alternative rock,1999,2003,1999_2003,528,0.47840719696969697,0.7272382575757577,5.2727272727272725,0.6496212121212122,0.419011553030303,124.21088636363636,237536.01325757575,True
alternative rock,2000,2004,2000_2004,518,0.4728204633204633,0.7377158301158301,5.359073359073359,0.6428571428571429,0.4134287644787645,127.86930501930503,239153.69111969112,True
alternative rock,2001,2005,2001_2005,551,0.4703139745916516,0.7381176043557169,5.2250453720508165,0.631578947368421,0.4022709618874773,129.07376950998184,238164.58076225047,True
alternative rock,2002,2006,2002_2006,602,0.4694784053156146,0.7679764119601329,5.370431893687708,0.6112956810631229,0.4051921926910299,130.8323172757475,236985.707641196,True
alternative rock,2003,2007,2003_2007,656,0.472077743902439,0.7692850609756098,5.239329268292683,0.6219512195121951,0.41864070121951225,132.2428048780488,235087.33079268291,True
alternative rock,2004,2008,2004_2008,653,0.4714012251148545,0.7688728943338439,5.28177641653905,0.6385911179173047,0.4201346094946401,132.5893124042879,233723.5329249617,True
alternative rock,2005,2009,2005_2009,741,0.4776603238866397,0.7681821862348177,5.161943319838056,0.650472334682861,0.4208993252361673,132.79342105263157,234643.13900134954,True
alternative rock,2006,2010,2006_2010,717,0.47708967921896794,0.7844504881450488,5.186889818688982,0.6596931659693166,0.4207775453277545,132.60267782426777,235087.2649930265,True
alternative rock,2007,2011,2007_2011,738,0.4783378048780488,0.771269647696477,5.117886178861789,0.6666666666666666,0.41267208672086725,130.1540027100271,236374.1192411924,True
alternative rock,2008,2012,2008_2012,757,0.47819418758256277,0.7750647291941877,5.2298546895640685,0.6393659180977543,0.4112760898282695,129.48712681638045,235402.95904887715,True
alternative rock,2009,2013,2009_2013,793,0.4802988650693569,0.780046658259773,5.281210592686002,0.6330390920554855,0.4153964691046658,129.15229508196722,237033.44766708702,True
alternative rock,2010,2014,2010_2014,751,0.47832982689747006,0.7800039946737684,5.360852197070573,0.6324900133155792,0.41390905459387484,127.38597470039946,237703.13848202396,True
alternative rock,2011,2015,2011_2015,769,0.4770256176853056,0.7678686605981795,5.2990897269180754,0.6176853055916776,0.4107665799739922,127.88786085825748,239914.7022106632,True
alternative rock,2012,2016,2012_2016,684,0.4754045321637427,0.7701125730994152,5.428362573099415,0.6111111111111112,0.4126040935672515,128.8487192982456,239673.22660818713,True
alternative rock,2013,2017,2013_2017,678,0.4704380530973451,0.7587699115044249,5.5294985250737465,0.6032448377581121,0.3952514749262537,127.1823126843658,239498.90707964601,True
alternative rock,2014,2018,2014_2018,682,0.4783958944281525,0.747438504398827,5.542521994134898,0.5821114369501467,0.39335058651026394,126.32785483870967,237646.42082111436,True
alternative rock,2015,2019,2015_2019,605,0.4825669421487603,0.7388612561983471,5.5041322314049586,0.5702479338842975,0.3920609917355372,125.68345454545455,235396.27272727274,True
ambient,1971,1975,1971_1975,20,0.34395,0.32027449999999996,3.4,0.65,0.18106,117.3463,510302.3,True
ambient,1972,1976,1972_1976,22,0.34354545454545454,0.3156131818181818,3.272727272727273,0.6363636363636364,0.1928,127.63554545454545,498392.7727272727,True
ambient,1973,1977,1973_1977,35,0.3581028571428571,0.2971082857142857,4.3428571428571425,0.6285714285714286,0.1923,125.14365714285715,382747.02857142856,True
ambient,1974,1978,1974_1978,36,0.3429888888888889,0.2897997222222222,4.388888888888889,0.6388888888888888,0.1923888888888889,122.13358333333333,400221.97222222225,True
ambient,1975,1979,1975_1979,34,0.3610764705882353,0.29838794117647055,4.764705882352941,0.6176470588235294,0.20105,124.77035294117647,345515.9411764706,True
ambient,1976,1980,1976_1980,25,0.3644,0.32169600000000004,5.16,0.56,0.22547599999999998,128.40264,335215.36,True
ambient,1977,1981,1977_1981,23,0.3620434782608696,0.30973913043478263,5.826086956521739,0.6086956521739131,0.2173695652173913,117.8455652173913,294059.26086956525,True
ambient,1980,1984,1980_1984,28,0.3062107142857143,0.2995403571428571,5.535714285714286,0.75,0.2084892857142857,102.52253571428571,313551.5,True
ambient,1981,1985,1981_1985,31,0.30056451612903223,0.31793967741935486,5.290322580645161,0.7741935483870968,0.2132516129032258,103.45490322580645,306156.1935483871,True
ambient,1982,1986,1982_1986,34,0.32030882352941176,0.3367764705882353,5.205882352941177,0.7352941176470589,0.24471176470588235,102.72067647058824,297170.23529411765,True
ambient,1983,1987,1983_1987,43,0.3474302325581395,0.3607339534883721,4.744186046511628,0.5813953488372093,0.24285813953488372,101.2763488372093,274881.27906976745,True
ambient,1984,1988,1984_1988,51,0.3313745098039215,0.32949039215686277,4.803921568627451,0.5490196078431373,0.21882156862745097,102.51570588235295,274971.7843137255,True
ambient,1985,1989,1985_1989,35,0.3033742857142857,0.2636948571428571,4.428571428571429,0.5142857142857142,0.1684342857142857,98.27425714285715,252452.6,True
ambient,1986,1990,1986_1990,48,0.33710625,0.2899566666666667,4.020833333333333,0.4791666666666667,0.21219791666666665,100.57470833333333,241850.27083333334,True
ambient,1987,1991,1987_1991,64,0.3321578125,0.27616953125,4.078125,0.59375,0.20864531249999999,106.758484375,272062.71875,True
ambient,1988,1992,1988_1992,67,0.39502388059701493,0.3429276119402985,4.6716417910447765,0.5970149253731343,0.2414582089552239,114.04616417910448,302174.5970149254,True
ambient,1989,1993,1989_1993,88,0.44485909090909087,0.43696772727272726,5.045454545454546,0.6477272727272727,0.2652863636363636,117.9849659090909,341156.82954545453,True
ambient,1990,1994,1990_1994,123,0.4366146341463415,0.4485663414634146,5.235772357723577,0.5853658536585366,0.26245447154471546,119.31987804878048,352818.89430894307,True
ambient,1991,1995,1991_1995,143,0.4738951048951049,0.4857556643356643,5.146853146853147,0.6293706293706294,0.27111118881118884,119.79644755244755,366522.04195804195,True
ambient,1992,1996,1992_1996,159,0.4943660377358491,0.5189827672955974,5.377358490566038,0.559748427672956,0.2908911949685535,119.87858490566038,369799.90566037735,True
ambient,1993,1997,1993_1997,159,0.4761396226415094,0.49901861635220124,5.327044025157233,0.5471698113207547,0.2818050314465409,119.76442767295599,384100.8238993711,True
ambient,1994,1998,1994_1998,165,0.48171939393939395,0.4864484848484848,5.218181818181818,0.4909090909090909,0.2864660606060606,118.46441212121212,358810.7272727273,True
ambient,1995,1999,1995_1999,179,0.4835402234636872,0.446984469273743,5.245810055865922,0.5418994413407822,0.28173184357541897,116.16565363128491,339467.6089385475,True
ambient,1996,2000,1996_2000,184,0.46294402173913046,0.43551967391304347,5.717391304347826,0.5163043478260869,0.26634728260869567,116.52005434782608,337980.3804347826,True
ambient,1997,2001,1997_2001,218,0.4521770642201835,0.4245677155963303,5.8807339449541285,0.5229357798165137,0.24996513761467892,113.52120642201835,327238.2018348624,True
ambient,1998,2002,1998_2002,277,0.4466920577617329,0.44371939350180506,5.617328519855596,0.5595667870036101,0.2598104693140794,111.22718050541516,299219.96750902524,True
ambient,1999,2003,1999_2003,296,0.42114797297297296,0.4248598040540541,5.655405405405405,0.5878378378378378,0.23564628378378377,109.13167567567567,321256.5675675676,True
ambient,2000,2004,2000_2004,297,0.401379797979798,0.43218906397306395,5.397306397306397,0.569023569023569,0.21915858585858589,109.34544107744108,321765.0808080808,True
ambient,2001,2005,2001_2005,370,0.38354621621621626,0.4174019513513514,5.286486486486487,0.5837837837837838,0.2073072972972973,110.1356108108108,309787.72702702705,True
ambient,2002,2006,2002_2006,393,0.37208600508905854,0.41806992366412216,5.208651399491094,0.5776081424936387,0.19267480916030533,111.2132340966921,305740.7633587786,True
ambient,2003,2007,2003_2007,419,0.3444758949880668,0.39131023866348447,5.066825775656325,0.5966587112171837,0.16574868735083534,111.61977565632459,323254.63484486873,True
ambient,2004,2008,2004_2008,428,0.35759205607476635,0.39577623831775705,4.955607476635514,0.5911214953271028,0.18214696261682242,113.35020794392524,304425.95560747664,True
ambient,2005,2009,2005_2009,480,0.36702937500000005,0.40345562500000004,5.04375,0.5770833333333333,0.19401,113.16502291666667,310070.2,True
ambient,2006,2010,2006_2010,455,0.3660285714285714,0.40250312087912093,5.103296703296703,0.5626373626373626,0.1905769230769231,112.45955604395604,312086.9692307692,True
ambient,2007,2011,2007_2011,546,0.36834652014652014,0.3956192307692308,4.965201465201465,0.5860805860805861,0.18735824175824176,110.9422509157509,299241.9597069597,True
ambient,2008,2012,2008_2012,552,0.388513768115942,0.4041675543478261,5.094202898550725,0.5507246376811594,0.195784981884058,110.66990398550725,287769.5018115942,True
ambient,2009,2013,2009_2013,662,0.37761117824773416,0.39944460725075526,5.108761329305136,0.5438066465256798,0.18124095166163143,110.65990634441087,294970.9818731118,True
ambient,2010,2014,2010_2014,716,0.37843435754189947,0.3893058659217877,5.157821229050279,0.5670391061452514,0.17098087988826816,109.99986173184357,316103.89245810057,True
ambient,2011,2015,2011_2015,742,0.3914943396226415,0.3884075795148248,5.123989218328841,0.568733153638814,0.17953128032345014,110.74592991913747,313568.2897574124,True
ambient,2012,2016,2012_2016,720,0.41141333333333335,0.39405334583333335,5.126388888888889,0.5722222222222222,0.20999681944444445,111.92268750000001,307490.9888888889,True
ambient,2013,2017,2013_2017,778,0.41169755784061696,0.3867476491002571,5.083547557840617,0.5732647814910026,0.21372017994858614,112.33670179948585,298421.07197943446,True
ambient,2014,2018,2014_2018,827,0.4276720677146312,0.39587726844014515,4.954050785973398,0.5755743651753326,0.22589141475211608,112.42552720677148,298412.42563482467,True
ambient,2015,2019,2015_2019,734,0.43730640326975473,0.40308073705722075,4.870572207084469,0.555858310626703,0.23820422343324252,113.56070163487738,268939.2615803815,True
black metal,1980,1984,1980_1984,20,0.2358,0.78,4.95,0.65,0.253505,119.32755,210671.35,True
black metal,1981,1985,1981_1985,24,0.243375,0.8051666666666667,5.0,0.6666666666666666,0.2679625,120.663125,211460.04166666666,True
black metal,1982,1986,1982_1986,21,0.24757142857142855,0.81,4.857142857142857,0.6666666666666666,0.2997285714285714,120.90657142857143,220789.2380952381,True
black metal,1983,1987,1983_1987,32,0.26940625,0.842625,5.96875,0.65625,0.297059375,126.2594375,231745.40625,True
black metal,1984,1988,1984_1988,31,0.2685161290322581,0.8440645161290322,6.032258064516129,0.6451612903225806,0.2890935483870968,125.90016129032259,231572.4516129032,True
black metal,1985,1989,1985_1989,20,0.29925,0.8609,6.3,0.75,0.31638,125.29375,242347.95,True
black metal,1986,1990,1986_1990,22,0.3029227272727273,0.8192272727272727,6.681818181818182,0.7272727272727273,0.26283181818181817,125.41395454545454,309175.0909090909,True
black metal,1987,1991,1987_1991,31,0.2944935483870968,0.8211935483870968,6.258064516129032,0.7096774193548387,0.23459032258064513,124.49106451612903,311411.12903225806,True
black metal,1988,1992,1988_1992,31,0.23800967741935486,0.857,5.741935483870968,0.7096774193548387,0.13744516129032258,131.39009677419355,356153.06451612903,True
black metal,1989,1993,1989_1993,81,0.2245493827160494,0.8209240740740741,4.814814814814815,0.6666666666666666,0.1693901234567901,127.14016049382715,311259.7037037037,True
black metal,1990,1994,1990_1994,137,0.20427956204379563,0.8491164233576642,5.160583941605839,0.6058394160583942,0.13682189781021897,129.794700729927,323138.95620437956,True
black metal,1991,1995,1991_1995,155,0.21554838709677418,0.8487803225806451,5.103225806451613,0.5548387096774193,0.1407509677419355,128.75307096774193,318938.2322580645,True
black metal,1992,1996,1992_1996,170,0.21728235294117648,0.8294138235294117,5.076470588235294,0.5352941176470588,0.14995411764705882,127.48688823529412,318669.02352941176,True
black metal,1993,1997,1993_1997,180,0.21956444444444445,0.8265241666666666,4.938888888888889,0.48333333333333334,0.15789277777777777,125.91357777777777,317642.0777777778,True
black metal,1994,1998,1994_1998,139,0.22039424460431656,0.8321179856115108,5.093525179856115,0.4244604316546763,0.15164460431654678,126.54285611510791,326238.1798561151,True
black metal,1995,1999,1995_1999,113,0.26214070796460176,0.7922330088495575,4.663716814159292,0.415929203539823,0.1938504424778761,120.27130973451327,325439.407079646,True
black metal,1996,2000,1996_2000,104,0.25105961538461535,0.7974358653846154,4.423076923076923,0.4326923076923077,0.19044423076923078,120.95357692307692,320155.3173076923,True
black metal,1997,2001,1997_2001,112,0.2507125,0.8370458035714285,4.428571428571429,0.42857142857142855,0.16996785714285714,122.71482142857143,323460.66964285716,True
black metal,1998,2002,1998_2002,114,0.26347543859649125,0.8391765789473684,4.543859649122807,0.47368421052631576,0.15192105263157893,122.4894649122807,336673.0438596491,True
black metal,1999,2003,1999_2003,134,0.2669910447761194,0.8358047014925373,5.044776119402985,0.5,0.15287537313432834,122.05529850746268,340793.99253731343,True
black metal,2000,2004,2000_2004,147,0.26801972789115647,0.8625428571428572,5.292517006802721,0.5170068027210885,0.15878843537414966,121.3181088435374,329713.27210884355,True
black metal,2001,2005,2001_2005,157,0.2647343949044586,0.8559796178343949,5.286624203821656,0.5414012738853503,0.1520471337579618,120.32454140127389,335476.20382165606,True
black metal,2002,2006,2002_2006,171,0.27563801169590646,0.8424771929824562,5.39766081871345,0.5380116959064327,0.186893567251462,120.47122222222224,348486.2807017544,True
black metal,2003,2007,2003_2007,201,0.2715039800995025,0.8321616915422886,5.537313432835821,0.5522388059701493,0.1862626865671642,120.95973134328358,359802.36815920396,True
black metal,2004,2008,2004_2008,209,0.2705043062200957,0.8213205741626795,5.215311004784689,0.5598086124401914,0.17867416267942585,122.05364114832535,372149.6937799043,True
black metal,2005,2009,2005_2009,239,0.2714192468619247,0.7998322175732218,5.297071129707113,0.5690376569037657,0.15480753138075315,123.54068619246861,384016.07949790795,True
black metal,2006,2010,2006_2010,283,0.2737296819787986,0.8085791519434629,5.413427561837456,0.558303886925795,0.16062014134275618,123.74719081272086,391106.85159010603,True
black metal,2007,2011,2007_2011,278,0.27342374100719424,0.8015521582733813,5.5071942446043165,0.5719424460431655,0.13701546762589928,123.14385611510791,388327.05395683454,True
black metal,2008,2012,2008_2012,272,0.28167132352941177,0.8051492647058823,5.352941176470588,0.5772058823529411,0.14282132352941176,122.51141544117648,381731.36397058825,True
black metal,2009,2013,2009_2013,305,0.2840049180327869,0.8142311475409836,5.426229508196721,0.5704918032786885,0.14588786885245902,121.67849836065575,376474.56721311476,True
black metal,2010,2014,2010_2014,259,0.27915289575289576,0.8188864864864864,5.212355212355212,0.5714285714285714,0.1513127413127413,120.8645637065637,373660.26254826254,True
black metal,2011,2015,2011_2015,229,0.2763113537117904,0.8133650655021835,5.314410480349345,0.5720524017467249,0.14839301310043668,121.68924890829695,364976.36681222706,True
black metal,2012,2016,2012_2016,284,0.27701830985915493,0.8248869718309859,5.609154929577465,0.5880281690140845,0.14919049295774647,122.76716901408452,373339.36971830984,True
black metal,2013,2017,2013_2017,281,0.280620640569395,0.8302309608540925,5.729537366548043,0.5765124555160143,0.14746476868327404,123.6411565836299,376140.6548042705,True
black metal,2014,2018,2014_2018,335,0.28195044776119405,0.8478265671641791,5.665671641791045,0.5970149253731343,0.15163223880597015,125.84604776119403,362310.3940298507,True
black metal,2015,2019,2015_2019,337,0.2889759643916914,0.8470887240356084,5.741839762611276,0.6053412462908012,0.15665637982195846,126.40640652818992,359586.6646884273,True
blues,1955,1959,1955_1959,43,0.5222558139534884,0.30415116279069765,4.558139534883721,0.7906976744186046,0.4774302325581395,107.84781395348837,192094.23255813954,True
blues,1956,1960,1956_1960,53,0.5160566037735849,0.3328018867924528,4.471698113207547,0.7358490566037735,0.4978584905660377,107.9342075471698,187460.37735849057,True
blues,1957,1961,1957_1961,47,0.5200638297872341,0.35190425531914893,4.127659574468085,0.723404255319149,0.5237765957446808,106.99855319148936,182532.46808510637,True
blues,1958,1962,1958_1962,40,0.5410999999999999,0.4172975,4.85,0.7,0.63125,113.32335,172155.35,True
blues,1959,1963,1959_1963,29,0.5456551724137931,0.45927586206896553,5.275862068965517,0.6896551724137931,0.6517241379310345,110.87196551724138,169524.2068965517,True
blues,1960,1964,1960_1964,36,0.5371944444444444,0.4753861111111111,5.416666666666667,0.6666666666666666,0.6363416666666667,111.14719444444444,176803.80555555556,True
blues,1961,1965,1961_1965,55,0.5284727272727272,0.46004909090909096,5.709090909090909,0.7272727272727273,0.6193872727272727,114.98525454545455,194072.74545454545,True
blues,1962,1966,1962_1966,67,0.5126268656716418,0.45063134328358206,5.149253731343284,0.7611940298507462,0.5909656716417911,120.3199104477612,197872.6567164179,True
blues,1963,1967,1963_1967,86,0.5115813953488373,0.45764302325581396,5.523255813953488,0.7674418604651163,0.5687755813953488,119.13823255813955,198968.51162790696,True
blues,1964,1968,1964_1968,109,0.5084311926605505,0.4605440366972477,5.3577981651376145,0.7155963302752294,0.5757220183486239,119.88575229357798,216116.98165137615,True
blues,1965,1969,1965_1969,123,0.49933333333333335,0.45876016260162605,5.4471544715447155,0.6991869918699187,0.5646861788617886,121.98173983739838,229833.78861788617,True
blues,1966,1970,1966_1970,121,0.4984462809917355,0.48579999999999995,5.2809917355371905,0.71900826446281,0.573796694214876,121.10795041322314,247616.29752066114,True
blues,1967,1971,1967_1971,149,0.5117651006711409,0.49525436241610743,5.2885906040268456,0.7114093959731543,0.5822818791946309,119.03378523489933,245069.69798657717,True
blues,1968,1972,1968_1972,137,0.5061386861313868,0.5023240875912408,5.109489051094891,0.7299270072992701,0.5788671532846715,120.2697518248175,256879.7810218978,True
blues,1969,1973,1969_1973,146,0.506041095890411,0.510504109589041,4.9520547945205475,0.7876712328767124,0.5761972602739726,119.53617808219178,248996.32876712328,True
blues,1970,1974,1970_1974,142,0.5179507042253522,0.5123908450704225,4.767605633802817,0.8028169014084507,0.5740338028169014,118.48517605633803,242667.17605633804,True
blues,1971,1975,1971_1975,126,0.5242539682539682,0.5074634920634921,4.912698412698413,0.7857142857142857,0.5541650793650793,120.71060317460318,234526.9126984127,True
blues,1972,1976,1972_1976,103,0.5230776699029126,0.514278640776699,5.0,0.7766990291262136,0.5390757281553398,120.33380582524272,247515.66019417476,True
blues,1973,1977,1973_1977,106,0.530367924528302,0.49967169811320755,4.613207547169812,0.7830188679245284,0.538927358490566,120.13492452830188,248659.80188679244,True
blues,1974,1978,1974_1978,82,0.5443536585365853,0.4800036585365854,5.060975609756097,0.7439024390243902,0.5106865853658537,123.08565853658536,254927.3536585366,True
blues,1975,1979,1975_1979,69,0.557695652173913,0.4719898550724638,5.072463768115942,0.6956521739130435,0.5311492753623188,124.50194202898551,266174.652173913,True
blues,1976,1980,1976_1980,66,0.5532272727272727,0.44521666666666665,4.893939393939394,0.7121212121212122,0.5216863636363637,122.0680909090909,270778.3484848485,True
blues,1977,1981,1977_1981,47,0.5628510638297872,0.4262404255319149,4.8936170212765955,0.7021276595744681,0.5254531914893618,124.10172340425532,266695.78723404254,True
blues,1978,1982,1978_1982,34,0.5739117647058825,0.4336264705882353,5.5,0.6176470588235294,0.5713235294117647,125.57229411764705,259225.0588235294,True
blues,1979,1983,1979_1983,29,0.5565862068965518,0.48486206896551726,5.0,0.6206896551724138,0.6526896551724138,125.80662068965516,256712.4827586207,True
blues,1980,1984,1980_1984,25,0.5010800000000001,0.49495200000000006,5.4,0.68,0.59788,120.10068,276988.84,True
blues,1981,1985,1981_1985,32,0.562,0.51524375,5.28125,0.65625,0.6588125,121.65440625,239903.34375,True
blues,1982,1986,1982_1986,38,0.5716052631578947,0.5424736842105263,5.105263157894737,0.631578947368421,0.6767105263157894,125.12460526315789,246164.2105263158,True
blues,1983,1987,1983_1987,50,0.5515,0.473142,4.96,0.58,0.5913,124.67432000000001,239177.62,True
blues,1984,1988,1984_1988,48,0.5671458333333333,0.45902291666666667,5.166666666666667,0.5833333333333334,0.5748125000000001,123.722,238114.54166666666,True
blues,1985,1989,1985_1989,58,0.5760000000000001,0.46209655172413794,5.051724137931035,0.6379310344827587,0.5876724137931034,124.69901724137931,226647.1896551724,True
blues,1986,1990,1986_1990,54,0.5447592592592593,0.4509185185185185,4.592592592592593,0.6296296296296297,0.562637037037037,125.44427777777777,239153.64814814815,True
blues,1987,1991,1987_1991,52,0.54525,0.41896923076923076,4.846153846153846,0.6346153846153846,0.5279884615384616,122.47430769230769,235263.15384615384,True
blues,1988,1992,1988_1992,68,0.5612058823529411,0.41856617647058825,4.867647058823529,0.6176470588235294,0.5598147058823529,117.53639705882354,239398.1911764706,True
blues,1989,1993,1989_1993,75,0.5621866666666667,0.42178000000000004,4.626666666666667,0.64,0.5663786666666667,117.03762666666667,233260.70666666667,True
blues,1990,1994,1990_1994,71,0.5545492957746478,0.42291830985915496,4.704225352112676,0.6338028169014085,0.5460056338028169,119.22081690140845,242123.0985915493,True
blues,1991,1995,1991_1995,74,0.5628378378378378,0.4192568918918919,5.148648648648648,0.6621621621621622,0.5370756756756757,117.73914864864865,240741.52702702704,True
blues,1992,1996,1992_1996,77,0.5537792207792207,0.4102338961038961,5.207792207792208,0.6883116883116883,0.5382675324675325,117.17209090909091,241280.53246753247,True
blues,1993,1997,1993_1997,65,0.5521538461538462,0.4931663076923077,5.753846153846154,0.676923076923077,0.5500092307692307,118.33421538461539,258522.55384615384,True
blues,1994,1998,1994_1998,59,0.548135593220339,0.4916272881355932,5.711864406779661,0.6779661016949152,0.5377898305084746,116.98233898305084,272748.83050847455,True
blues,1995,1999,1995_1999,67,0.5518805970149253,0.47953746268656716,5.462686567164179,0.7164179104477612,0.5341731343283582,113.01213432835821,264824.19402985077,True
blues,1996,2000,1996_2000,66,0.5597727272727273,0.48641212121212124,5.318181818181818,0.6363636363636364,0.5322121212121211,113.33672727272727,264393.4696969697,True
blues,1997,2001,1997_2001,69,0.551536231884058,0.521640579710145,5.144927536231884,0.6666666666666666,0.5538695652173913,113.88221739130434,266490.05797101447,True
blues,1998,2002,1998_2002,95,0.5184842105263158,0.44357789473684206,4.578947368421052,0.7263157894736842,0.4858884210526316,110.47185263157894,238203.26315789475,True
blues,1999,2003,1999_2003,102,0.5157745098039216,0.4511441176470588,4.686274509803922,0.7352941176470589,0.4855627450980392,113.21625490196078,243609.431372549,True
blues,2000,2004,2000_2004,106,0.511811320754717,0.461827358490566,4.915094339622642,0.6886792452830188,0.48571132075471696,114.29828301886793,241883.3962264151,True
blues,2001,2005,2001_2005,111,0.5129459459459459,0.46846576576576576,4.81981981981982,0.7477477477477478,0.5040126126126127,113.99491891891891,241072.6126126126,True
blues,2002,2006,2002_2006,129,0.5234728682170543,0.4772302325581395,5.062015503875969,0.7054263565891473,0.5002480620155039,116.12671317829457,240158.92248062015,True
blues,2003,2007,2003_2007,114,0.5384649122807017,0.4890815789473684,5.412280701754386,0.7192982456140351,0.5282052631578947,122.79029824561404,238614.35087719298,True
blues,2004,2008,2004_2008,115,0.5423739130434783,0.495324347826087,5.504347826086956,0.6956521739130435,0.5228817391304348,122.00330434782607,234818.19130434783,True
blues,2005,2009,2005_2009,110,0.5476454545454545,0.48947545454545455,5.663636363636364,0.7,0.5244218181818182,123.99672727272727,239619.94545454546,True
blues,2006,2010,2006_2010,113,0.5465929203539823,0.5080380530973451,6.123893805309734,0.6902654867256637,0.5238991150442478,125.6555221238938,240643.1150442478,True
blues,2007,2011,2007_2011,119,0.5491512605042017,0.4973638655462185,5.689075630252101,0.680672268907563,0.5206050420168067,122.51235294117646,231496.32773109243,True
blues,2008,2012,2008_2012,117,0.5338376068376068,0.5464188034188034,5.589743589743589,0.6666666666666666,0.5074119658119658,118.46461538461539,242301.81196581197,True
blues,2009,2013,2009_2013,124,0.5326129032258065,0.5417661290322581,5.5,0.6290322580645161,0.5201935483870969,117.32279838709677,240030.41129032258,True
blues,2010,2014,2010_2014,134,0.5155298507462687,0.5666940298507462,5.2388059701492535,0.6194029850746269,0.5021119402985075,115.3706119402985,233861.33582089553,True
blues,2011,2015,2011_2015,148,0.5143243243243244,0.5504195945945947,4.885135135135135,0.6148648648648649,0.4819966216216216,112.16089189189191,237647.58783783784,True
blues,2012,2016,2012_2016,167,0.5097245508982036,0.5760658682634731,5.2155688622754495,0.6167664670658682,0.46294311377245506,114.23769461077845,247201.7365269461,True
blues,2013,2017,2013_2017,178,0.5169101123595506,0.5632955056179775,5.095505617977528,0.601123595505618,0.4482224719101124,114.64082584269663,243066.07303370786,True
blues,2014,2018,2014_2018,251,0.5286693227091633,0.5886717131474103,5.298804780876494,0.6175298804780877,0.4544573705179283,116.06469322709164,244837.2470119522,True
blues,2015,2019,2015_2019,276,0.5376014492753622,0.5949550724637682,5.340579710144928,0.6268115942028986,0.4489144927536232,114.88401811594204,242871.865942029,True
bossa nova,1960,1964,1960_1964,20,0.53695,0.4305,4.7,0.35,0.5545500000000001,115.0199,167336.15,True
bossa nova,1961,1965,1961_1965,31,0.5108709677419355,0.36968064516129034,5.258064516129032,0.3225806451612903,0.5300645161290322,119.04951612903226,160765.67741935485,True
bossa nova,1962,1966,1962_1966,36,0.50075,0.3565361111111111,5.166666666666667,0.3611111111111111,0.5093305555555555,118.8074722222222,166966.19444444444,True
bossa nova,1963,1967,1963_1967,47,0.49244680851063827,0.3467085106382979,5.1063829787234045,0.44680851063829785,0.5164872340425531,120.52510638297873,167266.78723404257,True
bossa nova,1964,1968,1964_1968,45,0.4838222222222222,0.3476511111111111,5.377777777777778,0.4666666666666667,0.5019088888888888,123.14842222222222,171432.42222222223,True
bossa nova,1965,1969,1965_1969,47,0.4948085106382979,0.35732553191489363,5.340425531914893,0.425531914893617,0.554231914893617,122.6128510638298,177300.8510638298,True
bossa nova,1966,1970,1966_1970,43,0.503,0.37630697674418606,5.162790697674419,0.5116279069767442,0.5864627906976744,122.91458139534885,189553.97674418605,True
bossa nova,1967,1971,1967_1971,50,0.51082,0.4139,5.28,0.5,0.61372,122.74266,188281.36,True
bossa nova,1968,1972,1968_1972,44,0.5230227272727274,0.4578181818181818,5.113636363636363,0.45454545454545453,0.5934545454545455,121.48206818181819,189882.75,True
bossa nova,1969,1973,1969_1973,46,0.508695652173913,0.42869565217391303,5.0,0.5434782608695652,0.5561108695652174,118.61376086956523,196490.13043478262,True
bossa nova,1970,1974,1970_1974,47,0.5148510638297873,0.4005531914893617,5.191489361702128,0.6382978723404256,0.5276617021276596,117.6072765957447,200439.78723404257,True
bossa nova,1971,1975,1971_1975,46,0.5319782608695652,0.4285217391304348,5.195652173913044,0.6739130434782609,0.5520239130434783,116.37808695652174,198221.8260869565,True
bossa nova,1972,1976,1972_1976,38,0.5341842105263158,0.4062368421052631,5.526315789473684,0.7105263157894737,0.5277921052631579,116.17794736842104,196616.23684210525,True
bossa nova,1973,1977,1973_1977,34,0.5342647058823529,0.3957647058823529,5.9411764705882355,0.7941176470588235,0.546414705882353,113.58614705882353,204530.35294117648,True
bossa nova,1974,1978,1974_1978,35,0.5649428571428571,0.4501057142857143,6.228571428571429,0.6571428571428571,0.6178285714285714,117.36454285714285,196418.85714285713,True
bossa nova,1975,1979,1975_1979,28,0.5701785714285714,0.497525,6.535714285714286,0.6071428571428571,0.6506071428571428,118.45160714285714,203849.10714285713,True
bossa nova,1976,1980,1976_1980,26,0.5675769230769231,0.4777961538461538,6.230769230769231,0.46153846153846156,0.6094230769230768,118.00153846153846,206342.61538461538,True
bossa nova,1977,1981,1977_1981,28,0.5800000000000001,0.5119303571428572,5.035714285714286,0.5,0.6603571428571428,119.15425,216073.35714285713,True
bossa nova,1978,1982,1978_1982,27,0.592962962962963,0.505261111111111,5.111111111111111,0.48148148148148145,0.6915925925925925,121.42414814814816,206674.55555555556,True
bossa nova,1979,1983,1979_1983,27,0.5835925925925926,0.5123092592592593,4.518518518518518,0.5555555555555556,0.6685925925925926,124.38862962962963,216409.40740740742,True
bossa nova,1980,1984,1980_1984,26,0.6148461538461538,0.5617057692307692,4.423076923076923,0.5384615384615384,0.7311153846153846,132.75096153846155,223395.96153846153,True
bossa nova,1981,1985,1981_1985,23,0.6210434782608696,0.5968413043478261,4.565217391304348,0.6086956521739131,0.7470434782608697,133.43260869565216,228173.95652173914,True
bossa nova,1982,1986,1982_1986,21,0.6224761904761905,0.5397880952380952,5.190476190476191,0.6190476190476191,0.6830952380952381,131.37338095238096,229728.95238095237,True
bossa nova,1983,1987,1983_1987,21,0.5947142857142858,0.5181214285714285,5.238095238095238,0.5714285714285714,0.6451904761904762,129.4372380952381,231432.47619047618,True
bossa nova,1986,1990,1986_1990,22,0.5749545454545455,0.34038863636363637,4.2727272727272725,0.6818181818181818,0.5609545454545454,117.25268181818183,225507.22727272726,True
bossa nova,1987,1991,1987_1991,22,0.6078181818181818,0.3938181818181818,4.090909090909091,0.7272727272727273,0.6061818181818182,115.57240909090909,231395.0909090909,True
bossa nova,1988,1992,1988_1992,21,0.6089047619047618,0.4051428571428571,3.9047619047619047,0.7619047619047619,0.5752714285714285,114.4409523809524,233620.85714285713,True
bossa nova,1989,1993,1989_1993,20,0.5993999999999999,0.41,3.75,0.7,0.545735,110.33135,239857.4,True
bossa nova,1990,1994,1990_1994,22,0.5830454545454545,0.42710454545454546,4.5,0.7272727272727273,0.5568954545454545,108.90445454545456,229211.0,True
bossa nova,1991,1995,1991_1995,20,0.5452,0.435815,5.0,0.8,0.491195,110.81745000000001,230778.05,True
bossa nova,1992,1996,1992_1996,20,0.52315,0.393265,5.05,0.65,0.43259499999999995,113.77435,218168.05,True
bossa nova,1993,1997,1993_1997,23,0.5412608695652174,0.36444347826086954,4.869565217391305,0.5652173913043478,0.4691391304347826,115.37304347826087,223619.86956521738,True
bossa nova,1994,1998,1994_1998,25,0.57564,0.406328,4.32,0.64,0.537048,116.38772,218214.56,True
bossa nova,1995,1999,1995_1999,25,0.59044,0.45059599999999994,4.48,0.56,0.520808,116.29816000000001,221081.56,True
bossa nova,1996,2000,1996_2000,32,0.59534375,0.449621875,5.34375,0.5625,0.5246875,114.4320625,215389.9375,True
bossa nova,1997,2001,1997_2001,31,0.5923548387096774,0.4372193548387097,5.387096774193548,0.5806451612903226,0.5250967741935484,113.69235483870968,223826.16129032258,True
bossa nova,1998,2002,1998_2002,36,0.6031666666666666,0.4588027777777778,5.444444444444445,0.5,0.4979361111111111,116.28361111111111,222574.69444444444,True
bossa nova,1999,2003,1999_2003,40,0.584975,0.4416225,5.525,0.425,0.46679250000000005,114.85805,227284.2,True
bossa nova,2000,2004,2000_2004,48,0.6058125,0.42253958333333336,5.1875,0.4791666666666667,0.49474375,114.22822916666667,225384.41666666666,True
bossa nova,2001,2005,2001_2005,53,0.6196037735849056,0.3965377358490566,5.3584905660377355,0.4716981132075472,0.4791264150943396,115.2153962264151,232485.28301886792,True
bossa nova,2002,2006,2002_2006,74,0.6271486486486486,0.40387432432432435,5.3108108108108105,0.5135135135135135,0.47494459459459454,116.89197297297297,223109.56756756757,True
bossa nova,2003,2007,2003_2007,80,0.6234,0.38832875,5.35,0.575,0.47757750000000004,115.5373875,216958.7625,True
bossa nova,2004,2008,2004_2008,84,0.6101547619047619,0.3866226190476191,5.619047619047619,0.5833333333333334,0.4775380952380952,116.06340476190475,210094.54761904763,True
bossa nova,2005,2009,2005_2009,81,0.5804074074074074,0.37039876543209876,5.938271604938271,0.5925925925925926,0.43589876543209877,113.98997530864197,209164.71604938273,True
bossa nova,2006,2010,2006_2010,72,0.5649722222222222,0.39270416666666663,5.694444444444445,0.625,0.445125,113.28734722222222,209482.69444444444,True
bossa nova,2007,2011,2007_2011,61,0.5378524590163934,0.3930147540983607,5.934426229508197,0.6229508196721312,0.45152131147540986,110.15577049180328,208475.40983606558,True
bossa nova,2008,2012,2008_2012,49,0.5206326530612245,0.4083122448979592,6.244897959183674,0.5714285714285714,0.45171020408163265,109.69028571428571,211802.22448979592,True
bossa nova,2009,2013,2009_2013,56,0.5521607142857142,0.37574821428571425,6.125,0.5714285714285714,0.4802464285714286,109.32528571428573,207368.89285714287,True
bossa nova,2010,2014,2010_2014,72,0.5692222222222223,0.3666925,5.694444444444445,0.5833333333333334,0.5021138888888889,112.87926388888889,200821.125,True
bossa nova,2011,2015,2011_2015,82,0.5612073170731707,0.35298365853658537,5.512195121951219,0.573170731707317,0.5024243902439024,112.85129268292684,185143.0,True
bossa nova,2012,2016,2012_2016,97,0.5764536082474226,0.3731686597938144,5.536082474226804,0.6391752577319587,0.5078525773195876,116.78661855670103,184068.28865979382,True
bossa nova,2013,2017,2013_2017,103,0.5720291262135923,0.3773335922330097,5.514563106796117,0.6699029126213593,0.5116184466019418,116.81933009708737,187907.96116504853,True
bossa nova,2014,2018,2014_2018,101,0.571059405940594,0.38100950495049507,5.306930693069307,0.693069306930693,0.49835346534653463,117.36884158415842,192200.81188118813,True
bossa nova,2015,2019,2015_2019,80,0.585275,0.40166250000000003,5.3875,0.7125,0.50804625,119.2635875,192204.0625,True
brazilian rock,1982,1986,1982_1986,23,0.5699130434782609,0.6489565217391304,6.782608695652174,0.6521739130434783,0.6360869565217391,125.79704347826086,213079.26086956522,True
brazilian rock,1983,1987,1983_1987,31,0.5680967741935484,0.6478709677419354,6.290322580645161,0.6451612903225806,0.6376451612903226,126.79893548387096,225154.25806451612,True
brazilian rock,1984,1988,1984_1988,32,0.57521875,0.6538437500000001,6.53125,0.65625,0.64878125,129.21053125,221241.59375,True
brazilian rock,1985,1989,1985_1989,34,0.5395294117647059,0.6301764705882353,5.911764705882353,0.6764705882352942,0.6215294117647059,130.2165,223529.73529411765,True
brazilian rock,1986,1990,1986_1990,35,0.5573142857142858,0.6025714285714285,5.4,0.7428571428571429,0.5947142857142858,125.80125714285714,233471.51428571428,True
brazilian rock,1987,1991,1987_1991,34,0.536735294117647,0.6296176470588235,5.264705882352941,0.7647058823529411,0.592735294117647,126.93117647058823,230841.0588235294,True
brazilian rock,1988,1992,1988_1992,28,0.5251071428571429,0.6217857142857143,5.571428571428571,0.8214285714285714,0.5697857142857143,124.93146428571428,226745.60714285713,True
brazilian rock,1989,1993,1989_1993,28,0.5244642857142857,0.5884285714285714,5.142857142857143,0.7857142857142857,0.5730000000000001,121.01350000000001,226085.64285714287,True
brazilian rock,1990,1994,1990_1994,22,0.5398181818181818,0.6068636363636364,5.181818181818182,0.7727272727272727,0.5807727272727273,122.60081818181817,226890.27272727274,True
brazilian rock,1991,1995,1991_1995,25,0.5348,0.638328,4.68,0.8,0.62832,116.38252,204805.92,True
brazilian rock,1992,1996,1992_1996,25,0.57096,0.6649679999999999,5.0,0.76,0.6601600000000001,113.55596,212211.8,True
brazilian rock,1993,1997,1993_1997,40,0.5630499999999999,0.676955,4.875,0.825,0.6481825,120.58165,225259.725,True
brazilian rock,1994,1998,1994_1998,45,0.5615333333333333,0.70336,5.177777777777778,0.8666666666666667,0.6381177777777778,119.55846666666667,223771.0,True
brazilian rock,1995,1999,1995_1999,51,0.5583725490196079,0.7311803921568627,5.215686274509804,0.8627450980392157,0.6341039215686275,118.59941176470588,222899.35294117648,True
brazilian rock,1996,2000,1996_2000,48,0.5561041666666667,0.7375625,5.354166666666667,0.8958333333333334,0.6257145833333334,121.11424999999998,227511.8125,True
brazilian rock,1997,2001,1997_2001,47,0.5409148936170213,0.7310851063829786,5.702127659574468,0.8723404255319149,0.5796021276595744,121.74682978723403,219567.78723404257,True
brazilian rock,1998,2002,1998_2002,35,0.5256000000000001,0.7576571428571429,6.314285714285714,0.8285714285714286,0.5483714285714286,113.32477142857144,206879.4,True
brazilian rock,1999,2003,1999_2003,36,0.5195555555555555,0.7711666666666667,5.944444444444445,0.75,0.5144444444444445,116.3748611111111,218551.27777777778,True
brazilian rock,2000,2004,2000_2004,40,0.510475,0.7451,5.475,0.8,0.524375,117.75505000000001,223495.15,True
brazilian rock,2001,2005,2001_2005,49,0.500673469387755,0.7605510204081634,5.918367346938775,0.673469387755102,0.5262857142857142,121.72777551020408,228935.48979591837,True
brazilian rock,2002,2006,2002_2006,53,0.4929811320754717,0.7613207547169811,5.132075471698113,0.6981132075471698,0.5383037735849057,124.73009433962264,230628.9245283019,True
brazilian rock,2003,2007,2003_2007,58,0.507155172413793,0.742948275862069,5.068965517241379,0.6724137931034483,0.5160879310344828,127.50187931034483,231472.0172413793,True
brazilian rock,2004,2008,2004_2008,58,0.4842413793103448,0.7464999999999999,4.913793103448276,0.6724137931034483,0.4891568965517241,125.88358620689654,233354.1724137931,True
brazilian rock,2005,2009,2005_2009,60,0.49085,0.75035,5.883333333333334,0.6166666666666667,0.4863183333333333,129.41781666666665,231409.26666666666,True
brazilian rock,2006,2010,2006_2010,53,0.4934905660377359,0.7441132075471698,5.811320754716981,0.6226415094339622,0.46341698113207547,131.24516981132075,230818.79245283018,True
brazilian rock,2007,2011,2007_2011,59,0.4958135593220339,0.7466779661016949,6.305084745762712,0.6271186440677966,0.5075593220338983,128.6140847457627,228810.50847457626,True
brazilian rock,2008,2012,2008_2012,71,0.48190140845070417,0.776605633802817,5.985915492957746,0.647887323943662,0.549887323943662,130.63318309859156,218913.70422535212,True
brazilian rock,2009,2013,2009_2013,78,0.5167692307692308,0.7527564102564103,5.8076923076923075,0.6410256410256411,0.5932051282051283,128.97333333333333,220012.42307692306,True
brazilian rock,2010,2014,2010_2014,82,0.5153780487804879,0.7620487804878049,5.402439024390244,0.6829268292682927,0.6035853658536585,127.76065853658537,221384.51219512196,True
brazilian rock,2011,2015,2011_2015,93,0.5248387096774194,0.7536989247311827,5.376344086021505,0.6989247311827957,0.610741935483871,123.99744086021506,220377.44086021505,True
brazilian rock,2012,2016,2012_2016,86,0.5254418604651163,0.7524883720930232,5.325581395348837,0.686046511627907,0.5894883720930232,123.68416279069767,223775.2906976744,True
brazilian rock,2013,2017,2013_2017,76,0.539671052631579,0.7436973684210526,5.144736842105263,0.6842105263157895,0.6000657894736842,122.79907894736841,229342.80263157896,True
brazilian rock,2014,2018,2014_2018,66,0.5219393939393939,0.7578484848484849,5.318181818181818,0.696969696969697,0.5882272727272727,125.57018181818181,223898.19696969696,True
brazilian rock,2015,2019,2015_2019,49,0.5224489795918368,0.7432857142857143,5.122448979591836,0.6530612244897959,0.5708775510204082,123.91948979591837,220856.0612244898,True
classic rock,1955,1959,1955_1959,26,0.6062307692307692,0.6387307692307692,4.538461538461538,0.9230769230769231,0.8718461538461538,121.52561538461539,140933.23076923078,True
classic rock,1956,1960,1956_1960,28,0.5951071428571428,0.6379642857142857,4.714285714285714,0.9285714285714286,0.8686785714285714,122.30582142857143,143915.60714285713,True
classic rock,1957,1961,1957_1961,26,0.5973076923076923,0.5835384615384616,4.8076923076923075,0.8846153846153846,0.8313461538461537,120.90842307692309,147632.76923076922,True
classic rock,1958,1962,1958_1962,32,0.59121875,0.56934375,5.34375,0.9375,0.8046875,121.96065625,146903.71875,True
classic rock,1959,1963,1959_1963,48,0.5467083333333334,0.5697166666666666,4.354166666666667,0.9166666666666666,0.7799999999999999,120.99383333333333,154403.375,True
classic rock,1960,1964,1960_1964,83,0.537433734939759,0.6124265060240964,4.843373493975903,0.8554216867469879,0.7545421686746988,124.61572289156626,159786.55421686746,True
classic rock,1961,1965,1961_1965,188,0.5323351063829787,0.6349382978723404,4.723404255319149,0.824468085106383,0.7155989361702128,123.34665957446808,167160.63829787233,True
classic rock,1962,1966,1962_1966,272,0.5217058823529411,0.612589705882353,4.790441176470588,0.8014705882352942,0.6934066176470588,122.80587867647058,170554.1580882353,True
classic rock,1963,1967,1963_1967,358,0.5180698324022346,0.5958307262569832,4.709497206703911,0.8044692737430168,0.6685793296089386,122.18950837988827,174719.7374301676,True
classic rock,1964,1968,1964_1968,448,0.5215647321428571,0.5854189732142857,4.805803571428571,0.8080357142857143,0.6492040178571428,121.07210044642856,181847.27455357142,True
classic rock,1965,1969,1965_1969,491,0.5216496945010183,0.5715535641547861,4.861507128309572,0.8024439918533605,0.6348949083503055,119.64272301425662,192286.41547861506,True
classic rock,1966,1970,1966_1970,535,0.5213626168224299,0.5504302803738318,4.85233644859813,0.822429906542056,0.6120657943925234,119.22918691588785,207187.83925233645,True
classic rock,1967,1971,1967_1971,521,0.5203416506717851,0.5496760076775431,4.838771593090211,0.8445297504798465,0.5967854126679463,119.03729174664109,218854.56238003838,True
classic rock,1968,1972,1968_1972,508,0.5233444881889764,0.5538675196850394,4.803149606299213,0.8582677165354331,0.6033893700787402,118.74969881889764,225278.24803149607,True
classic rock,1969,1973,1969_1973,506,0.5193656126482213,0.565399209486166,4.735177865612648,0.8458498023715415,0.5999936758893281,120.80950988142293,236167.1442687747,True
classic rock,1970,1974,1970_1974,474,0.5160126582278481,0.5691113924050633,4.649789029535865,0.8523206751054853,0.5986367088607595,121.97659282700421,238792.10970464136,True
classic rock,1971,1975,1971_1975,397,0.5141158690176323,0.5716206549118388,4.833753148614609,0.8337531486146096,0.5985375314861461,123.33480352644837,246285.35264483627,True
classic rock,1972,1976,1972_1976,381,0.5283753280839896,0.5859196850393701,4.8713910761154855,0.8083989501312336,0.6175968503937007,123.25105511811024,246932.23884514437,True
classic rock,1973,1977,1973_1977,364,0.5345961538461538,0.5866752747252747,5.079670329670329,0.782967032967033,0.6059607142857143,123.61229120879122,252332.56593406593,True
classic rock,1974,1978,1974_1978,308,0.5558993506493507,0.5953597402597403,5.165584415584416,0.7792207792207793,0.622262012987013,122.17026623376624,254949.91883116882,True
classic rock,1975,1979,1975_1979,291,0.5709862542955327,0.6015563573883161,5.189003436426117,0.7560137457044673,0.6336072164948454,121.9023436426117,253100.17525773196,True
classic rock,1976,1980,1976_1980,265,0.5933849056603773,0.6267467924528302,5.150943396226415,0.7509433962264151,0.6522969811320755,120.16504150943396,251964.95094339622,True
classic rock,1977,1981,1977_1981,239,0.5906276150627615,0.6291627615062761,5.02928870292887,0.7531380753138075,0.6524966527196653,120.64938912133891,250098.92050209205,True
classic rock,1978,1982,1978_1982,214,0.6000607476635514,0.6432056074766355,4.873831775700935,0.7336448598130841,0.6676827102803737,120.67688785046728,257052.738317757,True
classic rock,1979,1983,1979_1983,182,0.5971923076923077,0.6461263736263736,4.862637362637362,0.7362637362637363,0.6595335164835164,120.885010989011,256283.8076923077,True
classic rock,1980,1984,1980_1984,182,0.5873186813186813,0.6605681318681319,5.175824175824176,0.7747252747252747,0.646121978021978,120.55590659340659,258414.46703296702,True
classic rock,1981,1985,1981_1985,175,0.57232,0.6607051428571429,4.977142857142857,0.7428571428571429,0.633304,121.91967428571428,260222.58857142858,True
classic rock,1982,1986,1982_1986,172,0.5804127906976745,0.6548337209302325,5.127906976744186,0.7441860465116279,0.6210883720930233,121.6589476744186,262069.58139534883,True
classic rock,1983,1987,1983_1987,172,0.5716046511627907,0.6558860465116279,5.1104651162790695,0.7674418604651163,0.6025377906976744,121.99933139534883,255172.61046511628,True
classic rock,1984,1988,1984_1988,179,0.5696983240223463,0.6543262569832402,5.083798882681564,0.7877094972067039,0.6071368715083798,122.90651396648045,253887.82681564245,True
classic rock,1985,1989,1985_1989,175,0.56948,0.6511600000000001,4.937142857142857,0.7657142857142857,0.6081737142857143,121.3214857142857,254952.97714285715,True
classic rock,1986,1990,1986_1990,147,0.5693809523809523,0.6504149659863946,5.006802721088436,0.8095238095238095,0.6050299319727892,121.50636734693879,252187.24489795917,True
classic rock,1987,1991,1987_1991,143,0.5574895104895106,0.644986013986014,4.986013986013986,0.7902097902097902,0.5940839160839161,120.8911958041958,255052.62237762238,True
classic rock,1988,1992,1988_1992,108,0.5460462962962963,0.6563703703703704,5.046296296296297,0.7777777777777778,0.6075333333333334,120.53075925925926,262345.3425925926,True
classic rock,1989,1993,1989_1993,87,0.532448275862069,0.6321264367816092,5.471264367816092,0.7241379310344828,0.5764206896551725,118.37624137931034,270762.5747126437,True
classic rock,1990,1994,1990_1994,63,0.5224603174603174,0.6227777777777778,5.158730158730159,0.7777777777777778,0.549215873015873,120.67042857142857,275637.2380952381,True
classic rock,1991,1995,1991_1995,66,0.5139545454545454,0.5818636363636364,5.0,0.7575757575757576,0.5086045454545455,115.7360909090909,268384.2121212121,True
classic rock,1992,1996,1992_1996,51,0.5081764705882353,0.5773333333333334,5.313725490196078,0.8235294117647058,0.48828039215686275,119.84643137254902,270834.98039215687,True
classic rock,1993,1997,1993_1997,65,0.5344,0.5873538461538461,5.153846153846154,0.7846153846153846,0.51222,118.45058461538461,267196.1076923077,True
classic rock,1994,1998,1994_1998,67,0.5317761194029851,0.6073134328358208,4.850746268656716,0.8208955223880597,0.5294373134328357,118.7605223880597,256658.91044776118,True
classic rock,1995,1999,1995_1999,67,0.5320895522388059,0.5914626865671642,5.268656716417911,0.8059701492537313,0.5053626865671641,117.57997014925374,253672.26865671642,True
classic rock,1996,2000,1996_2000,69,0.5367246376811594,0.6472463768115942,5.492753623188406,0.7536231884057971,0.5730434782608695,120.18071014492755,245536.08695652173,True
classic rock,1997,2001,1997_2001,71,0.5438450704225352,0.6563802816901408,5.408450704225352,0.7183098591549296,0.5897887323943662,118.7454366197183,232779.74647887325,True
classic rock,1998,2002,1998_2002,81,0.5378518518518519,0.6608395061728395,5.320987654320987,0.7037037037037037,0.5949333333333333,117.54807407407408,210537.28395061727,True
classic rock,1999,2003,1999_2003,90,0.5308444444444445,0.6608888888888889,5.544444444444444,0.6666666666666666,0.5690822222222222,120.09257777777778,213651.35555555555,True
classic rock,2000,2004,2000_2004,100,0.51369,0.65282,5.31,0.68,0.547941,121.88168999999999,218617.69,True
classic rock,2001,2005,2001_2005,100,0.51998,0.63566,5.22,0.72,0.524941,121.17613999999999,221015.44,True
classic rock,2002,2006,2002_2006,101,0.5131188118811881,0.6365742574257426,5.376237623762377,0.7623762376237624,0.5186346534653465,120.84993069306931,220492.32673267327,True
classic rock,2003,2007,2003_2007,92,0.5165434782608695,0.6324673913043478,5.586956521739131,0.7717391304347826,0.514266304347826,123.9848043478261,231894.40217391305,True
classic rock,2004,2008,2004_2008,82,0.5328780487804878,0.624890243902439,5.341463414634147,0.8048780487804879,0.5295573170731707,119.71230487804877,235415.89024390245,True
classic rock,2005,2009,2005_2009,83,0.5389518072289157,0.6349036144578314,5.349397590361446,0.7951807228915663,0.5620481927710843,120.51018072289156,231569.0361445783,True
classic rock,2006,2010,2006_2010,81,0.543283950617284,0.6410617283950617,5.197530864197531,0.7901234567901234,0.5474827160493827,119.0862962962963,234556.98765432098,True
classic rock,2007,2011,2007_2011,76,0.5465,0.6326315789473684,4.618421052631579,0.7631578947368421,0.5313697368421053,118.84415789473682,240222.48684210525,True
classic rock,2008,2012,2008_2012,66,0.5292575757575757,0.6439848484848485,4.575757575757576,0.8181818181818182,0.5092439393939394,120.5696515151515,234980.4393939394,True
classic rock,2009,2013,2009_2013,63,0.5153809523809524,0.6286507936507936,4.666666666666667,0.8095238095238095,0.4935888888888889,120.95495238095239,236613.38095238095,True
classic rock,2010,2014,2010_2014,68,0.5383823529411764,0.6078205882352942,4.544117647058823,0.8088235294117647,0.512385294117647,118.24783823529413,239073.51470588235,True
classic rock,2011,2015,2011_2015,65,0.521876923076923,0.5836738461538462,5.076923076923077,0.8461538461538461,0.5294323076923076,121.30810769230769,230984.53846153847,True
classic rock,2012,2016,2012_2016,73,0.5116027397260274,0.5629698630136987,5.3561643835616435,0.863013698630137,0.5227958904109589,121.48897260273972,225340.698630137,True
classic rock,2013,2017,2013_2017,79,0.5296708860759494,0.5689215189873418,5.3164556962025316,0.8481012658227848,0.5535329113924051,120.43788607594938,230583.84810126582,True
classic rock,2014,2018,2014_2018,108,0.5378055555555555,0.5647203703703704,5.25,0.8240740740740741,0.5507342592592592,121.508,218899.66666666666,True
classic rock,2015,2019,2015_2019,118,0.49059322033898306,0.6042627118644067,5.127118644067797,0.864406779661017,0.5470525423728814,119.77061016949153,205597.91525423728,True
country,1955,1959,1955_1959,23,0.6768695652173913,0.4097391304347826,4.173913043478261,0.9565217391304348,0.6880434782608695,118.64239130434783,158737.4347826087,True
country,1956,1960,1956_1960,30,0.6616,0.39326666666666665,4.966666666666667,0.9666666666666667,0.6729666666666667,114.6465,156178.7,True
country,1957,1961,1957_1961,36,0.6218611111111111,0.35256666666666664,5.722222222222222,0.9444444444444444,0.6299722222222223,115.07055555555556,157964.44444444444,True
country,1958,1962,1958_1962,38,0.5835789473684211,0.3258236842105263,5.7105263157894735,0.9473684210526315,0.611421052631579,119.2807105263158,159825.63157894736,True
country,1959,1963,1959_1963,37,0.5723243243243242,0.3215756756756757,5.891891891891892,0.9459459459459459,0.5987027027027028,119.60483783783783,162114.94594594595,True
country,1960,1964,1960_1964,25,0.52464,0.265852,6.76,0.96,0.57076,117.04172,157160.52,True
country,1961,1965,1961_1965,20,0.51615,0.24721500000000002,5.8,0.95,0.55505,120.84380000000002,160670.65,True
country,1964,1968,1964_1968,24,0.5524583333333334,0.40970833333333334,4.333333333333333,1.0,0.643625,113.27066666666667,174205.16666666666,True
country,1965,1969,1965_1969,32,0.5435625,0.389578125,4.59375,1.0,0.61528125,111.19825,180993.03125,True
country,1966,1970,1966_1970,43,0.5389767441860465,0.3911279069767442,5.325581395348837,0.9767441860465116,0.6035348837209302,108.31118604651164,190026.46511627908,True
country,1967,1971,1967_1971,52,0.5376153846153846,0.39293269230769234,5.269230769230769,0.9807692307692307,0.6077692307692307,112.49625,192653.1923076923,True
country,1968,1972,1968_1972,65,0.552876923076923,0.3915,5.538461538461538,0.9538461538461539,0.6103076923076923,110.69764615384615,195581.84615384616,True
country,1969,1973,1969_1973,61,0.5581475409836065,0.38451639344262295,5.770491803278689,0.9344262295081968,0.6045573770491803,109.29224590163935,198120.03278688525,True
country,1970,1974,1970_1974,67,0.5534776119402984,0.3962089552238806,5.686567164179104,0.9104477611940298,0.6055373134328358,110.58201492537313,198923.98507462686,True
country,1971,1975,1971_1975,65,0.5583538461538461,0.4030369230769231,5.1692307692307695,0.9076923076923077,0.5998461538461539,114.87264615384615,193484.92307692306,True
country,1972,1976,1972_1976,61,0.5755737704918032,0.42861311475409836,4.983606557377049,0.9016393442622951,0.6277704918032786,113.04816393442623,196682.83606557376,True
country,1973,1977,1973_1977,52,0.5798461538461539,0.4652576923076923,4.653846153846154,0.8846153846153846,0.6422692307692308,113.63898076923077,193127.11538461538,True
country,1974,1978,1974_1978,51,0.5897843137254902,0.46251764705882353,3.9411764705882355,0.9019607843137255,0.6366274509803921,113.5266862745098,190936.23529411765,True
country,1975,1979,1975_1979,41,0.6224878048780488,0.4867170731707317,3.5609756097560976,0.9024390243902439,0.6404951219512195,114.87673170731708,189330.1463414634,True
country,1976,1980,1976_1980,32,0.63990625,0.5194375,3.75,0.90625,0.694509375,113.86449999999999,191523.8125,True
country,1977,1981,1977_1981,27,0.6237407407407408,0.5064074074074074,3.5185185185185186,0.8518518518518519,0.6533074074074073,119.0231111111111,185981.25925925927,True
country,1978,1982,1978_1982,21,0.602952380952381,0.4423333333333333,3.3333333333333335,0.9047619047619048,0.5746333333333333,119.58061904761904,194528.95238095237,True
country,1985,1989,1985_1989,20,0.54685,0.47865,6.45,0.95,0.5595,122.60409999999999,205214.0,True
country,1986,1990,1986_1990,24,0.5653333333333334,0.4996666666666667,6.125,0.9583333333333334,0.5779583333333334,124.108875,211783.33333333334,True
country,1987,1991,1987_1991,37,0.5873243243243242,0.46932432432432436,6.45945945945946,0.918918918918919,0.5767027027027027,116.49245945945945,208186.7837837838,True
country,1988,1992,1988_1992,37,0.586945945945946,0.5087027027027027,6.0,0.918918918918919,0.5977297297297297,121.27332432432434,206160.43243243243,True
country,1989,1993,1989_1993,46,0.5948695652173913,0.5043695652173913,5.760869565217392,0.9347826086956522,0.589891304347826,122.9505,211242.10869565216,True
country,1990,1994,1990_1994,50,0.5964200000000001,0.47044199999999997,5.68,0.92,0.59582,120.77986000000001,208543.28,True
country,1991,1995,1991_1995,69,0.5909710144927537,0.4912086956521739,5.840579710144928,0.8985507246376812,0.5601014492753623,120.58582608695653,210566.69565217392,True
country,1992,1996,1992_1996,80,0.5837875,0.5070675,5.7,0.8875,0.5740999999999999,123.1076125,204057.55,True
country,1993,1997,1993_1997,105,0.5848,0.5158228571428571,5.580952380952381,0.9047619047619048,0.5653904761904762,121.49038095238095,207223.54285714286,True
country,1994,1998,1994_1998,114,0.5896140350877193,0.5364421052631579,5.614035087719298,0.9035087719298246,0.5609035087719298,121.06934210526316,208217.07894736843,True
country,1995,1999,1995_1999,120,0.588925,0.5634066666666667,5.441666666666666,0.9166666666666666,0.5517833333333333,122.79136666666666,210801.675,True
country,1996,2000,1996_2000,122,0.5779098360655738,0.5388483606557377,5.360655737704918,0.9180327868852459,0.5394016393442623,121.1035737704918,210211.94262295082,True
country,1997,2001,1997_2001,114,0.5750263157894736,0.5318008771929825,5.298245614035087,0.9210526315789473,0.5048245614035087,119.82027192982457,222067.06140350876,True
country,1998,2002,1998_2002,136,0.5703014705882352,0.5336242647058824,5.242647058823529,0.8823529411764706,0.4985588235294118,116.19497794117648,224996.7205882353,True
country,1999,2003,1999_2003,129,0.5586046511627907,0.5283403100775194,5.372093023255814,0.8837209302325582,0.5022635658914729,116.6456976744186,225987.37209302327,True
country,2000,2004,2000_2004,133,0.5590300751879699,0.5119654135338345,5.481203007518797,0.8646616541353384,0.506172932330827,115.17814285714284,225884.46616541353,True
country,2001,2005,2001_2005,147,0.5607619047619048,0.5681455782312925,5.374149659863946,0.8707482993197279,0.5008707482993198,117.34297278911565,227100.14285714287,True
country,2002,2006,2002_2006,180,0.5559166666666666,0.5855088888888889,5.1,0.8888888888888888,0.5000833333333333,119.31431111111111,225075.68333333332,True
country,2003,2007,2003_2007,174,0.539787356321839,0.5731545977011494,5.5,0.896551724137931,0.4871264367816092,122.76140229885058,224000.58620689655,True
country,2004,2008,2004_2008,208,0.5482644230769231,0.5775158653846154,5.375,0.9086538461538461,0.47434134615384616,122.10264903846154,228122.70673076922,True
country,2005,2009,2005_2009,234,0.5432692307692307,0.6036850427350428,5.384615384615385,0.9145299145299145,0.46653846153846157,124.09976068376069,227667.88034188034,True
country,2006,2010,2006_2010,269,0.5485836431226765,0.5942204460966543,5.438661710037175,0.9219330855018587,0.46596654275092936,125.12489591078068,230057.10037174722,True
country,2007,2011,2007_2011,275,0.5502254545454546,0.6056810909090908,5.407272727272727,0.9127272727272727,0.4750436363636364,126.62237818181819,229557.43272727274,True
country,2008,2012,2008_2012,299,0.5549832775919732,0.641656856187291,5.214046822742475,0.919732441471572,0.48366555183946486,127.5455585284281,228882.76254180603,True
country,2009,2013,2009_2013,325,0.5518676923076923,0.6580732307692307,5.495384615384616,0.9046153846153846,0.4996276923076923,129.5760553846154,222677.71076923076,True
country,2010,2014,2010_2014,363,0.5605730027548209,0.6520914600550964,5.520661157024794,0.8953168044077136,0.5096225895316804,128.68869421487602,217919.81818181818,True
country,2011,2015,2011_2015,352,0.5536448863636364,0.6656321022727273,5.5085227272727275,0.8806818181818182,0.5175056818181818,128.03078125,215215.9971590909,True
country,2012,2016,2012_2016,367,0.5554768392370572,0.6638923705722071,5.678474114441417,0.8719346049046321,0.5175397820163489,126.60504632152588,213677.689373297,True
country,2013,2017,2013_2017,394,0.5598908629441625,0.6422969543147208,5.723350253807107,0.8553299492385786,0.5126256345177665,123.55081218274111,211137.23096446702,True
country,2014,2018,2014_2018,461,0.5621409978308026,0.6323800433839479,5.5813449023861175,0.824295010845987,0.49082776572668113,119.77959652928416,212045.73535791758,True
country,2015,2019,2015_2019,435,0.5613885057471265,0.6307763218390805,5.487356321839081,0.8022988505747126,0.4876611494252873,117.44500229885058,212908.25057471264,True
death metal,1983,1987,1983_1987,20,0.23420000000000002,0.94105,6.95,0.8,0.16560999999999998,111.2397,221286.0,True
death metal,1984,1988,1984_1988,21,0.23847619047619048,0.9362857142857143,6.9523809523809526,0.8095238095238095,0.16624761904761906,110.52266666666667,212699.04761904763,True
death metal,1985,1989,1985_1989,40,0.2259875,0.965825,5.375,0.725,0.12206999999999998,111.72925000000001,201444.075,True
death metal,1986,1990,1986_1990,68,0.24374264705882354,0.9514117647058823,6.073529411764706,0.7058823529411765,0.1531,117.02822058823529,211869.82352941178,True
death metal,1987,1991,1987_1991,120,0.25889083333333335,0.901725,5.508333333333334,0.725,0.22432166666666667,114.91770833333334,218599.60833333334,True
death metal,1988,1992,1988_1992,134,0.2558865671641791,0.8926940298507462,5.5,0.6940298507462687,0.23534850746268657,118.75132835820895,227188.26119402985,True
death metal,1989,1993,1989_1993,156,0.26308846153846155,0.8956730769230768,5.4743589743589745,0.6987179487179487,0.24052756410256412,119.1638782051282,226478.04487179487,True
death metal,1990,1994,1990_1994,167,0.2613910179640718,0.8863413173652694,5.437125748502994,0.7065868263473054,0.2523011976047904,118.08912574850301,233834.32934131735,True
death metal,1991,1995,1991_1995,171,0.27191403508771933,0.8816666666666666,5.222222222222222,0.6842105263157895,0.275440350877193,117.02363742690059,239715.80116959065,True
death metal,1992,1996,1992_1996,142,0.2602950704225352,0.9073098591549296,5.338028169014085,0.647887323943662,0.2617401408450704,122.5029295774648,244338.38732394367,True
death metal,1993,1997,1993_1997,130,0.26925076923076924,0.918553846153846,5.084615384615384,0.6384615384615384,0.2614307692307692,122.65783076923077,244228.93076923076,True
death metal,1994,1998,1994_1998,147,0.26144625850340136,0.9168979591836734,5.36734693877551,0.5986394557823129,0.23394149659863947,122.38761224489795,251684.0,True
death metal,1995,1999,1995_1999,131,0.2816,0.9285801526717558,5.572519083969466,0.5954198473282443,0.24332213740458014,127.4046183206107,251047.64122137404,True
death metal,1996,2000,1996_2000,123,0.2803626016260163,0.9205081300813008,5.203252032520325,0.6016260162601627,0.22369349593495935,127.18645528455284,246537.37398373985,True
death metal,1997,2001,1997_2001,111,0.2990774774774775,0.9161306306306306,5.1891891891891895,0.5945945945945946,0.2080981981981982,122.71457657657658,254480.75675675675,True
death metal,1998,2002,1998_2002,144,0.3249097222222222,0.9136701388888889,5.513888888888889,0.5486111111111112,0.20702638888888888,120.83330555555555,252585.11111111112,True
death metal,1999,2003,1999_2003,157,0.3233687898089172,0.9223980891719744,5.210191082802548,0.5987261146496815,0.20418726114649682,119.85190445859872,240443.91719745222,True
death metal,2000,2004,2000_2004,181,0.3357121546961326,0.9206160220994475,5.4088397790055245,0.580110497237569,0.2126878453038674,117.84196685082873,243891.773480663,True
death metal,2001,2005,2001_2005,202,0.33182920792079207,0.9269950495049504,5.638613861386139,0.594059405940594,0.2146138613861386,119.59006930693069,247823.1485148515,True
death metal,2002,2006,2002_2006,242,0.33027479338842974,0.9355702479338842,5.578512396694215,0.6322314049586777,0.21853264462809918,121.9218181818182,243439.53305785125,True
death metal,2003,2007,2003_2007,229,0.3240441048034935,0.9407161572052402,5.366812227074236,0.6724890829694323,0.22000742358078604,121.41836244541484,238187.15720524016,True
death metal,2004,2008,2004_2008,212,0.34600566037735847,0.939688679245283,5.306603773584905,0.6698113207547169,0.23602688679245284,123.55622641509434,244290.9150943396,True
death metal,2005,2009,2005_2009,228,0.3373254385964912,0.9401885964912281,5.052631578947368,0.6447368421052632,0.23494736842105263,121.44315350877193,247880.5,True
death metal,2006,2010,2006_2010,199,0.34351557788944725,0.9450502512562814,4.874371859296482,0.6381909547738693,0.2286778894472362,121.2518743718593,244958.2663316583,True
death metal,2007,2011,2007_2011,173,0.3538127167630058,0.938942196531792,4.6473988439306355,0.6127167630057804,0.23696531791907513,120.75030635838151,250363.4450867052,True
death metal,2008,2012,2008_2012,188,0.35763297872340427,0.9432659574468085,4.654255319148936,0.6117021276595744,0.230481914893617,121.29436170212766,260334.6010638298,True
death metal,2009,2013,2009_2013,207,0.3455458937198068,0.9379275362318841,5.159420289855072,0.5990338164251208,0.22803719806763284,121.95824637681159,268446.63285024156,True
death metal,2010,2014,2010_2014,201,0.3377955223880597,0.9380990049751243,5.417910447761194,0.6069651741293532,0.2084557213930348,125.98480597014925,268431.75621890544,True
death metal,2011,2015,2011_2015,219,0.34154292237442924,0.9393191780821918,5.570776255707763,0.6118721461187214,0.20909817351598173,125.21557534246575,266070.0913242009,True
death metal,2012,2016,2012_2016,234,0.33847820512820515,0.9365209401709401,5.713675213675214,0.6068376068376068,0.1962965811965812,124.17783760683761,272953.6196581197,True
death metal,2013,2017,2013_2017,295,0.33323694915254237,0.9400844067796611,5.711864406779661,0.6474576271186441,0.19941762711864408,125.25312881355933,265647.9254237288,True
death metal,2014,2018,2014_2018,370,0.33350216216216216,0.9422862162162162,5.410810810810811,0.6459459459459459,0.19212324324324323,124.35720270270271,257199.18108108107,True
death metal,2015,2019,2015_2019,355,0.3423969014084507,0.9434338028169014,5.349295774647888,0.6366197183098592,0.19503718309859155,124.04020845070421,255907.41971830986,True
disco,1970,1974,1970_1974,20,0.55655,0.72285,5.35,0.75,0.7632,132.43635,206095.7,True
disco,1971,1975,1971_1975,31,0.5842258064516129,0.6967096774193549,5.483870967741935,0.6774193548387096,0.7359354838709677,122.53203225806452,246202.93548387097,True
disco,1972,1976,1972_1976,52,0.605423076923077,0.7132115384615385,5.288461538461538,0.6153846153846154,0.7653269230769231,118.45584615384615,259791.76923076922,True
disco,1973,1977,1973_1977,90,0.6505555555555556,0.6885888888888889,4.855555555555555,0.5888888888888889,0.7851666666666668,118.56426666666667,274090.14444444445,True
disco,1974,1978,1974_1978,113,0.6662654867256637,0.6876725663716814,5.070796460176991,0.5929203539823009,0.7899999999999999,118.8893185840708,281815.0353982301,True
disco,1975,1979,1975_1979,157,0.6985987261146497,0.6742993630573249,5.32484076433121,0.5987261146496815,0.7948216560509554,117.8814331210191,289190.0445859873,True
disco,1976,1980,1976_1980,172,0.7094709302325581,0.6864476744186047,5.1395348837209305,0.6046511627906976,0.8032325581395349,118.17575,290881.8081395349,True
disco,1977,1981,1977_1981,169,0.7225739644970414,0.6707869822485207,5.153846153846154,0.591715976331361,0.7947751479289942,118.74289349112425,293652.88165680476,True
disco,1978,1982,1978_1982,146,0.7336712328767123,0.6756301369863014,5.561643835616438,0.5821917808219178,0.7963904109589041,119.53173972602738,294950.7534246575,True
disco,1979,1983,1979_1983,123,0.7441626016260162,0.665219512195122,5.463414634146342,0.5609756097560976,0.7912113821138211,119.25382113821138,296591.5853658537,True
disco,1980,1984,1980_1984,77,0.751987012987013,0.6595974025974026,5.233766233766234,0.4935064935064935,0.790883116883117,118.96728571428571,297736.32467532466,True
disco,1981,1985,1981_1985,64,0.759546875,0.625640625,5.703125,0.4375,0.79896875,118.8874375,289741.0,True
disco,1982,1986,1982_1986,52,0.7557307692307693,0.6210384615384614,5.980769230769231,0.46153846153846156,0.7889807692307692,119.13919230769231,276327.6153846154,True
disco,1983,1987,1983_1987,41,0.7411463414634146,0.6276829268292683,5.609756097560975,0.4634146341463415,0.7927560975609756,117.80765853658538,275490.243902439,True
disco,1984,1988,1984_1988,41,0.7204634146341463,0.6445121951219512,4.902439024390244,0.5121951219512195,0.8053902439024391,118.2221219512195,266092.7073170732,True
disco,1985,1989,1985_1989,37,0.7081621621621621,0.6787837837837838,5.243243243243243,0.4864864864864865,0.7958918918918919,119.92116216216215,264119.4324324324,True
disco,1986,1990,1986_1990,27,0.6829259259259259,0.6927407407407408,5.148148148148148,0.4444444444444444,0.7606666666666667,121.56855555555556,256692.55555555556,True
disco,1987,1991,1987_1991,26,0.6894230769230769,0.7203461538461539,4.884615384615385,0.4230769230769231,0.8141153846153847,121.15173076923078,272898.73076923075,True
disco,1988,1992,1988_1992,26,0.6860769230769231,0.7365384615384615,4.346153846153846,0.46153846153846156,0.7861923076923076,118.49976923076923,255589.46153846153,True
disco,1989,1993,1989_1993,28,0.6950000000000001,0.7312500000000001,5.535714285714286,0.4642857142857143,0.7769285714285715,115.32742857142857,281717.78571428574,True
disco,1990,1994,1990_1994,33,0.706,0.6982424242424243,5.878787878787879,0.42424242424242425,0.7606666666666667,115.80118181818182,288689.63636363635,True
disco,1991,1995,1991_1995,37,0.698945945945946,0.7051621621621622,5.27027027027027,0.5405405405405406,0.7496756756756756,115.92972972972971,300518.1081081081,True
disco,1992,1996,1992_1996,38,0.6881578947368421,0.7118947368421052,5.657894736842105,0.5263157894736842,0.7551052631578947,116.6990789473684,295418.63157894736,True
disco,1993,1997,1993_1997,40,0.694225,0.6881,6.2,0.5,0.761275,114.84857500000001,287715.375,True
disco,1994,1998,1994_1998,41,0.6811463414634146,0.6965853658536585,5.682926829268292,0.4878048780487805,0.7484634146341463,116.54217073170733,274067.0731707317,True
disco,1995,1999,1995_1999,42,0.6870714285714286,0.7204285714285714,5.238095238095238,0.5714285714285714,0.7687857142857143,114.6463095238095,263636.64285714284,True
disco,1996,2000,1996_2000,49,0.7008775510204083,0.7293469387755102,5.448979591836735,0.4489795918367347,0.7591020408163265,117.97683673469388,250416.9387755102,True
disco,1997,2001,1997_2001,55,0.7089090909090909,0.7491818181818182,5.418181818181818,0.43636363636363634,0.7532545454545455,119.44712727272727,247985.87272727274,True
disco,1998,2002,1998_2002,49,0.7098367346938776,0.759061224489796,5.346938775510204,0.46938775510204084,0.735408163265306,121.40961224489796,256151.22448979592,True
disco,1999,2003,1999_2003,48,0.7163333333333334,0.7896666666666666,5.9375,0.4583333333333333,0.7483333333333334,122.16558333333334,251439.33333333334,True
disco,2000,2004,2000_2004,56,0.6984821428571429,0.769,6.482142857142857,0.375,0.719475,122.4855,248635.32142857142,True
disco,2001,2005,2001_2005,53,0.7004716981132075,0.7739056603773585,6.509433962264151,0.37735849056603776,0.7403132075471698,121.36754716981132,248801.35849056602,True
disco,2002,2006,2002_2006,48,0.6965833333333333,0.7608125,6.3125,0.3958333333333333,0.7395541666666666,120.69097916666668,256321.85416666666,True
disco,2003,2007,2003_2007,64,0.705859375,0.76009375,6.25,0.390625,0.75805625,120.084765625,257696.640625,True
disco,2004,2008,2004_2008,78,0.7021153846153846,0.7536794871794872,5.9743589743589745,0.38461538461538464,0.7349820512820513,119.81150000000001,253825.28205128206,True
disco,2005,2009,2005_2009,73,0.6986301369863014,0.7801643835616439,5.4520547945205475,0.4246575342465753,0.751041095890411,120.06747945205478,267366.08219178085,True
disco,2006,2010,2006_2010,89,0.7006966292134832,0.7760674157303371,5.067415730337078,0.47191011235955055,0.751,119.31476404494381,259977.83146067415,True
disco,2007,2011,2007_2011,103,0.698747572815534,0.7730388349514563,4.941747572815534,0.4854368932038835,0.7634563106796116,119.30074757281554,252507.33009708737,True
disco,2008,2012,2008_2012,114,0.6969122807017544,0.7629649122807017,4.798245614035087,0.4824561403508772,0.7377631578947369,119.7142105263158,254608.04385964913,True
disco,2009,2013,2009_2013,115,0.7027739130434782,0.7602347826086957,5.0,0.4782608695652174,0.7444173913043478,118.99773043478261,266934.5739130435,True
disco,2010,2014,2010_2014,135,0.6878518518518518,0.7475555555555555,5.2444444444444445,0.4740740740740741,0.6990481481481481,119.47137037037037,260890.38518518518,True
disco,2011,2015,2011_2015,125,0.6831119999999999,0.7482880000000001,5.4,0.44,0.6705104,120.208072,266816.52,True
disco,2012,2016,2012_2016,129,0.6830697674418604,0.7452868217054264,5.341085271317829,0.4186046511627907,0.6502542635658914,119.84551162790697,270636.6511627907,True
disco,2013,2017,2013_2017,124,0.680475806451613,0.7449112903225806,5.532258064516129,0.43548387096774194,0.6387483870967743,120.77949193548386,269219.6532258064,True
disco,2014,2018,2014_2018,128,0.6731171875,0.7447109375,5.484375,0.4375,0.626959375,122.1609921875,256195.0078125,True
disco,2015,2019,2015_2019,114,0.6875614035087719,0.7273438596491227,5.149122807017544,0.43859649122807015,0.6207052631578948,121.28117543859649,249086.0701754386,True
doom metal,1983,1987,1983_1987,21,0.26361904761904764,0.6257142857142858,4.714285714285714,0.8571428571428571,0.2716523809523809,103.59138095238094,347076.6666666667,True
doom metal,1984,1988,1984_1988,21,0.27904761904761904,0.6325238095238095,5.428571428571429,0.8095238095238095,0.2688904761904762,100.5397619047619,344491.90476190473,True
doom metal,1985,1989,1985_1989,21,0.28171428571428575,0.6531428571428571,5.904761904761905,0.7142857142857143,0.2673190476190476,103.32333333333334,314583.8095238095,True
doom metal,1986,1990,1986_1990,25,0.3036,0.6544,5.96,0.76,0.257704,105.49976000000001,313285.04,True
doom metal,1987,1991,1987_1991,32,0.294384375,0.64246875,6.59375,0.75,0.26560625,106.92478125,323013.53125,True
doom metal,1988,1992,1988_1992,35,0.30252285714285715,0.7446857142857143,6.542857142857143,0.6285714285714286,0.2453685714285714,116.1722857142857,360348.5714285714,True
doom metal,1989,1993,1989_1993,65,0.30203538461538465,0.741036923076923,6.0,0.7538461538461538,0.29226615384615384,116.39698461538461,345580.90769230766,True
doom metal,1990,1994,1990_1994,68,0.30075441176470585,0.7390794117647059,5.970588235294118,0.75,0.2877529411764706,117.94458823529412,345381.5588235294,True
doom metal,1991,1995,1991_1995,92,0.3206119565217391,0.7602434782608697,5.815217391304348,0.6304347826086957,0.290925,119.86688043478262,342833.6195652174,True
doom metal,1992,1996,1992_1996,106,0.31814150943396224,0.7443150943396227,5.59433962264151,0.5849056603773585,0.28211603773584903,118.48633018867925,342579.320754717,True
doom metal,1993,1997,1993_1997,106,0.3354339622641509,0.7289471698113208,5.433962264150943,0.5660377358490566,0.29299811320754715,117.92287735849057,341000.3301886792,True
doom metal,1994,1998,1994_1998,95,0.3670568421052632,0.7148421052631578,5.094736842105263,0.37894736842105264,0.26673473684210525,116.51954736842106,346141.86315789475,True
doom metal,1995,1999,1995_1999,122,0.3782737704918033,0.6982319672131149,4.942622950819672,0.4016393442622951,0.24945491803278688,116.73100000000001,345072.6721311475,True
doom metal,1996,2000,1996_2000,97,0.3722309278350516,0.6705907216494846,4.77319587628866,0.4020618556701031,0.2337247422680412,114.3130618556701,355518.4742268041,True
doom metal,1997,2001,1997_2001,97,0.39977216494845363,0.6499845360824742,4.752577319587629,0.422680412371134,0.21430309278350512,117.31325773195877,346996.7113402062,True
doom metal,1998,2002,1998_2002,99,0.40173636363636367,0.6568585858585858,4.707070707070707,0.40404040404040403,0.20688282828282828,118.04194949494949,342030.43434343435,True
doom metal,1999,2003,1999_2003,117,0.38048290598290596,0.6618692307692308,5.128205128205129,0.5042735042735043,0.20118290598290597,120.23158119658119,368838.7521367521,True
doom metal,2000,2004,2000_2004,103,0.35800485436893204,0.6494019417475728,5.310679611650485,0.5048543689320388,0.19202815533980583,120.32735922330096,394899.33980582526,True
doom metal,2001,2005,2001_2005,119,0.35429747899159664,0.6415310924369748,5.352941176470588,0.5210084033613446,0.1933016806722689,119.00233613445378,407774.5210084034,True
doom metal,2002,2006,2002_2006,142,0.3205077464788732,0.6756056338028168,5.415492957746479,0.5352112676056338,0.20448591549295775,118.56885915492957,422776.6549295775,True
doom metal,2003,2007,2003_2007,173,0.30148381502890176,0.6723734104046243,5.722543352601156,0.5433526011560693,0.201064161849711,118.92701156069364,406821.62427745666,True
doom metal,2004,2008,2004_2008,168,0.28639107142857145,0.682017261904762,5.559523809523809,0.5238095238095238,0.19973095238095237,120.28163095238094,398964.39285714284,True
doom metal,2005,2009,2005_2009,198,0.3081752525252525,0.6940651515151516,5.52020202020202,0.4898989898989899,0.2067939393939394,123.21190404040404,381254.0353535354,True
doom metal,2006,2010,2006_2010,203,0.30806650246305417,0.7138921182266009,5.467980295566503,0.4827586206896552,0.21685320197044336,123.62335960591133,370488.30049261084,True
doom metal,2007,2011,2007_2011,183,0.3211874316939891,0.7152934426229508,5.530054644808743,0.4918032786885246,0.21316065573770493,123.87187978142076,368902.9071038251,True
doom metal,2008,2012,2008_2012,176,0.3439073863636364,0.7380715909090909,5.380681818181818,0.4943181818181818,0.23332102272727273,122.94039204545456,377456.9943181818,True
doom metal,2009,2013,2009_2013,182,0.34987142857142856,0.7386736263736264,5.615384615384615,0.5,0.2425087912087912,120.90026373626375,373281.1538461539,True
doom metal,2010,2014,2010_2014,159,0.33439119496855346,0.750651572327044,5.685534591194968,0.5534591194968553,0.24636540880503144,116.7570503144654,403854.1383647799,True
doom metal,2011,2015,2011_2015,217,0.3439599078341014,0.7183589861751153,5.612903225806452,0.5207373271889401,0.22305437788018434,117.58729493087557,381842.2165898617,True
doom metal,2012,2016,2012_2016,234,0.3362192307692308,0.7025311965811966,5.418803418803419,0.47435897435897434,0.22129700854700857,116.22222222222223,376392.3717948718,True
doom metal,2013,2017,2013_2017,270,0.3327040740740741,0.68089,5.188888888888889,0.45925925925925926,0.2241914814814815,116.16449629629629,396753.9592592593,True
doom metal,2014,2018,2014_2018,305,0.33325967213114754,0.7047780327868852,4.81311475409836,0.5049180327868853,0.22535344262295082,117.41347540983607,394402.3704918033,True
doom metal,2015,2019,2015_2019,301,0.33638405315614617,0.7060308970099668,4.694352159468439,0.5049833887043189,0.2276112956810631,118.54579401993355,380518.28571428574,True
dream pop,1982,1986,1982_1986,23,0.37044782608695653,0.5303478260869565,3.608695652173913,0.7391304347826086,0.34395652173913044,128.42939130434783,229038.34782608695,True
dream pop,1983,1987,1983_1987,24,0.3682208333333334,0.5087916666666666,3.7083333333333335,0.7083333333333334,0.33712499999999995,129.46783333333335,230680.08333333334,True
dream pop,1984,1988,1984_1988,28,0.40061785714285714,0.5401071428571428,4.178571428571429,0.7857142857142857,0.3968214285714286,124.72782142857143,230240.0357142857,True
dream pop,1985,1989,1985_1989,35,0.39325714285714286,0.4403628571428571,4.371428571428571,0.8,0.3452657142857143,123.406,254756.2,True
dream pop,1986,1990,1986_1990,52,0.4328269230769231,0.45412884615384613,4.384615384615385,0.8076923076923077,0.4066980769230769,123.89184615384616,248870.0,True
dream pop,1987,1991,1987_1991,45,0.4507333333333334,0.4526822222222222,4.711111111111111,0.8444444444444444,0.4124933333333333,121.13964444444444,255717.04444444444,True
dream pop,1988,1992,1988_1992,47,0.44468085106382976,0.4521489361702128,5.0,0.8723404255319149,0.4047340425531915,121.51836170212766,256465.8085106383,True
dream pop,1989,1993,1989_1993,61,0.4366229508196721,0.42156721311475415,5.163934426229508,0.8524590163934426,0.38063770491803284,127.63480327868852,264492.131147541,True
dream pop,1990,1994,1990_1994,54,0.45799999999999996,0.46279444444444445,5.148148148148148,0.8518518518518519,0.42038333333333333,127.74001851851853,244640.61111111112,True
dream pop,1991,1995,1991_1995,36,0.4363888888888889,0.4472194444444445,5.388888888888889,0.8333333333333334,0.3652416666666667,128.12113888888888,250654.61111111112,True
dream pop,1992,1996,1992_1996,49,0.4294489795918367,0.4251244897959183,4.8979591836734695,0.8775510204081632,0.3368775510204082,124.03914285714285,298510.0612244898,True
dream pop,1993,1997,1993_1997,48,0.44345833333333334,0.42612083333333334,4.791666666666667,0.875,0.34784791666666665,122.97127083333334,297331.25,True
dream pop,1994,1998,1994_1998,34,0.44994117647058823,0.4530058823529412,4.352941176470588,0.8529411764705882,0.31829117647058824,114.72870588235294,309009.76470588235,True
dream pop,1995,1999,1995_1999,30,0.44270000000000004,0.45564,4.266666666666667,0.8333333333333334,0.2906633333333334,115.29469999999999,330887.5333333333,True
dream pop,1996,2000,1996_2000,37,0.43186486486486486,0.44622162162162166,4.702702702702703,0.7567567567567568,0.2732918918918919,114.62251351351352,320527.8918918919,True
dream pop,1997,2001,1997_2001,31,0.3875806451612903,0.4675870967741936,4.838709677419355,0.6774193548387096,0.24422258064516128,119.8976129032258,256591.7741935484,True
dream pop,1998,2002,1998_2002,29,0.37286206896551727,0.47242068965517237,4.827586206896552,0.6551724137931034,0.2401,120.87313793103448,257451.89655172414,True
dream pop,1999,2003,1999_2003,28,0.3581785714285714,0.4652928571428571,5.107142857142857,0.6071428571428571,0.2687214285714286,119.04596428571428,278820.46428571426,True
dream pop,2000,2004,2000_2004,30,0.3510666666666667,0.4953066666666667,5.366666666666666,0.6333333333333333,0.28180666666666665,118.5543,283822.2,True
dream pop,2001,2005,2001_2005,26,0.33615384615384614,0.5189692307692307,5.230769230769231,0.7307692307692307,0.30078076923076924,125.38915384615385,274287.1538461539,True
dream pop,2002,2006,2002_2006,28,0.39575,0.5098892857142857,5.607142857142857,0.6785714285714286,0.33656785714285714,119.41314285714286,283260.03571428574,True
dream pop,2003,2007,2003_2007,52,0.3577519230769231,0.4331923076923077,5.230769230769231,0.5769230769230769,0.27208076923076924,116.40584615384616,270378.3846153846,True
dream pop,2004,2008,2004_2008,59,0.3775949152542373,0.39840677966101695,5.220338983050848,0.6271186440677966,0.24464745762711865,116.44808474576271,254061.59322033898,True
dream pop,2005,2009,2005_2009,65,0.3850630769230769,0.40136923076923076,5.015384615384615,0.6307692307692307,0.24815692307692305,116.7521846153846,258968.04615384617,True
dream pop,2006,2010,2006_2010,98,0.4259265306122449,0.4689795918367347,4.908163265306122,0.6632653061224489,0.2971591836734694,117.74278571428572,254705.45918367346,True
dream pop,2007,2011,2007_2011,142,0.4479669014084507,0.5206556338028169,4.964788732394366,0.704225352112676,0.3264943661971831,119.26428169014083,251082.78169014084,True
dream pop,2008,2012,2008_2012,176,0.47627386363636365,0.5385125,5.255681818181818,0.7045454545454546,0.3536511363636364,122.11824431818182,249600.17613636365,True
dream pop,2009,2013,2009_2013,245,0.48078204081632653,0.5540885714285714,5.2122448979591836,0.7020408163265306,0.3383273469387755,121.00930204081632,244344.17551020408,True
dream pop,2010,2014,2010_2014,330,0.4757378787878788,0.5682751515151515,5.2303030303030305,0.706060606060606,0.35014151515151515,122.76761515151516,242875.50606060607,True
dream pop,2011,2015,2011_2015,413,0.47227070217917677,0.5637397094430993,5.171912832929782,0.6731234866828087,0.34502639225181597,121.92501210653752,241002.81598062953,True
dream pop,2012,2016,2012_2016,447,0.4872825503355705,0.574778970917226,5.172259507829978,0.6599552572706935,0.3651221476510067,121.89792393736019,236041.1610738255,True
dream pop,2013,2017,2013_2017,543,0.49883480662983426,0.5791213627992633,5.047882136279926,0.6758747697974218,0.3704587476979742,120.59709944751381,232497.40699815837,True
dream pop,2014,2018,2014_2018,674,0.5191378338278932,0.5887870919881306,5.068249258160237,0.6572700296735905,0.4090805637982196,121.21388427299702,229050.32640949555,True
dream pop,2015,2019,2015_2019,642,0.5355249221183801,0.5894129283489097,5.109034267912772,0.661993769470405,0.41797538940809964,120.17812616822431,226202.71495327103,True
easy listening,1959,1963,1959_1963,23,0.40904347826086956,0.31829999999999997,6.565217391304348,0.6956521739130435,0.4522608695652174,110.73804347826086,164612.13043478262,True
easy listening,1960,1964,1960_1964,26,0.4400384615384615,0.2806769230769231,5.961538461538462,0.7307692307692307,0.4581923076923077,109.839,168130.76923076922,True
easy listening,1961,1965,1961_1965,29,0.425551724137931,0.2706758620689655,6.310344827586207,0.7586206896551724,0.43058620689655175,107.9258275862069,171134.72413793104,True
easy listening,1962,1966,1962_1966,31,0.41577419354838707,0.2889225806451613,6.096774193548387,0.7419354838709677,0.43116129032258066,106.99441935483871,173910.5483870968,True
easy listening,1963,1967,1963_1967,32,0.39965625,0.31370625,5.875,0.71875,0.4391875,107.41909375,182806.71875,True
easy listening,1964,1968,1964_1968,24,0.39825,0.32669583333333335,5.208333333333333,0.75,0.402075,107.64479166666666,186620.58333333334,True
easy listening,1965,1969,1965_1969,22,0.35695454545454547,0.3765909090909091,5.0,0.7272727272727273,0.3820363636363636,111.73945454545455,191514.54545454544,True
easy listening,1966,1970,1966_1970,23,0.3813478260869565,0.3731304347826087,4.869565217391305,0.7391304347826086,0.39729565217391305,113.73521739130435,197999.39130434784,True
easy listening,1967,1971,1967_1971,26,0.3851538461538461,0.3445923076923077,5.0,0.8076923076923077,0.3565307692307692,111.2696923076923,195571.23076923078,True
easy listening,1968,1972,1968_1972,23,0.3883043478260869,0.3211913043478261,4.565217391304348,0.9130434782608695,0.3171869565217391,104.341,200197.65217391305,True
easy listening,1969,1973,1969_1973,27,0.4116666666666667,0.3131259259259259,4.703703703703703,0.8148148148148148,0.3479814814814815,106.17037037037036,202144.1851851852,True
easy listening,1970,1974,1970_1974,29,0.39672413793103445,0.2915103448275862,4.931034482758621,0.8620689655172413,0.3214103448275862,104.73879310344827,204342.5172413793,True
easy listening,1971,1975,1971_1975,31,0.4124193548387097,0.3408,4.354838709677419,0.8387096774193549,0.36273870967741934,107.19267741935484,204602.5483870968,True
easy listening,1972,1976,1972_1976,34,0.4424705882352941,0.37107058823529415,4.470588235294118,0.8235294117647058,0.42596764705882356,115.1885882352941,208652.91176470587,True
easy listening,1973,1977,1973_1977,29,0.45348275862068965,0.3816689655172414,4.448275862068965,0.7586206896551724,0.44704827586206897,119.13513793103448,210442.6896551724,True
easy listening,1974,1978,1974_1978,29,0.463551724137931,0.42046206896551724,4.620689655172414,0.7931034482758621,0.4652896551724138,117.01982758620689,219013.24137931035,True
easy listening,1975,1979,1975_1979,29,0.5188275862068965,0.43188620689655177,4.793103448275862,0.7931034482758621,0.5307241379310345,120.03520689655173,229225.6896551724,True
easy listening,1976,1980,1976_1980,35,0.5087714285714285,0.3939114285714286,5.257142857142857,0.6285714285714286,0.4757142857142857,118.01299999999999,242524.17142857143,True
easy listening,1977,1981,1977_1981,30,0.5251333333333333,0.39046333333333333,5.133333333333334,0.6,0.47253333333333336,115.17683333333333,253767.1,True
easy listening,1978,1982,1978_1982,32,0.53640625,0.405559375,5.125,0.65625,0.472875,113.04125,258294.96875,True
easy listening,1979,1983,1979_1983,29,0.5229310344827586,0.3685137931034483,5.0344827586206895,0.6206896551724138,0.432551724137931,117.7091724137931,259977.0,True
easy listening,1980,1984,1980_1984,26,0.49276923076923074,0.3613538461538462,5.230769230769231,0.5384615384615384,0.40107692307692305,117.19946153846155,252649.1923076923,True
easy listening,1986,1990,1986_1990,20,0.5273,0.37825,5.3,0.85,0.406515,113.2331,227852.55,True
easy listening,1987,1991,1987_1991,22,0.47409090909090906,0.3179181818181818,5.454545454545454,0.7272727272727273,0.37037727272727267,108.3738181818182,217082.31818181818,True
easy listening,1988,1992,1988_1992,20,0.44405,0.31321,5.85,0.75,0.366555,106.2883,216525.9,True
easy listening,1994,1998,1994_1998,21,0.5177142857142857,0.49438095238095237,6.428571428571429,0.8095238095238095,0.37794285714285714,116.9657619047619,253249.57142857142,True
easy listening,1995,1999,1995_1999,25,0.5258400000000001,0.474944,6.04,0.84,0.400752,119.98964,243927.48,True
easy listening,1996,2000,1996_2000,29,0.5127931034482759,0.46312413793103446,5.9655172413793105,0.8620689655172413,0.3835206896551724,119.60993103448276,232252.37931034484,True
easy listening,1997,2001,1997_2001,34,0.542235294117647,0.542135294117647,5.9411764705882355,0.7647058823529411,0.4360970588235294,117.77270588235294,235495.23529411765,True
easy listening,1998,2002,1998_2002,40,0.535675,0.533165,5.5,0.775,0.43068249999999997,114.32637500000001,231440.525,True
easy listening,1999,2003,1999_2003,54,0.5246481481481481,0.5137277777777778,5.407407407407407,0.7962962962962963,0.4275888888888889,117.31401851851852,227518.66666666666,True
easy listening,2000,2004,2000_2004,51,0.5170980392156863,0.5194843137254902,5.588235294117647,0.803921568627451,0.4249764705882353,114.52362745098038,219248.25490196078,True
easy listening,2001,2005,2001_2005,58,0.5222413793103449,0.5061258620689655,5.448275862068965,0.7586206896551724,0.4412844827586207,116.26274137931034,230939.3448275862,True
easy listening,2002,2006,2002_2006,54,0.5245555555555556,0.4706555555555556,5.462962962962963,0.7592592592592593,0.42102777777777783,116.74114814814814,228026.7037037037,True
easy listening,2003,2007,2003_2007,60,0.5162333333333333,0.45175666666666664,5.233333333333333,0.7166666666666667,0.4110083333333333,118.75238333333333,226079.66666666666,True
easy listening,2004,2008,2004_2008,46,0.4982608695652174,0.4400369565217392,4.8478260869565215,0.6521739130434783,0.4258,118.30784782608696,220899.28260869565,True
easy listening,2005,2009,2005_2009,51,0.5105294117647059,0.4383078431372549,5.0588235294117645,0.6666666666666666,0.427121568627451,119.42421568627451,225813.78431372548,True
easy listening,2006,2010,2006_2010,45,0.5100666666666667,0.4350266666666667,5.111111111111111,0.6666666666666666,0.4156333333333333,118.87773333333332,220222.57777777777,True
easy listening,2007,2011,2007_2011,50,0.5032,0.47610199999999997,4.84,0.72,0.44059,117.05516,226120.48,True
easy listening,2008,2012,2008_2012,44,0.5042954545454545,0.5044568181818182,5.068181818181818,0.75,0.453375,118.37954545454545,226352.47727272726,True
easy listening,2009,2013,2009_2013,50,0.51858,0.509316,5.24,0.76,0.426754,115.76966,240214.4,True
easy listening,2010,2014,2010_2014,58,0.5020344827586207,0.5042551724137931,5.258620689655173,0.7586206896551724,0.40418965517241384,117.43327586206897,251913.91379310345,True
easy listening,2011,2015,2011_2015,57,0.5006315789473684,0.5020614035087719,4.824561403508772,0.7894736842105263,0.38739824561403513,117.98919298245615,248982.80701754385,True
easy listening,2012,2016,2012_2016,52,0.4920769230769231,0.48747115384615386,5.038461538461538,0.7884615384615384,0.36839038461538465,119.8498076923077,252509.6923076923,True
easy listening,2013,2017,2013_2017,50,0.48894,0.45269,4.78,0.78,0.363866,116.64116,255424.56,True
easy listening,2014,2018,2014_2018,52,0.4956346153846154,0.43330384615384615,4.865384615384615,0.8076923076923077,0.385025,117.22461538461539,241279.59615384616,True
easy listening,2015,2019,2015_2019,38,0.5055,0.42910000000000004,4.447368421052632,0.8421052631578947,0.40477894736842107,114.9167894736842,226543.2105263158,True
electronic,1971,1975,1971_1975,20,0.402605,0.48561,3.9,0.65,0.25922,115.99359999999999,296488.0,True
electronic,1972,1976,1972_1976,21,0.40990952380952383,0.4760095238095238,4.142857142857143,0.6666666666666666,0.2510190476190476,114.4797142857143,298764.4285714286,True
electronic,1973,1977,1973_1977,29,0.478,0.4850551724137931,4.517241379310345,0.6896551724137931,0.34637241379310346,122.52962068965518,254179.7931034483,True
electronic,1974,1978,1974_1978,29,0.5438275862068965,0.4994344827586207,4.586206896551724,0.6896551724137931,0.41334827586206896,123.56037931034483,246069.8620689655,True
electronic,1975,1979,1975_1979,30,0.5963333333333334,0.5942533333333333,4.833333333333333,0.6,0.53032,128.43853333333334,248910.6,True
electronic,1976,1980,1976_1980,26,0.6468846153846154,0.6484769230769231,5.5,0.5769230769230769,0.6176999999999999,129.6535769230769,253931.1923076923,True
electronic,1977,1981,1977_1981,33,0.6396060606060606,0.6694060606060606,5.454545454545454,0.5151515151515151,0.6501545454545454,126.33072727272726,257189.42424242425,True
electronic,1978,1982,1978_1982,26,0.6605769230769231,0.7485769230769231,5.423076923076923,0.5,0.7098038461538461,121.33457692307692,257596.3076923077,True
electronic,1979,1983,1979_1983,28,0.6426785714285714,0.7875357142857143,5.75,0.5357142857142857,0.7307464285714286,120.16128571428571,250644.7142857143,True
electronic,1980,1984,1980_1984,22,0.636909090909091,0.7565454545454546,6.136363636363637,0.5454545454545454,0.7109045454545454,115.48881818181817,254916.95454545456,True
electronic,1981,1985,1981_1985,23,0.5910434782608696,0.7251304347826087,6.043478260869565,0.5652173913043478,0.6448391304347826,115.52565217391304,256020.30434782608,True
electronic,1982,1986,1982_1986,25,0.6114799999999999,0.7800400000000001,5.36,0.56,0.634616,117.7396,249472.56,True
electronic,1983,1987,1983_1987,27,0.6124074074074074,0.7897407407407407,5.296296296296297,0.48148148148148145,0.6175333333333334,119.79985185185186,254040.5185185185,True
electronic,1984,1988,1984_1988,21,0.6125714285714285,0.7699999999999999,4.904761904761905,0.47619047619047616,0.596447619047619,119.05709523809524,272777.5714285714,True
electronic,1985,1989,1985_1989,22,0.6077272727272727,0.7729545454545454,4.636363636363637,0.5,0.5610636363636363,120.08013636363636,266108.2727272727,True
electronic,1986,1990,1986_1990,23,0.645695652173913,0.7443826086956521,4.782608695652174,0.4782608695652174,0.5991652173913043,117.70104347826086,265915.17391304346,True
electronic,1987,1991,1987_1991,27,0.6561111111111111,0.6548814814814814,5.481481481481482,0.5185185185185185,0.5953074074074074,121.70496296296297,279330.77777777775,True
electronic,1988,1992,1988_1992,40,0.642075,0.684745,5.825,0.6,0.5497875,125.20819999999999,285162.75,True
electronic,1989,1993,1989_1993,60,0.6298666666666667,0.67083,5.833333333333333,0.6333333333333333,0.5058933333333333,123.55386666666666,301191.45,True
electronic,1990,1994,1990_1994,97,0.6330412371134021,0.645698969072165,6.422680412371134,0.6185567010309279,0.4730587628865979,124.23362886597938,312456.92783505155,True
electronic,1991,1995,1991_1995,125,0.617896,0.6569640000000001,6.0,0.656,0.46198239999999996,125.267816,306015.28,True
electronic,1992,1996,1992_1996,154,0.5973246753246754,0.6522285714285715,5.8896103896103895,0.6363636363636364,0.44263506493506494,127.8758051948052,309388.54545454547,True
electronic,1993,1997,1993_1997,198,0.5934191919191919,0.6710515151515152,5.96969696969697,0.6363636363636364,0.4336964646464646,127.62462121212121,308570.31313131313,True
electronic,1994,1998,1994_1998,241,0.5836846473029046,0.6745983402489627,5.821576763485477,0.6099585062240664,0.4179016597510373,126.82128630705394,308625.510373444,True
electronic,1995,1999,1995_1999,264,0.5871780303030303,0.6931257575757576,5.643939393939394,0.5833333333333334,0.4375397727272727,127.64836363636363,299530.8939393939,True
electronic,1996,2000,1996_2000,296,0.592354391891892,0.7028469594594594,5.743243243243243,0.5337837837837838,0.4473060810810811,126.79481081081082,298555.0,True
electronic,1997,2001,1997_2001,362,0.6070660220994475,0.7107955801104973,5.787292817679558,0.5359116022099447,0.45959226519337015,124.08564364640883,287222.03867403313,True
electronic,1998,2002,1998_2002,385,0.6047607792207792,0.7046181818181819,5.6,0.548051948051948,0.4614342857142857,123.23201818181818,281417.6051948052,True
electronic,1999,2003,1999_2003,434,0.6186564516129032,0.7011617511520737,5.557603686635945,0.5368663594470046,0.48064815668202765,124.49948387096774,274906.831797235,True
electronic,2000,2004,2000_2004,456,0.6168506578947369,0.7046978070175438,5.521929824561403,0.5328947368421053,0.4779010964912281,123.72383114035088,271381.7653508772,True
electronic,2001,2005,2001_2005,556,0.6256510791366907,0.7060253597122302,5.660071942446043,0.5323741007194245,0.5013266187050359,124.22014028776978,266559.8075539568,True
electronic,2002,2006,2002_2006,553,0.6355171790235081,0.7116186256781194,5.573236889692586,0.5135623869801085,0.517132007233273,124.61510126582279,266019.02893309225,True
electronic,2003,2007,2003_2007,682,0.6356324046920822,0.7173901759530792,5.521994134897361,0.501466275659824,0.5122986803519062,124.32321260997067,268875.862170088,True
electronic,2004,2008,2004_2008,797,0.6333717691342534,0.7307340661229611,5.553324968632372,0.5056461731493099,0.5216554579673777,124.33791593475533,261586.75784190715,True
electronic,2005,2009,2005_2009,958,0.633886534446764,0.7364906583507307,5.48643006263048,0.5219206680584552,0.5181849686847599,125.04923068893528,259773.74008350732,True
electronic,2006,2010,2006_2010,1157,0.626314606741573,0.735278868366465,5.397579948141746,0.5350043215211755,0.506262834917891,124.89601382886775,256327.91702679344,True
electronic,2007,2011,2007_2011,1423,0.6143007730147575,0.7333932893183416,5.438510189739986,0.5382993675333801,0.4850955024595924,124.70185945186228,255331.07027406886,True
electronic,2008,2012,2008_2012,1518,0.6120847826086956,0.7317889003293808,5.491436100131752,0.5316205533596838,0.47469960474308304,125.55381225296443,251394.2483530962,True
electronic,2009,2013,2009_2013,1707,0.608715114235501,0.7241993555946105,5.4879906268306975,0.5260691271236086,0.44873386057410664,125.07870533099005,254842.1101347393,True
electronic,2010,2014,2010_2014,1955,0.6060162148337596,0.7114196930946292,5.451150895140665,0.519693094629156,0.4329201023017903,123.84333350383632,254303.9611253197,True
electronic,2011,2015,2011_2015,2036,0.6013875245579567,0.7020014734774067,5.455304518664047,0.5127701375245579,0.4064715618860511,124.05584037328094,254227.0402750491,True
electronic,2012,2016,2012_2016,2171,0.6026909258406264,0.6966302164900967,5.422846614463381,0.5071395670198066,0.39772146476278214,123.80898940580377,251413.6904652234,True
electronic,2013,2017,2013_2017,2464,0.6025258522727273,0.6830021915584416,5.327516233766234,0.5008116883116883,0.38749358766233766,122.73642573051949,247901.40300324676,True
electronic,2014,2018,2014_2018,2692,0.6045359212481426,0.6730708729569094,5.319836552748885,0.5033432392273403,0.3838976597325409,122.78054160475483,243085.0512630015,True
electronic,2015,2019,2015_2019,2463,0.6043612261469752,0.6699463621599675,5.262281770198944,0.5006090133982948,0.3777621599675193,123.25118067397483,239744.19326025172,True
experimental,1964,1968,1964_1968,24,0.44983333333333336,0.553625,5.958333333333333,0.7083333333333334,0.486825,109.56620833333334,187546.125,True
experimental,1965,1969,1965_1969,29,0.4457931034482759,0.5604137931034482,5.793103448275862,0.7241379310344828,0.4860965517241379,113.27941379310344,194266.72413793104,True
experimental,1966,1970,1966_1970,37,0.43494594594594593,0.5407513513513513,5.702702702702703,0.6756756756756757,0.49007567567567567,114.62397297297298,203535.8918918919,True
experimental,1967,1971,1967_1971,38,0.4393947368421052,0.538678947368421,5.815789473684211,0.6578947368421053,0.4665894736842105,115.88505263157894,217648.1052631579,True
experimental,1968,1972,1968_1972,35,0.4404571428571429,0.5263657142857142,5.885714285714286,0.6571428571428571,0.45898285714285714,117.12082857142858,223606.85714285713,True
experimental,1969,1973,1969_1973,24,0.4756666666666667,0.5140333333333333,5.708333333333333,0.625,0.549025,121.61733333333332,237608.29166666666,True
experimental,1970,1974,1970_1974,29,0.4586896551724138,0.530751724137931,5.068965517241379,0.6896551724137931,0.5100206896551724,113.70927586206896,255411.8620689655,True
experimental,1971,1975,1971_1975,22,0.4831818181818182,0.5671363636363637,5.136363636363637,0.7727272727272727,0.5257545454545455,111.60495454545456,266662.3181818182,True
experimental,1972,1976,1972_1976,24,0.4939166666666666,0.542875,5.041666666666667,0.875,0.5078458333333333,112.41699999999999,250832.58333333334,True
experimental,1973,1977,1973_1977,23,0.45065217391304346,0.5571739130434782,4.6521739130434785,0.8695652173913043,0.4819260869565218,117.82804347826087,247912.34782608695,True
experimental,1974,1978,1974_1978,23,0.4727391304347826,0.5798260869565217,4.304347826086956,0.9130434782608695,0.4810565217391304,111.55147826086957,248841.08695652173,True
experimental,1975,1979,1975_1979,21,0.5295238095238095,0.5375809523809524,5.285714285714286,0.8095238095238095,0.5258952380952381,120.26861904761905,259984.7142857143,True
experimental,1976,1980,1976_1980,22,0.5339090909090909,0.5494636363636363,5.318181818181818,0.7727272727272727,0.5218545454545455,122.85195454545455,245139.95454545456,True
experimental,1977,1981,1977_1981,21,0.5537142857142857,0.5980095238095238,4.809523809523809,0.7619047619047619,0.5758809523809524,125.03733333333334,241671.80952380953,True
experimental,1978,1982,1978_1982,30,0.6175666666666667,0.50904,3.8666666666666667,0.6666666666666666,0.5428499999999999,115.65456666666667,263398.7,True
experimental,1979,1983,1979_1983,33,0.5447575757575758,0.433170303030303,4.242424242424242,0.696969696969697,0.4190242424242424,117.34239393939394,252611.75757575757,True
experimental,1980,1984,1980_1984,28,0.5398571428571428,0.446765,4.107142857142857,0.6785714285714286,0.4254035714285714,117.23925,231534.7857142857,True
experimental,1981,1985,1981_1985,27,0.5412222222222222,0.40842296296296293,3.7037037037037037,0.7037037037037037,0.4121592592592592,115.90792592592594,233693.37037037036,True
experimental,1982,1986,1982_1986,28,0.5171428571428571,0.3806042857142857,4.142857142857143,0.6428571428571429,0.3787892857142857,113.93532142857143,229637.64285714287,True
experimental,1983,1987,1983_1987,20,0.39355,0.456646,6.35,0.7,0.275905,122.33875,205988.05,True
experimental,1984,1988,1984_1988,22,0.4358181818181819,0.6089772727272728,6.318181818181818,0.5909090909090909,0.35704545454545455,127.46631818181818,237713.31818181818,True
experimental,1985,1989,1985_1989,22,0.4314545454545455,0.5806136363636364,5.818181818181818,0.5909090909090909,0.31981818181818183,125.48095454545455,232563.5909090909,True
experimental,1986,1990,1986_1990,28,0.3892142857142857,0.6139464285714286,6.071428571428571,0.6428571428571429,0.2925,130.57667857142857,250091.35714285713,True
experimental,1987,1991,1987_1991,31,0.4019354838709678,0.5924645161290322,5.967741935483871,0.7419354838709677,0.31195483870967744,131.9490322580645,268358.22580645164,True
experimental,1988,1992,1988_1992,32,0.43296875,0.59066875,5.28125,0.8125,0.35339375,127.62546875,257737.03125,True
experimental,1989,1993,1989_1993,30,0.44586666666666663,0.5092,4.733333333333333,0.8333333333333334,0.34110999999999997,125.85603333333333,255752.86666666667,True
experimental,1990,1994,1990_1994,36,0.4675833333333333,0.4965555555555556,4.722222222222222,0.8055555555555556,0.33955,124.60036111111111,266299.6111111111,True
experimental,1991,1995,1991_1995,56,0.49021428571428577,0.5168569642857143,4.446428571428571,0.7678571428571429,0.34677142857142856,123.12901785714287,282679.71428571426,True
experimental,1992,1996,1992_1996,60,0.5075166666666667,0.5399715,4.216666666666667,0.7666666666666667,0.3556433333333333,122.23445,285228.63333333336,True
experimental,1993,1997,1993_1997,80,0.5023500000000001,0.558454875,4.225,0.6875,0.35889625,122.518225,285083.45,True
experimental,1994,1998,1994_1998,89,0.5062022471910113,0.5745931460674157,4.50561797752809,0.6629213483146067,0.3479044943820225,121.33916853932584,294643.98876404495,True
experimental,1995,1999,1995_1999,98,0.48658163265306126,0.6070182653061225,4.918367346938775,0.6632653061224489,0.33900510204081635,121.18929591836734,289232.85714285716,True
experimental,1996,2000,1996_2000,87,0.4819425287356322,0.6088045977011495,5.022988505747127,0.6436781609195402,0.33574137931034487,119.87462068965517,302005.632183908,True
experimental,1997,2001,1997_2001,118,0.4558728813559322,0.5971508474576271,5.322033898305085,0.5847457627118644,0.3079093220338983,122.88477966101695,272384.39830508473,True
experimental,1998,2002,1998_2002,117,0.4326495726495726,0.5983997435897436,5.683760683760684,0.5982905982905983,0.2688,121.41555555555556,296364.6068376068,True
experimental,1999,2003,1999_2003,155,0.4243761290322581,0.6193036774193549,5.696774193548387,0.6258064516129033,0.2827251612903226,121.2242,279505.0258064516,True
experimental,2000,2004,2000_2004,196,0.42918520408163263,0.5845233163265307,5.4438775510204085,0.6224489795918368,0.2832790816326531,119.6015918367347,265075.3112244898,True
experimental,2001,2005,2001_2005,229,0.4309620087336245,0.5785434497816594,5.580786026200873,0.5807860262008734,0.28677379912663753,120.26827947598254,258916.7729257642,True
experimental,2002,2006,2002_2006,253,0.4347486166007905,0.600746837944664,5.403162055335969,0.5573122529644269,0.29463794466403165,119.24941106719368,269257.39130434784,True
experimental,2003,2007,2003_2007,308,0.44415714285714286,0.6122372727272728,5.194805194805195,0.5584415584415584,0.3200840909090909,120.89151948051949,260393.99675324676,True
experimental,2004,2008,2004_2008,305,0.4567413114754098,0.611540262295082,5.213114754098361,0.5573770491803278,0.3363150819672131,121.72661967213115,259722.33114754097,True
experimental,2005,2009,2005_2009,333,0.4579612612612613,0.6265987387387387,5.1591591591591595,0.5735735735735735,0.35198618618618616,121.67983183183182,266776.67267267266,True
experimental,2006,2010,2006_2010,400,0.47359475,0.652067525,4.9625,0.595,0.3730485,121.0360075,251716.3425,True
experimental,2007,2011,2007_2011,464,0.48477974137931035,0.6340129741379311,5.247844827586207,0.6056034482758621,0.37873405172413793,120.76672629310345,252263.4827586207,True
experimental,2008,2012,2008_2012,478,0.48748493723849373,0.6273910460251046,5.514644351464435,0.5983263598326359,0.37218807531380754,119.1541610878661,249272.3640167364,True
experimental,2009,2013,2009_2013,547,0.490254113345521,0.6171865082266911,5.378427787934187,0.5959780621572212,0.35605886654478974,119.33643327239488,248138.84460694698,True
experimental,2010,2014,2010_2014,592,0.5027091216216216,0.6043351689189189,5.422297297297297,0.589527027027027,0.3464675675675676,120.32484459459461,244609.9070945946,True
experimental,2011,2015,2011_2015,623,0.5009890850722312,0.5846518619582665,5.558587479935794,0.5698234349919743,0.33237431781701443,119.18048154093098,252279.99036918138,True
experimental,2012,2016,2012_2016,653,0.5040978560490046,0.5814171822358346,5.421133231240429,0.5834609494640123,0.32788912710566614,118.46485145482389,249674.80091883615,True
experimental,2013,2017,2013_2017,724,0.5117733425414365,0.5723451933701658,5.233425414364641,0.5787292817679558,0.34114226519337015,119.64195165745856,246580.6546961326,True
experimental,2014,2018,2014_2018,817,0.5121,0.5695941493268054,5.226438188494492,0.5813953488372093,0.3500861689106487,118.80860097919216,244270.8935128519,True
experimental,2015,2019,2015_2019,767,0.5136165580182529,0.5767169752281617,5.262059973924381,0.5788787483702738,0.3519075619295958,118.50146936114731,244256.19556714472,True
folk,1959,1963,1959_1963,20,0.50705,0.21400999999999998,5.9,0.6,0.4953,114.94855,185788.0,True
folk,1960,1964,1960_1964,29,0.5025172413793103,0.23931379310344827,5.9655172413793105,0.7241379310344828,0.5062413793103449,115.92899999999999,186179.3103448276,True
folk,1961,1965,1961_1965,31,0.5234516129032258,0.28850000000000003,5.483870967741935,0.8064516129032258,0.5491870967741935,116.49503225806451,182999.93548387097,True
folk,1962,1966,1962_1966,39,0.5202051282051282,0.32657692307692304,5.512820512820513,0.7692307692307693,0.5702256410256411,116.44289743589744,177065.61538461538,True
folk,1963,1967,1963_1967,37,0.5075135135135135,0.32694594594594595,5.378378378378378,0.7837837837837838,0.5934270270270271,117.94683783783785,179680.0,True
folk,1964,1968,1964_1968,40,0.49939999999999996,0.347335,5.35,0.775,0.528695,116.314375,182263.65,True
folk,1965,1969,1965_1969,46,0.49723913043478263,0.33409347826086955,4.891304347826087,0.6956521739130435,0.4792565217391304,119.18069565217391,216026.95652173914,True
folk,1966,1970,1966_1970,55,0.48016363636363635,0.32012,4.418181818181818,0.7636363636363637,0.48241818181818186,119.00743636363636,208315.43636363637,True
folk,1967,1971,1967_1971,56,0.4823392857142857,0.2879125,4.482142857142857,0.8035714285714286,0.44076785714285716,118.73282142857144,215657.8392857143,True
folk,1968,1972,1968_1972,60,0.49583333333333335,0.27418333333333333,4.066666666666666,0.8166666666666667,0.4127166666666667,117.32600000000001,219774.0,True
folk,1969,1973,1969_1973,52,0.5049615384615385,0.27360576923076924,4.0,0.8076923076923077,0.4405,117.72063461538461,220714.34615384616,True
folk,1970,1974,1970_1974,43,0.5184651162790698,0.2871558139534884,3.697674418604651,0.8372093023255814,0.4696046511627907,114.94002325581395,203135.16279069768,True
folk,1971,1975,1971_1975,36,0.5361666666666667,0.3236222222222222,4.388888888888889,0.8333333333333334,0.43775000000000003,114.92236111111112,222674.41666666666,True
folk,1972,1976,1972_1976,31,0.539483870967742,0.34206129032258065,4.32258064516129,0.8064516129032258,0.43883870967741934,113.71219354838709,242662.93548387097,True
folk,1973,1977,1973_1977,23,0.5212608695652174,0.41950000000000004,4.608695652173913,0.7391304347826086,0.4524347826086957,116.362,254525.34782608695,True
folk,1974,1978,1974_1978,31,0.5287741935483871,0.42546774193548387,4.612903225806452,0.7741935483870968,0.4303548387096774,116.81103225806451,251230.32258064515,True
folk,1975,1979,1975_1979,33,0.5226666666666667,0.44707575757575757,5.212121212121212,0.7878787878787878,0.43775757575757573,117.6380606060606,265215.45454545453,True
folk,1976,1980,1976_1980,25,0.5296,0.45781999999999995,5.48,0.72,0.44596,117.37280000000001,276579.84,True
folk,1977,1981,1977_1981,25,0.51492,0.49758,5.32,0.72,0.4772,120.31804,260009.04,True
folk,1978,1982,1978_1982,23,0.5157826086956522,0.4709565217391304,5.3478260869565215,0.6956521739130435,0.47043478260869565,118.76182608695652,255847.52173913043,True
folk,1979,1983,1979_1983,20,0.5277000000000001,0.49205,5.35,0.65,0.54435,119.63485,276835.15,True
folk,1980,1984,1980_1984,20,0.50145,0.410735,5.3,0.7,0.4842000000000001,118.86580000000001,237636.0,True
folk,1981,1985,1981_1985,28,0.4992142857142857,0.3916892857142857,5.107142857142857,0.75,0.45557142857142857,121.09975,230760.0,True
folk,1982,1986,1982_1986,27,0.5215925925925926,0.40327037037037033,4.7407407407407405,0.7777777777777778,0.4695185185185185,119.99088888888889,228095.33333333334,True
folk,1983,1987,1983_1987,27,0.5204444444444444,0.4063814814814815,4.851851851851852,0.8148148148148148,0.4795185185185185,121.77118518518519,227951.62962962964,True
folk,1984,1988,1984_1988,29,0.5364137931034483,0.4095620689655172,5.275862068965517,0.7241379310344828,0.4782758620689655,122.40848275862069,215690.6551724138,True
folk,1985,1989,1985_1989,29,0.5341724137931034,0.45710689655172415,5.275862068965517,0.6206896551724138,0.47181724137931036,121.67937931034484,233418.0,True
folk,1986,1990,1986_1990,27,0.5435185185185185,0.44146296296296295,5.851851851851852,0.5925925925925926,0.4969148148148148,120.20762962962964,240613.92592592593,True
folk,1987,1991,1987_1991,38,0.5062894736842105,0.3754868421052631,6.315789473684211,0.5789473684210527,0.428528947368421,121.58097368421053,259783.18421052632,True
folk,1988,1992,1988_1992,39,0.5082820512820513,0.3776538461538462,6.564102564102564,0.5897435897435898,0.42481794871794876,118.61079487179487,263957.3076923077,True
folk,1989,1993,1989_1993,34,0.475764705882353,0.3266470588235294,6.5,0.6470588235294118,0.3710558823529412,118.36061764705882,269203.9117647059,True
folk,1990,1994,1990_1994,33,0.5002727272727273,0.32646969696969697,6.545454545454546,0.7272727272727273,0.4014909090909091,116.65963636363637,277852.48484848486,True
folk,1991,1995,1991_1995,38,0.5220526315789474,0.34801315789473686,5.973684210526316,0.7368421052631579,0.3761473684210526,115.79894736842107,276687.7105263158,True
folk,1992,1996,1992_1996,36,0.5223333333333333,0.3883638888888889,5.305555555555555,0.7777777777777778,0.40728888888888887,109.24630555555557,253403.75,True
folk,1993,1997,1993_1997,41,0.5242926829268293,0.38330975609756096,4.975609756097561,0.7560975609756098,0.4084536585365854,111.03573170731708,247521.9756097561,True
folk,1994,1998,1994_1998,71,0.4987422535211267,0.42434788732394363,5.253521126760563,0.7746478873239436,0.37017746478873237,112.92819718309859,236610.71830985916,True
folk,1995,1999,1995_1999,77,0.49474935064935066,0.4116064935064935,5.324675324675325,0.7272727272727273,0.36246883116883116,112.13314285714286,228690.94805194804,True
folk,1996,2000,1996_2000,76,0.4920881578947368,0.4075394736842105,5.394736842105263,0.6842105263157895,0.3519894736842105,112.45652631578947,226170.52631578947,True
folk,1997,2001,1997_2001,91,0.507678021978022,0.40355824175824173,5.461538461538462,0.6923076923076923,0.35653186813186816,114.21196703296704,229205.7142857143,True
folk,1998,2002,1998_2002,112,0.51681875,0.4150714285714286,5.544642857142857,0.7232142857142857,0.3757803571428572,113.1035625,230580.07142857142,True
folk,1999,2003,1999_2003,102,0.5373627450980392,0.41591078431372547,5.7254901960784315,0.6666666666666666,0.40662058823529407,113.74555882352942,234047.41176470587,True
folk,2000,2004,2000_2004,116,0.528603448275862,0.4034077586206896,5.439655172413793,0.6982758620689655,0.40205862068965514,115.39947413793104,223627.62068965516,True
folk,2001,2005,2001_2005,150,0.5110133333333333,0.4183366666666667,5.44,0.7333333333333333,0.41795533333333335,116.12230000000001,216356.96,True
folk,2002,2006,2002_2006,169,0.5125100591715976,0.4243869822485207,5.4674556213017755,0.7396449704142012,0.4052473372781065,116.20927810650886,219127.88165680473,True
folk,2003,2007,2003_2007,216,0.5121166666666667,0.43344814814814814,5.273148148148148,0.7129629629629629,0.41218935185185185,117.58892592592592,217783.4351851852,True
folk,2004,2008,2004_2008,282,0.5069617021276596,0.43177801418439715,5.070921985815603,0.7340425531914894,0.4059482269503546,117.61697517730497,217991.9929078014,True
folk,2005,2009,2005_2009,376,0.5039978723404255,0.43200962765957446,5.0186170212765955,0.7367021276595744,0.3946518617021277,118.09634840425532,222273.63829787233,True
folk,2006,2010,2006_2010,454,0.5099321585903084,0.4327901321585903,5.101321585903084,0.7268722466960352,0.3775991189427313,118.85992070484582,226111.06387665198,True
folk,2007,2011,2007_2011,600,0.5038766666666668,0.4360465333333334,5.151666666666666,0.7183333333333334,0.3745928333333333,119.15748166666667,228613.38666666666,True
folk,2008,2012,2008_2012,731,0.49657729138166895,0.43629469220246236,5.073871409028728,0.7359781121751026,0.3597493844049248,118.3426538987688,232031.69630642954,True
folk,2009,2013,2009_2013,823,0.4999611178614824,0.4427678371810449,4.997569866342649,0.7253948967193196,0.3561102065613609,118.07810206561362,233446.47144592952,True
folk,2010,2014,2010_2014,851,0.5007320799059929,0.4517525381903643,5.019976498237368,0.7203290246768508,0.35379612220916573,117.57593889541715,236118.41363102233,True
folk,2011,2015,2011_2015,910,0.49950549450549453,0.464032978021978,5.002197802197802,0.7241758241758242,0.3601532967032967,117.22597032967033,236062.35274725273,True
folk,2012,2016,2012_2016,898,0.501033407572383,0.476505579064588,4.963251670378619,0.7249443207126949,0.3596451002227171,116.17138975501113,234732.1904231626,True
folk,2013,2017,2013_2017,946,0.510776955602537,0.4832262262156448,5.206131078224101,0.7071881606765328,0.3684688160676533,116.63627589852008,234506.911205074,True
folk,2014,2018,2014_2018,1025,0.5148780487804878,0.48705453658536585,5.311219512195122,0.72,0.37213365853658537,117.80939317073171,236138.41170731708,True
folk,2015,2019,2015_2019,959,0.5186798748696558,0.4868590198123045,5.326381647549531,0.7194994786235662,0.37372533889468196,118.35647236704901,233832.80187695517,True
funk,1965,1969,1965_1969,20,0.61285,0.5851,5.3,0.75,0.7208,121.4213,224417.25,True
funk,1966,1970,1966_1970,44,0.630909090909091,0.6400909090909092,5.613636363636363,0.6136363636363636,0.7499772727272728,114.70709090909091,221981.0,True
funk,1967,1971,1967_1971,75,0.6252800000000001,0.6467733333333334,5.653333333333333,0.6,0.7353826666666666,115.99113333333335,231029.41333333333,True
funk,1968,1972,1968_1972,95,0.6302,0.6446210526315789,5.768421052631579,0.5894736842105263,0.7383442105263158,113.00892631578947,240566.24210526317,True
funk,1969,1973,1969_1973,125,0.633456,0.6318400000000001,5.824,0.584,0.7367576,114.25990399999999,270398.464,True
funk,1970,1974,1970_1974,141,0.634113475177305,0.6355248226950354,5.716312056737588,0.5673758865248227,0.7369198581560283,114.98860992907801,269254.24822695035,True
funk,1971,1975,1971_1975,142,0.6380704225352112,0.6246901408450705,5.830985915492958,0.5915492957746479,0.7306035211267605,114.67882394366197,272458.7042253521,True
funk,1972,1976,1972_1976,120,0.6407333333333334,0.6124833333333334,5.808333333333334,0.5666666666666667,0.7267166666666667,113.52689166666666,279750.375,True
funk,1973,1977,1973_1977,108,0.6412407407407408,0.6188148148148147,5.842592592592593,0.5277777777777778,0.7279722222222221,115.42200925925926,289311.6574074074,True
funk,1974,1978,1974_1978,90,0.6472555555555556,0.6284666666666666,5.677777777777778,0.5333333333333333,0.7291777777777778,115.05656666666667,260435.6,True
funk,1975,1979,1975_1979,72,0.6685972222222223,0.6175277777777778,5.791666666666667,0.5694444444444444,0.742125,113.99004166666666,259404.5,True
funk,1976,1980,1976_1980,60,0.6914666666666667,0.6234000000000001,5.75,0.55,0.738035,116.23613333333333,271938.9666666667,True
funk,1977,1981,1977_1981,65,0.7194153846153846,0.6230923076923076,5.815384615384615,0.6,0.7592630769230769,118.40541538461538,276672.0,True
funk,1978,1982,1978_1982,66,0.7456969696969697,0.606439393939394,5.621212121212121,0.6363636363636364,0.7608499999999999,119.06319696969697,278192.9393939394,True
funk,1979,1983,1979_1983,62,0.7636129032258064,0.6130967741935484,5.919354838709677,0.6129032258064516,0.7893887096774193,120.21732258064516,281544.01612903224,True
funk,1980,1984,1980_1984,72,0.7278194444444445,0.6521388888888889,6.208333333333333,0.5972222222222222,0.7337374999999999,124.33663888888888,289675.68055555556,True
funk,1981,1985,1981_1985,73,0.7195753424657534,0.6675205479452054,5.739726027397261,0.6301369863013698,0.7281917808219178,125.01734246575342,282603.94520547945,True
funk,1982,1986,1982_1986,64,0.7279375,0.677640625,6.0,0.625,0.718765625,122.922578125,283310.328125,True
funk,1983,1987,1983_1987,74,0.7090945945945946,0.7114459459459459,6.27027027027027,0.6486486486486487,0.6734189189189189,122.53336486486488,256360.83783783784,True
funk,1984,1988,1984_1988,67,0.7013731343283581,0.7161492537313433,6.343283582089552,0.6716417910447762,0.6440298507462686,122.23637313432836,291056.1343283582,True
funk,1985,1989,1985_1989,62,0.7001290322580646,0.7101290322580645,5.725806451612903,0.6290322580645161,0.652225806451613,119.55006451612904,281207.7419354839,True
funk,1986,1990,1986_1990,52,0.6961538461538462,0.7147884615384614,5.846153846153846,0.5961538461538461,0.6485000000000001,119.85269230769231,291553.3653846154,True
funk,1987,1991,1987_1991,78,0.6624102564102564,0.6892179487179487,5.653846153846154,0.6410256410256411,0.6260858974358974,118.1108846153846,275259.2948717949,True
funk,1988,1992,1988_1992,65,0.6417846153846154,0.6788,5.230769230769231,0.6615384615384615,0.6248261538461539,117.98343076923076,289364.8461538461,True
funk,1989,1993,1989_1993,81,0.6497037037037037,0.6970000000000001,5.333333333333333,0.6296296296296297,0.659737037037037,119.10667901234568,252633.35802469135,True
funk,1990,1994,1990_1994,75,0.6607866666666666,0.6818666666666666,5.36,0.6533333333333333,0.6772493333333334,118.40172000000001,259504.12,True
funk,1991,1995,1991_1995,90,0.6456,0.7061111111111111,5.311111111111111,0.6777777777777778,0.6654855555555556,117.0599111111111,265137.86666666664,True
funk,1992,1996,1992_1996,70,0.6542285714285714,0.7578428571428572,4.985714285714286,0.6142857142857143,0.7000428571428572,117.01975714285715,272879.21428571426,True
funk,1993,1997,1993_1997,79,0.6572025316455696,0.756,5.481012658227848,0.6075949367088608,0.6968481012658229,114.86725316455697,273036.7721518987,True
funk,1994,1998,1994_1998,70,0.658,0.7507,5.428571428571429,0.6,0.6680285714285714,113.64011428571429,278565.67142857146,True
funk,1995,1999,1995_1999,86,0.651546511627907,0.758093023255814,5.151162790697675,0.6162790697674418,0.6551825581395349,111.77433720930233,260626.32558139536,True
funk,1996,2000,1996_2000,83,0.6771325301204819,0.7129638554216867,5.493975903614458,0.5301204819277109,0.6790084337349398,112.66763855421688,256618.43373493975,True
funk,1997,2001,1997_2001,82,0.674109756097561,0.6974756097560976,5.329268292682927,0.5609756097560976,0.6609109756097561,113.83264634146342,259557.18292682926,True
funk,1998,2002,1998_2002,81,0.6627654320987654,0.711320987654321,5.283950617283951,0.5555555555555556,0.6475148148148149,113.3471975308642,257813.43209876542,True
funk,1999,2003,1999_2003,90,0.6656777777777778,0.7117555555555556,5.144444444444445,0.5666666666666667,0.6560411111111111,110.25744444444445,250987.94444444444,True
funk,2000,2004,2000_2004,72,0.6791111111111111,0.6930555555555555,5.402777777777778,0.5138888888888888,0.6535277777777778,111.14511111111112,258424.54166666666,True
funk,2001,2005,2001_2005,70,0.6704285714285714,0.7441714285714286,4.871428571428571,0.5857142857142857,0.6673285714285715,113.57615714285714,257038.0285714286,True
funk,2002,2006,2002_2006,102,0.6458333333333334,0.7903921568627451,5.098039215686274,0.5980392156862745,0.6383137254901962,113.7870294117647,247018.24509803922,True
funk,2003,2007,2003_2007,118,0.6524067796610169,0.7665338983050847,5.11864406779661,0.5932203389830508,0.6557110169491526,115.91790677966102,236190.74576271186,True
funk,2004,2008,2004_2008,117,0.6482991452991453,0.7657948717948718,5.042735042735043,0.6068376068376068,0.6631957264957266,118.94411965811966,234231.5811965812,True
funk,2005,2009,2005_2009,131,0.6505877862595421,0.7495954198473282,5.015267175572519,0.6335877862595419,0.6618236641221373,118.3608854961832,243667.22900763358,True
funk,2006,2010,2006_2010,151,0.6539139072847682,0.7369403973509934,5.291390728476821,0.5960264900662252,0.6507536423841059,116.06323841059601,242213.66887417217,True
funk,2007,2011,2007_2011,131,0.669236641221374,0.7063282442748091,5.3816793893129775,0.5572519083969466,0.669006106870229,115.78326717557252,243841.06870229007,True
funk,2008,2012,2008_2012,135,0.6816444444444445,0.7026444444444444,5.177777777777778,0.5407407407407407,0.6785251851851851,115.32113333333334,245876.63703703703,True
funk,2009,2013,2009_2013,150,0.68296,0.6820533333333334,5.273333333333333,0.5333333333333333,0.6659393333333333,115.27928666666666,245887.28666666665,True
funk,2010,2014,2010_2014,204,0.698857843137255,0.7112107843137254,5.117647058823529,0.4852941176470588,0.6700401960784313,118.22094607843137,232293.21568627452,True
funk,2011,2015,2011_2015,226,0.7025398230088495,0.6951902654867257,5.013274336283186,0.504424778761062,0.6639420353982302,117.49884955752214,226127.203539823,True
funk,2012,2016,2012_2016,294,0.7166360544217687,0.6878231292517006,5.125850340136054,0.5408163265306123,0.6666231292517006,118.89558843537415,221918.49659863947,True
funk,2013,2017,2013_2017,353,0.7182634560906516,0.6769999999999999,5.2266288951841355,0.5439093484419264,0.6514977337110481,119.1356912181303,219376.3937677054,True
funk,2014,2018,2014_2018,435,0.729687356321839,0.6744774712643677,5.393103448275862,0.5540229885057472,0.6510383908045977,119.26535172413793,215093.61149425287,True
funk,2015,2019,2015_2019,404,0.7262995049504951,0.671204702970297,5.561881188118812,0.5767326732673267,0.6501544554455445,118.78321287128712,210916.7896039604,True
glam rock,1967,1971,1967_1971,36,0.46025,0.49780555555555556,5.055555555555555,0.8055555555555556,0.5559444444444445,126.58591666666666,242324.08333333334,True
glam rock,1968,1972,1968_1972,69,0.4693623188405798,0.5356666666666666,4.956521739130435,0.7971014492753623,0.5528405797101449,125.8816956521739,227829.72463768115,True
glam rock,1969,1973,1969_1973,114,0.46349122807017545,0.5998157894736843,5.421052631578948,0.7719298245614035,0.5515701754385964,124.86075438596491,235730.59649122806,True
glam rock,1970,1974,1970_1974,159,0.46193710691823897,0.6339056603773585,5.3081761006289305,0.7672955974842768,0.5606289308176101,123.87869182389937,226084.09433962265,True
glam rock,1971,1975,1971_1975,162,0.4725185185185185,0.6436049382716049,5.222222222222222,0.7839506172839507,0.5717962962962962,122.83217901234569,224048.2098765432,True
glam rock,1972,1976,1972_1976,153,0.46780392156862743,0.6575620915032679,5.052287581699346,0.7712418300653595,0.5603777777777778,122.97,229584.4705882353,True
glam rock,1973,1977,1973_1977,134,0.4692388059701493,0.6888582089552239,5.097014925373134,0.753731343283582,0.5597559701492537,122.00086567164179,229717.42537313432,True
glam rock,1974,1978,1974_1978,101,0.488019801980198,0.6844554455445544,4.742574257425742,0.7524752475247525,0.574309900990099,120.5701089108911,219120.0099009901,True
glam rock,1975,1979,1975_1979,57,0.5256315789473684,0.6698070175438597,4.771929824561403,0.7368421052631579,0.5866894736842105,121.68519298245614,215167.0,True
glam rock,1976,1980,1976_1980,65,0.5413230769230769,0.6870461538461539,4.938461538461539,0.7230769230769231,0.5896353846153847,118.25804615384615,225030.73846153845,True
glam rock,1977,1981,1977_1981,54,0.5495555555555556,0.7155370370370371,5.37037037037037,0.7407407407407407,0.596675925925926,119.52807407407408,216680.92592592593,True
glam rock,1978,1982,1978_1982,47,0.5860212765957447,0.7132978723404255,5.297872340425532,0.8085106382978723,0.6318510638297872,119.70127659574469,233469.06382978722,True
glam rock,1979,1983,1979_1983,43,0.5818604651162791,0.7271627906976744,5.27906976744186,0.813953488372093,0.6460232558139535,122.78260465116279,249349.67441860464,True
glam rock,1980,1984,1980_1984,41,0.5976341463414634,0.7195853658536585,5.0,0.8292682926829268,0.6356341463414634,118.61317073170733,259505.24390243902,True
glam rock,1981,1985,1981_1985,25,0.5976,0.72092,5.28,0.84,0.6478,122.62799999999999,266391.88,True
glam rock,1982,1986,1982_1986,28,0.6031428571428572,0.7008571428571428,5.25,0.8214285714285714,0.64605,121.08039285714287,259180.0357142857,True
glam rock,1983,1987,1983_1987,23,0.5673913043478261,0.7035652173913044,5.173913043478261,0.782608695652174,0.6390173913043479,124.37326086956521,255781.60869565216,True
glam rock,1985,1989,1985_1989,20,0.5444,0.7271500000000001,5.3,0.8,0.54462,118.85589999999999,245545.55,True
glam rock,1986,1990,1986_1990,21,0.5406666666666667,0.7144285714285714,5.238095238095238,0.8571428571428571,0.5531619047619047,118.01580952380952,241484.66666666666,True
glam rock,1987,1991,1987_1991,22,0.5482272727272727,0.7355909090909091,5.090909090909091,0.7727272727272727,0.5026363636363637,115.64013636363637,252791.5,True
glam rock,1988,1992,1988_1992,20,0.55335,0.71715,5.3,0.75,0.4744499999999999,112.3845,255921.95,True
glam rock,1989,1993,1989_1993,29,0.5534137931034483,0.7242758620689655,5.413793103448276,0.7586206896551724,0.536551724137931,116.59689655172414,244148.41379310345,True
glam rock,1990,1994,1990_1994,22,0.562,0.6998181818181819,5.2272727272727275,0.7727272727272727,0.5336818181818181,121.3113181818182,241694.4090909091,True
glam rock,1991,1995,1991_1995,24,0.56225,0.702875,5.083333333333333,0.7916666666666666,0.539875,124.05525,243023.25,True
glam rock,1993,1997,1993_1997,20,0.5352,0.7064,5.25,0.85,0.58355,129.02895,239863.95,True
glam rock,2000,2004,2000_2004,20,0.60095,0.8054,4.8,0.65,0.56505,127.45935,233134.05,True
glam rock,2001,2005,2001_2005,23,0.5993913043478261,0.799391304347826,5.086956521739131,0.6956521739130435,0.571,125.27469565217392,237880.04347826086,True
glam rock,2002,2006,2002_2006,27,0.6210740740740741,0.7981851851851852,5.185185185185185,0.7037037037037037,0.6201111111111111,126.21711111111111,233134.8148148148,True
glam rock,2003,2007,2003_2007,27,0.6210740740740741,0.7981851851851852,5.185185185185185,0.7037037037037037,0.6201111111111111,126.21711111111111,233134.8148148148,True
glam rock,2004,2008,2004_2008,21,0.680952380952381,0.7723333333333334,5.333333333333333,0.6190476190476191,0.6741904761904761,121.70295238095238,238447.66666666666,True
glam rock,2005,2009,2005_2009,21,0.587047619047619,0.799904761904762,6.0476190476190474,0.5714285714285714,0.6363809523809524,118.76519047619047,233184.04761904763,True
glam rock,2006,2010,2006_2010,24,0.5651666666666667,0.8377083333333334,5.875,0.5416666666666666,0.632,120.60583333333334,227563.79166666666,True
glam rock,2009,2013,2009_2013,25,0.51536,0.80928,5.56,0.52,0.53616,125.77072,216850.44,True
glam rock,2010,2014,2010_2014,25,0.50188,0.8337600000000001,5.56,0.64,0.48304,127.80976000000001,220368.88,True
glam rock,2011,2015,2011_2015,20,0.49715,0.7973,5.1,0.6,0.45685000000000003,129.10325,211037.8,True
glam rock,2012,2016,2012_2016,27,0.5140370370370371,0.7758518518518519,5.592592592592593,0.5555555555555556,0.4382592592592593,130.7472962962963,218032.4814814815,True
glam rock,2013,2017,2013_2017,39,0.5322820512820513,0.7544615384615384,5.769230769230769,0.5128205128205128,0.44532307692307693,129.25653846153847,225294.6923076923,True
glam rock,2014,2018,2014_2018,67,0.47208955223880594,0.8231641791044776,5.880597014925373,0.5970149253731343,0.41363582089552237,125.90334328358207,232050.79104477612,True
glam rock,2015,2019,2015_2019,65,0.47666153846153847,0.7986923076923077,5.892307692307693,0.6307692307692307,0.4392707692307692,126.70147692307691,231416.38461538462,True
gothic rock,1977,1981,1977_1981,31,0.5171612903225806,0.6154193548387097,5.612903225806452,0.5483870967741935,0.5063483870967742,136.9116129032258,232610.74193548388,True
gothic rock,1978,1982,1978_1982,47,0.49321276595744684,0.6857234042553191,5.0212765957446805,0.5957446808510638,0.489968085106383,134.8283829787234,243971.44680851063,True
gothic rock,1979,1983,1979_1983,49,0.47953061224489796,0.6808571428571429,5.346938775510204,0.5510204081632653,0.45898979591836736,133.84279591836736,247144.8775510204,True
gothic rock,1980,1984,1980_1984,55,0.4633090909090909,0.6843272727272727,5.090909090909091,0.5636363636363636,0.46896,135.88518181818182,248988.69090909092,True
gothic rock,1981,1985,1981_1985,50,0.45,0.7096399999999999,5.36,0.54,0.49767000000000006,136.52536,255496.06,True
gothic rock,1982,1986,1982_1986,44,0.4486590909090909,0.7580909090909091,5.25,0.5454545454545454,0.47508409090909093,134.33502272727273,280148.1818181818,True
gothic rock,1983,1987,1983_1987,37,0.45356756756756755,0.7199729729729729,5.891891891891892,0.5135135135135135,0.4882162162162162,134.49408108108108,284439.5135135135,True
gothic rock,1984,1988,1984_1988,32,0.4649375,0.731625,5.3125,0.5625,0.49821875,134.4605,298064.84375,True
gothic rock,1985,1989,1985_1989,26,0.5065000000000001,0.7434615384615384,5.961538461538462,0.5384615384615384,0.4916538461538461,129.97615384615386,307278.3076923077,True
gothic rock,1986,1990,1986_1990,21,0.5080476190476191,0.7243809523809523,6.238095238095238,0.5714285714285714,0.47709523809523813,126.67323809523809,318275.38095238095,True
gothic rock,1992,1996,1992_1996,23,0.41404347826086957,0.732,6.173913043478261,0.4782608695652174,0.36559565217391304,119.80165217391304,316360.17391304346,True
gothic rock,1993,1997,1993_1997,31,0.42788709677419356,0.7433870967741936,5.67741935483871,0.5483870967741935,0.3420225806451613,123.84996774193547,310905.96774193546,True
gothic rock,1994,1998,1994_1998,28,0.4479464285714286,0.7383571428571428,5.285714285714286,0.5357142857142857,0.347975,125.11699999999999,330081.3214285714,True
gothic rock,1995,1999,1995_1999,33,0.44707575757575757,0.726939393939394,5.303030303030303,0.5757575757575758,0.3514030303030303,128.43451515151514,331041.7878787879,True
gothic rock,1996,2000,1996_2000,36,0.45454166666666673,0.7586388888888889,4.527777777777778,0.6388888888888888,0.3479527777777778,127.67622222222222,324606.9166666667,True
gothic rock,1997,2001,1997_2001,29,0.4761896551724138,0.7599655172413794,4.344827586206897,0.6551724137931034,0.3707586206896552,133.7796896551724,297591.5862068966,True
gothic rock,1998,2002,1998_2002,26,0.4858461538461538,0.7761923076923077,5.115384615384615,0.5769230769230769,0.3833076923076923,131.91115384615384,281312.1153846154,True
gothic rock,1999,2003,1999_2003,38,0.4527894736842105,0.7491578947368421,5.631578947368421,0.4473684210526316,0.33026315789473687,131.3555789473684,256334.2105263158,True
gothic rock,2000,2004,2000_2004,43,0.45553488372093026,0.7622790697674419,5.4186046511627906,0.3953488372093023,0.33795348837209305,134.41262790697672,253086.44186046513,True
gothic rock,2001,2005,2001_2005,59,0.45149152542372883,0.7792881355932204,5.627118644067797,0.3728813559322034,0.3148152542372882,128.75918644067795,261613.50847457626,True
gothic rock,2002,2006,2002_2006,72,0.440875,0.7811944444444445,5.819444444444445,0.3194444444444444,0.3126347222222222,128.04795833333333,258945.52777777778,True
gothic rock,2003,2007,2003_2007,91,0.434967032967033,0.7860769230769231,5.637362637362638,0.3076923076923077,0.3235648351648352,128.24725274725276,266106.26373626373,True
gothic rock,2004,2008,2004_2008,84,0.43870238095238095,0.8008571428571429,5.619047619047619,0.2976190476190476,0.34223095238095236,127.05395238095237,269056.25,True
gothic rock,2005,2009,2005_2009,84,0.44585714285714284,0.8122976190476191,5.714285714285714,0.32142857142857145,0.3421119047619048,124.44182142857142,265935.29761904763,True
gothic rock,2006,2010,2006_2010,71,0.4413943661971831,0.8129577464788732,5.929577464788732,0.323943661971831,0.35981690140845074,127.44394366197184,260664.97183098592,True
gothic rock,2007,2011,2007_2011,80,0.4491625,0.8205500000000001,5.3875,0.4375,0.3669775,130.5627875,252080.7625,True
gothic rock,2008,2012,2008_2012,71,0.47223943661971834,0.8263098591549296,5.676056338028169,0.4647887323943662,0.40813380281690137,130.5751971830986,234790.0704225352,True
gothic rock,2009,2013,2009_2013,72,0.47411111111111115,0.835375,5.652777777777778,0.5138888888888888,0.40624305555555557,133.5764861111111,233987.625,True
gothic rock,2010,2014,2010_2014,99,0.4690808080808081,0.8308181818181819,5.505050505050505,0.47474747474747475,0.3887242424242424,133.76951515151515,238443.43434343435,True
gothic rock,2011,2015,2011_2015,101,0.476950495049505,0.8223366336633663,5.188118811881188,0.4752475247524752,0.40083564356435647,132.9101188118812,239100.1188118812,True
gothic rock,2012,2016,2012_2016,94,0.4804893617021277,0.8081382978723405,5.319148936170213,0.4148936170212766,0.4030978723404255,129.2305744680851,251427.03191489363,True
gothic rock,2013,2017,2013_2017,119,0.438327731092437,0.7431848739495798,4.915966386554622,0.3865546218487395,0.3309789915966386,131.12006722689077,265700.64705882355,True
gothic rock,2014,2018,2014_2018,133,0.4454511278195489,0.7386691729323308,4.819548872180451,0.41353383458646614,0.3377421052631579,129.44412030075188,269134.06015037594,True
gothic rock,2015,2019,2015_2019,102,0.44108823529411767,0.7124705882352941,4.598039215686274,0.4117647058823529,0.3440735294117647,128.91529411764705,274599.4705882353,True
grunge,1984,1988,1984_1988,20,0.390815,0.7574500000000001,6.4,0.7,0.50978,136.92595,184516.7,True
grunge,1985,1989,1985_1989,20,0.301065,0.8521000000000001,6.2,0.6,0.34133,136.67145,251055.35,True
grunge,1986,1990,1986_1990,54,0.34857962962962963,0.7327962962962963,5.518518518518518,0.7592592592592593,0.3589555555555556,129.0492037037037,253091.66666666666,True
grunge,1987,1991,1987_1991,128,0.3510078125,0.76075,5.7265625,0.7109375,0.35741171875,127.1971484375,252377.2734375,True
grunge,1988,1992,1988_1992,200,0.35871000000000003,0.7655150000000001,5.66,0.735,0.38869750000000003,128.01103,247432.92,True
grunge,1989,1993,1989_1993,256,0.374526171875,0.74067578125,5.4921875,0.7421875,0.384234765625,127.18087109375,247820.4296875,True
grunge,1990,1994,1990_1994,318,0.38277484276729556,0.7327798742138365,5.248427672955975,0.7641509433962265,0.38981383647798745,126.15630503144655,247836.77672955976,True
grunge,1991,1995,1991_1995,341,0.3850011730205279,0.7371055718475074,5.475073313782991,0.7448680351906158,0.395233137829912,125.3370439882698,249482.85630498533,True
grunge,1992,1996,1992_1996,315,0.39892285714285713,0.7196539682539682,5.2634920634920634,0.765079365079365,0.4040787301587302,126.47018412698412,249441.79047619048,True
grunge,1993,1997,1993_1997,267,0.41150823970037453,0.7092958801498127,5.1722846441947565,0.7602996254681648,0.3957134831460674,125.3693745318352,251259.1573033708,True
grunge,1994,1998,1994_1998,223,0.41604798206278026,0.7221614349775785,5.130044843049327,0.7668161434977578,0.40537982062780265,125.54165919282512,250869.89237668162,True
grunge,1995,1999,1995_1999,191,0.42292146596858643,0.7339424083769633,5.424083769633508,0.7643979057591623,0.39895392670157065,128.41551308900523,253087.88481675394,True
grunge,1996,2000,1996_2000,148,0.42766216216216213,0.7371975743243244,4.993243243243243,0.7837837837837838,0.40021081081081084,133.2976216216216,250818.17567567568,True
grunge,1997,2001,1997_2001,117,0.4333931623931624,0.7545490683760684,5.299145299145299,0.7948717948717948,0.4053649572649573,133.65735897435897,248398.38461538462,True
grunge,1998,2002,1998_2002,132,0.42439393939393943,0.7527063712121213,5.431818181818182,0.7575757575757576,0.3841901515151515,135.05233333333334,252355.7196969697,True
grunge,1999,2003,1999_2003,116,0.4204655172413793,0.7519675948275861,5.525862068965517,0.7413793103448276,0.3839629310344827,135.7426551724138,255532.62068965516,True
grunge,2000,2004,2000_2004,85,0.4228941176470588,0.7522263647058823,5.364705882352941,0.7058823529411765,0.3934235294117647,133.92303529411765,248064.15294117646,True
grunge,2001,2005,2001_2005,91,0.4462527472527473,0.756945054945055,5.285714285714286,0.7252747252747253,0.3864494505494505,130.72528571428572,247772.02197802198,True
grunge,2002,2006,2002_2006,88,0.4254318181818182,0.770159090909091,5.340909090909091,0.7045454545454546,0.3793625,132.5815568181818,252581.8409090909,True
grunge,2003,2007,2003_2007,76,0.42769736842105266,0.7995,5.0,0.7894736842105263,0.40084605263157896,132.46077631578947,253531.73684210525,True
grunge,2004,2008,2004_2008,82,0.41576829268292687,0.8004512195121951,5.121951219512195,0.8048780487804879,0.39765,132.18310975609756,250927.06097560975,True
grunge,2005,2009,2005_2009,114,0.4019228070175439,0.814578947368421,5.5,0.7543859649122807,0.420940350877193,132.25640350877194,242517.57894736843,True
grunge,2006,2010,2006_2010,109,0.389845871559633,0.8253119266055046,5.477064220183486,0.7614678899082569,0.43312660550458715,134.17888990825688,238194.53211009174,True
grunge,2007,2011,2007_2011,105,0.4034495238095238,0.800235238095238,5.3238095238095235,0.7523809523809524,0.43962761904761904,129.18207619047618,231411.6761904762,True
grunge,2008,2012,2008_2012,90,0.39146888888888887,0.7797855555555556,5.488888888888889,0.7,0.4365955555555555,127.6311111111111,226458.23333333334,True
grunge,2009,2013,2009_2013,109,0.4181669724770642,0.7702724770642202,5.348623853211009,0.7155963302752294,0.4259779816513762,126.85166055045872,232864.28440366974,True
grunge,2010,2014,2010_2014,88,0.4213522727272727,0.7350079545454545,5.2727272727272725,0.75,0.37963636363636366,126.22434090909091,244185.7159090909,True
grunge,2011,2015,2011_2015,108,0.43910185185185185,0.7178953703703704,5.518518518518518,0.6851851851851852,0.3632537037037037,126.86483333333334,239850.2962962963,True
grunge,2012,2016,2012_2016,117,0.4235128205128205,0.7507521367521367,5.316239316239316,0.7008547008547008,0.3659521367521368,128.84544444444444,243296.99145299144,True
grunge,2013,2017,2013_2017,141,0.4421985815602837,0.7635673758865248,5.581560283687943,0.6666666666666666,0.38122482269503544,129.66514184397164,237380.74468085106,True
grunge,2014,2018,2014_2018,177,0.44818644067796615,0.7671073446327683,5.559322033898305,0.6214689265536724,0.39815649717514123,127.67272881355932,233015.53672316385,True
grunge,2015,2019,2015_2019,195,0.4633179487179487,0.7495794871794872,5.476923076923077,0.6461538461538462,0.4134933333333334,126.04118974358974,232335.62564102563,True
hard rock,1965,1969,1965_1969,41,0.444609756097561,0.6260975609756098,6.195121951219512,0.8048780487804879,0.44342926829268287,121.14858536585365,255132.58536585365,True
hard rock,1966,1970,1966_1970,64,0.449109375,0.626109375,5.75,0.828125,0.48400624999999997,119.729296875,260565.84375,True
hard rock,1967,1971,1967_1971,91,0.4471648351648352,0.6400648351648351,5.516483516483516,0.8021978021978022,0.4985978021978022,119.16176923076922,263680.5714285714,True
hard rock,1968,1972,1968_1972,116,0.45006896551724135,0.6467155172413793,5.422413793103448,0.7844827586206896,0.519226724137931,123.32322413793104,264763.1379310345,True
hard rock,1969,1973,1969_1973,159,0.4574088050314465,0.6630503144654087,5.220125786163522,0.779874213836478,0.5272345911949685,122.26571698113207,269442.5157232704,True
hard rock,1970,1974,1970_1974,178,0.4496292134831461,0.6860533707865168,4.780898876404494,0.7471910112359551,0.5528747191011236,124.72635393258427,266179.9438202247,True
hard rock,1971,1975,1971_1975,226,0.4477256637168142,0.6835690265486726,5.030973451327434,0.6991150442477876,0.5595880530973452,125.74656637168141,263947.51769911504,True
hard rock,1972,1976,1972_1976,254,0.44786220472440946,0.7064476377952756,5.031496062992126,0.6889763779527559,0.5683236220472441,126.94787007874015,260697.3346456693,True
hard rock,1973,1977,1973_1977,269,0.4481003717472119,0.7081955390334573,5.066914498141264,0.6654275092936803,0.5600903345724907,127.24969144981414,259156.75836431226,True
hard rock,1974,1978,1974_1978,263,0.43645247148288974,0.7134623574144487,5.32319391634981,0.6273764258555133,0.5646361216730038,128.06,254364.0874524715,True
hard rock,1975,1979,1975_1979,275,0.42797454545454544,0.7448803636363636,5.385454545454546,0.6254545454545455,0.5425421818181818,129.55096363636363,251139.5781818182,True
hard rock,1976,1980,1976_1980,262,0.4226679389312977,0.7832320610687022,5.1106870229007635,0.6526717557251909,0.5129725190839695,130.4378244274809,245558.40076335878,True
hard rock,1977,1981,1977_1981,260,0.42051153846153844,0.78128,5.123076923076923,0.6423076923076924,0.5075765384615385,129.48508076923076,244277.83846153846,True
hard rock,1978,1982,1978_1982,261,0.41475862068965513,0.7943670498084291,4.973180076628353,0.6398467432950191,0.49555134099616854,128.55219540229885,243259.41762452107,True
hard rock,1979,1983,1979_1983,264,0.4195568181818182,0.8160825757575757,4.628787878787879,0.6515151515151515,0.48560416666666667,128.8241477272727,243575.23106060605,True
hard rock,1980,1984,1980_1984,277,0.43121660649819493,0.8027718411552346,4.76173285198556,0.6245487364620939,0.491643321299639,128.17396389891698,247088.74368231048,True
hard rock,1981,1985,1981_1985,247,0.43740485829959513,0.8074493927125506,4.866396761133603,0.5910931174089069,0.49900607287449394,128.54315384615384,251212.95951417004,True
hard rock,1982,1986,1982_1986,260,0.44584615384615384,0.8166038461538462,5.015384615384615,0.5884615384615385,0.47275500000000004,128.62062307692307,251554.7423076923,True
hard rock,1983,1987,1983_1987,265,0.4440943396226415,0.8227547169811321,5.026415094339622,0.6226415094339622,0.4621052830188679,128.18581886792452,256256.89056603773,True
hard rock,1984,1988,1984_1988,270,0.4573888888888889,0.8043148148148148,5.292592592592593,0.6444444444444445,0.46019037037037036,127.2389074074074,259766.35925925925,True
hard rock,1985,1989,1985_1989,258,0.45560077519379844,0.8113682170542635,5.321705426356589,0.6782945736434108,0.4381604651162791,126.34432170542635,263973.87596899224,True
hard rock,1986,1990,1986_1990,269,0.46214126394052046,0.7941933085501859,5.330855018587361,0.6988847583643123,0.43771895910780667,124.77259479553904,266397.9553903346,True
hard rock,1987,1991,1987_1991,248,0.4524435483870968,0.7811975806451613,5.092741935483871,0.7137096774193549,0.4286399193548387,121.90530241935484,273466.34274193546,True
hard rock,1988,1992,1988_1992,241,0.4576182572614108,0.777643153526971,5.319502074688796,0.7053941908713693,0.43808713692946055,120.7731867219917,278125.2365145228,True
hard rock,1989,1993,1989_1993,203,0.44961083743842367,0.7831379310344828,5.300492610837439,0.6798029556650246,0.4272655172413793,119.92611822660099,282272.275862069,True
hard rock,1990,1994,1990_1994,159,0.453622641509434,0.7771132075471697,5.238993710691824,0.6855345911949685,0.4466188679245283,117.88651572327043,286975.9937106918,True
hard rock,1991,1995,1991_1995,141,0.4338014184397163,0.788,5.453900709219858,0.6808510638297872,0.42615106382978724,117.99951773049646,291274.2695035461,True
hard rock,1992,1996,1992_1996,101,0.4422376237623762,0.8031782178217821,5.96039603960396,0.6831683168316832,0.4444732673267327,123.59937623762376,296597.4653465347,True
hard rock,1993,1997,1993_1997,82,0.44743902439024386,0.7957926829268293,5.158536585365853,0.7073170731707317,0.4448036585365854,127.24063414634146,292238.1707317073,True
hard rock,1994,1998,1994_1998,81,0.44160493827160496,0.803604938271605,4.765432098765432,0.7530864197530864,0.4497024691358025,127.24140740740741,283189.962962963,True
hard rock,1995,1999,1995_1999,83,0.4364698795180723,0.7896867469879517,4.819277108433735,0.7831325301204819,0.409744578313253,128.27609638554216,277771.734939759,True
hard rock,1996,2000,1996_2000,84,0.44817619047619045,0.8064761904761905,4.726190476190476,0.7261904761904762,0.45787142857142854,130.23189285714284,261594.86904761905,True
hard rock,1997,2001,1997_2001,131,0.46476946564885496,0.8261984732824428,4.755725190839694,0.7480916030534351,0.4485847328244275,127.18196183206106,246423.48091603053,True
hard rock,1998,2002,1998_2002,181,0.4625734806629835,0.8390055248618785,5.104972375690608,0.712707182320442,0.4367011049723757,125.35653591160221,237802.47513812155,True
hard rock,1999,2003,1999_2003,216,0.4600268518518518,0.845287037037037,5.2592592592592595,0.6898148148148148,0.43311064814814815,127.97256944444445,235589.78703703705,True
hard rock,2000,2004,2000_2004,271,0.4515859778597786,0.8615239852398524,5.254612546125461,0.6974169741697417,0.4215339483394834,128.39033579335793,237765.0479704797,True
hard rock,2001,2005,2001_2005,324,0.4502623456790123,0.8595401234567901,5.145061728395062,0.691358024691358,0.40813395061728397,128.6221790123457,245574.5648148148,True
hard rock,2002,2006,2002_2006,364,0.43858791208791215,0.8542554945054945,5.010989010989011,0.6510989010989011,0.3970263736263736,130.05346703296703,243062.89285714287,True
hard rock,2003,2007,2003_2007,372,0.4314435483870968,0.8568682795698924,4.948924731182796,0.6290322580645161,0.3924994623655914,132.0761747311828,246913.96774193548,True
hard rock,2004,2008,2004_2008,387,0.4349483204134367,0.8592842377260982,4.881136950904393,0.627906976744186,0.4005808785529716,132.94904392764857,246988.0826873385,True
hard rock,2005,2009,2005_2009,398,0.43609798994974874,0.8549673366834171,4.937185929648241,0.6055276381909548,0.4052972361809045,132.6255201005025,244805.96733668342,True
hard rock,2006,2010,2006_2010,423,0.43746335697399524,0.8592482269503546,4.872340425531915,0.607565011820331,0.409454609929078,131.9921891252955,242267.74231678486,True
hard rock,2007,2011,2007_2011,400,0.44306249999999997,0.8653125,5.12,0.625,0.42196875,131.68214749999999,247525.6225,True
hard rock,2008,2012,2008_2012,391,0.44915856777493607,0.8668797953964195,5.150895140664962,0.6445012787723785,0.4293943734015345,131.05789002557546,243488.0716112532,True
hard rock,2009,2013,2009_2013,375,0.44912266666666667,0.8682506666666666,5.128,0.64,0.42134,128.84332533333335,245189.4,True
hard rock,2010,2014,2010_2014,332,0.45720783132530124,0.8666506024096385,4.954819277108434,0.6506024096385542,0.431819578313253,129.0019969879518,247640.26204819276,True
hard rock,2011,2015,2011_2015,294,0.45734693877551025,0.8685680272108843,5.1020408163265305,0.6394557823129252,0.43468061224489796,131.4074931972789,243450.6326530612,True
hard rock,2012,2016,2012_2016,276,0.45612318840579713,0.8624680434782609,5.010869565217392,0.6268115942028986,0.4186673913043478,130.66160869565218,242118.14492753622,True
hard rock,2013,2017,2013_2017,294,0.4569591836734694,0.8529529931972789,5.108843537414966,0.6156462585034014,0.4194136054421769,130.99921768707483,243439.60884353743,True
hard rock,2014,2018,2014_2018,376,0.4602446808510638,0.8437238829787235,5.3111702127659575,0.5904255319148937,0.4275989361702128,131.05726329787234,239254.27127659574,True
hard rock,2015,2019,2015_2019,366,0.4564781420765027,0.8430196174863388,5.39344262295082,0.5683060109289617,0.4257439890710383,131.08118852459015,238397.9344262295,True
hardcore,1977,1981,1977_1981,20,0.35245000000000004,0.8884000000000001,4.45,0.75,0.31079,116.07365,136423.4,True
hardcore,1978,1982,1978_1982,27,0.33465185185185187,0.8645555555555555,4.962962962962963,0.7777777777777778,0.3441222222222222,116.79318518518518,139246.0,True
hardcore,1979,1983,1979_1983,30,0.3370866666666667,0.8637333333333334,4.866666666666666,0.7666666666666667,0.37540999999999997,116.83303333333333,146333.83333333334,True
hardcore,1980,1984,1980_1984,32,0.3329875,0.8685937499999999,4.65625,0.78125,0.363375,119.556625,149550.03125,True
hardcore,1981,1985,1981_1985,31,0.34001935483870965,0.8626129032258064,4.483870967741935,0.8064516129032258,0.3477096774193548,118.06929032258066,156294.2258064516,True
hardcore,1982,1986,1982_1986,25,0.361344,0.85856,5.4,0.84,0.43060000000000004,126.37216000000001,175605.28,True
hardcore,1983,1987,1983_1987,24,0.37424999999999997,0.8756666666666666,5.416666666666667,0.7916666666666666,0.47156250000000005,134.44604166666667,176506.5,True
hardcore,1984,1988,1984_1988,24,0.3634583333333334,0.87975,5.625,0.75,0.46064583333333337,133.15625,181358.16666666666,True
hardcore,1985,1989,1985_1989,25,0.37032000000000004,0.8704000000000001,5.88,0.68,0.499312,131.09616,176459.08,True
hardcore,1986,1990,1986_1990,27,0.36337037037037034,0.8602962962962962,5.888888888888889,0.5925925925925926,0.49366296296296297,132.5565925925926,182312.92592592593,True
hardcore,1987,1991,1987_1991,25,0.3492,0.84096,6.08,0.52,0.540364,134.47024,189629.72,True
hardcore,1988,1992,1988_1992,21,0.35671428571428576,0.8364761904761904,6.095238095238095,0.5238095238095238,0.5335285714285715,132.50361904761905,204240.57142857142,True
hardcore,1989,1993,1989_1993,21,0.38757142857142857,0.7785238095238095,6.238095238095238,0.5238095238095238,0.5103857142857142,137.34885714285716,192450.09523809524,True
hardcore,1990,1994,1990_1994,26,0.38023076923076926,0.8042692307692307,6.8076923076923075,0.5,0.4707730769230769,133.46019230769232,197070.6923076923,True
hardcore,1991,1995,1991_1995,28,0.41171428571428575,0.7788214285714286,7.035714285714286,0.5714285714285714,0.46499999999999997,133.63039285714285,200784.75,True
hardcore,1992,1996,1992_1996,27,0.41281481481481486,0.8103703703703703,6.962962962962963,0.5925925925925926,0.42266666666666663,131.8568148148148,198075.2962962963,True
hardcore,1993,1997,1993_1997,29,0.4197241379310345,0.8289655172413792,6.655172413793103,0.5862068965517241,0.43586206896551727,125.93100000000001,187776.8620689655,True
hardcore,1994,1998,1994_1998,42,0.37616666666666665,0.883,6.880952380952381,0.6190476190476191,0.38665714285714287,117.63438095238095,188346.80952380953,True
hardcore,1995,1999,1995_1999,47,0.38582978723404254,0.8736595744680851,6.680851063829787,0.6808510638297872,0.36986595744680856,117.76727659574468,187386.87234042553,True
hardcore,1996,2000,1996_2000,54,0.3763703703703704,0.8825000000000001,6.5,0.7037037037037037,0.37882777777777776,119.32746296296297,180064.62962962964,True
hardcore,1997,2001,1997_2001,72,0.34124444444444446,0.8722222222222222,6.0,0.7083333333333334,0.3527222222222222,121.7068888888889,183790.04166666666,True
hardcore,1998,2002,1998_2002,90,0.35000666666666663,0.8745999999999999,6.011111111111111,0.7111111111111111,0.35373333333333334,122.30684444444445,194212.7,True
hardcore,1999,2003,1999_2003,106,0.3619679245283019,0.8871037735849057,5.349056603773585,0.6792452830188679,0.3806669811320755,130.32471698113207,203581.5,True
hardcore,2000,2004,2000_2004,150,0.367004,0.8994053333333333,5.406666666666666,0.5933333333333334,0.368908,129.83404666666667,210428.99333333335,True
hardcore,2001,2005,2001_2005,181,0.3533292817679558,0.9150486187845304,5.149171270718232,0.580110497237569,0.36299613259668506,131.67602209944752,214995.29834254144,True
hardcore,2002,2006,2002_2006,238,0.35772268907563026,0.9291672268907563,5.256302521008403,0.5630252100840336,0.3595340336134454,132.6221680672269,213489.5588235294,True
hardcore,2003,2007,2003_2007,288,0.35104166666666664,0.9304645833333333,5.184027777777778,0.5451388888888888,0.34633715277777777,132.9905173611111,214719.24652777778,True
hardcore,2004,2008,2004_2008,325,0.3489076923076923,0.9268978461538462,5.310769230769231,0.5353846153846153,0.3418523076923077,132.9038676923077,216279.9323076923,True
hardcore,2005,2009,2005_2009,361,0.3490235457063712,0.9253325265927977,5.027700831024931,0.5789473684210527,0.3277770083102493,134.35905540166203,214575.7728531856,True
hardcore,2006,2010,2006_2010,394,0.3488236040609137,0.9241371626903553,5.063451776649746,0.5786802030456852,0.3164071065989848,133.66339340101524,209888.25634517765,True
hardcore,2007,2011,2007_2011,411,0.3610068126520681,0.9243188372262774,5.124087591240876,0.5571776155717761,0.32140656934306566,134.03220681265208,208792.38199513382,True
hardcore,2008,2012,2008_2012,443,0.36266839729119643,0.9255373410835215,5.3792325056433405,0.5756207674943566,0.3080697516930022,132.65417607223478,207844.5282167043,True
hardcore,2009,2013,2009_2013,466,0.36311180257510733,0.925712536695279,5.390557939914163,0.572961373390558,0.29253090128755366,132.0475407725322,205396.40987124463,True
hardcore,2010,2014,2010_2014,456,0.3752315789473684,0.9286184210526316,5.589912280701754,0.5526315789473685,0.30140877192982457,130.54163596491227,204277.87061403508,True
hardcore,2011,2015,2011_2015,478,0.39222719665271966,0.9268514644351463,5.644351464435147,0.5502092050209205,0.30999351464435143,130.57486820083682,208634.28451882844,True
hardcore,2012,2016,2012_2016,543,0.393383241252302,0.9165101289134439,5.5911602209944755,0.572744014732965,0.3004230202578269,129.14328545119707,210650.7624309392,True
hardcore,2013,2017,2013_2017,693,0.418612987012987,0.8979474603174603,5.378066378066378,0.56998556998557,0.3203920634920635,130.96161038961037,211565.2655122655,True
hardcore,2014,2018,2014_2018,895,0.432291843575419,0.8843663318435755,5.147486033519553,0.5776536312849162,0.32781039106145254,130.72429608938546,214669.4379888268,True
hardcore,2015,2019,2015_2019,914,0.4297945295404814,0.8802302702407002,5.109409190371991,0.5700218818380745,0.3265587527352297,130.61206892778992,215222.29978118162,True
hardcore punk,1976,1980,1976_1980,20,0.38180000000000003,0.9019999999999999,4.4,0.7,0.6615,127.701,97423.35,True
hardcore punk,1977,1981,1977_1981,23,0.38617391304347826,0.9091304347826087,4.869565217391305,0.6521739130434783,0.6337826086956522,128.8344347826087,97797.13043478261,True
hardcore punk,1978,1982,1978_1982,35,0.3707228571428572,0.8940857142857143,4.885714285714286,0.6571428571428571,0.5348628571428571,128.71985714285714,111882.91428571429,True
hardcore punk,1979,1983,1979_1983,46,0.3666586956521739,0.8872173913043477,4.478260869565218,0.6956521739130435,0.5268304347826087,126.1751304347826,112140.10869565218,True
hardcore punk,1980,1984,1980_1984,68,0.3451661764705882,0.8464999999999999,4.5,0.75,0.47512058823529413,131.43933823529412,139796.29411764705,True
hardcore punk,1981,1985,1981_1985,56,0.3361839285714286,0.8255357142857143,4.767857142857143,0.7321428571428571,0.4109142857142857,135.08198214285716,159469.05357142858,True
hardcore punk,1982,1986,1982_1986,58,0.3386948275862069,0.8272758620689655,4.810344827586207,0.7413793103448276,0.3992793103448276,133.43408620689655,158153.55172413794,True
hardcore punk,1983,1987,1983_1987,58,0.3326551724137931,0.8442586206896552,4.948275862068965,0.7931034482758621,0.4290689655172414,133.5113275862069,167153.6551724138,True
hardcore punk,1984,1988,1984_1988,50,0.32909999999999995,0.84394,5.5,0.8,0.41734000000000004,135.37292,175791.64,True
hardcore punk,1985,1989,1985_1989,34,0.3615,0.9103529411764706,6.5,0.7941176470588235,0.4258823529411765,126.7415,149546.23529411765,True
hardcore punk,1986,1990,1986_1990,28,0.3630357142857143,0.9283928571428571,6.535714285714286,0.8571428571428571,0.4284642857142857,120.36175,144324.25,True
hardcore punk,1987,1991,1987_1991,23,0.35221739130434787,0.9292608695652175,6.391304347826087,0.9130434782608695,0.45665217391304347,121.14656521739131,152068.39130434784,True
hardcore punk,1995,1999,1995_1999,22,0.42553181818181823,0.8732272727272726,5.409090909090909,0.6818181818181818,0.3905681818181818,128.74804545454546,171875.68181818182,True
hardcore punk,1997,2001,1997_2001,33,0.37354545454545457,0.8895151515151515,5.303030303030303,0.6363636363636364,0.38094545454545453,126.40757575757576,164367.15151515152,True
hardcore punk,1998,2002,1998_2002,31,0.369,0.8945806451612903,5.516129032258065,0.6451612903225806,0.38132903225806447,130.57025806451614,164493.64516129033,True
hardcore punk,1999,2003,1999_2003,33,0.3464242424242424,0.9314848484848485,5.151515151515151,0.7272727272727273,0.43496363636363633,131.3489090909091,155381.0303030303,True
hardcore punk,2000,2004,2000_2004,31,0.3541290322580645,0.9333870967741935,5.32258064516129,0.6451612903225806,0.44099354838709676,131.7937741935484,160338.5806451613,True
hardcore punk,2001,2005,2001_2005,34,0.3616764705882353,0.933,5.382352941176471,0.6764705882352942,0.44375882352941176,130.78320588235295,163138.11764705883,True
hardcore punk,2002,2006,2002_2006,25,0.40515999999999996,0.90604,5.32,0.64,0.449624,130.80124,169992.68,True
hardcore punk,2003,2007,2003_2007,29,0.3973103448275862,0.9166206896551724,5.172413793103448,0.5862068965517241,0.4118379310344828,126.22210344827586,165443.7931034483,True
hardcore punk,2004,2008,2004_2008,25,0.39308,0.9084399999999999,4.88,0.52,0.360012,120.37899999999999,156974.96,True
hardcore punk,2005,2009,2005_2009,23,0.3773913043478261,0.9006086956521738,5.043478260869565,0.5652173913043478,0.3233608695652174,118.73295652173914,150208.73913043478,True
hardcore punk,2006,2010,2006_2010,27,0.35244444444444445,0.9153333333333333,5.222222222222222,0.5925925925925926,0.31622962962962964,119.26462962962962,140604.59259259258,True
hardcore punk,2007,2011,2007_2011,32,0.353196875,0.9015,5.59375,0.6875,0.304625,123.60296875,159027.375,True
hardcore punk,2008,2012,2008_2012,44,0.33684772727272727,0.9152045454545454,6.181818181818182,0.6590909090909091,0.3927522727272727,127.68568181818182,137623.9090909091,True
hardcore punk,2009,2013,2009_2013,58,0.30960689655172413,0.9104137931034483,5.827586206896552,0.6896551724137931,0.3559637931034483,130.36775862068964,144751.06896551725,True
hardcore punk,2010,2014,2010_2014,73,0.30894794520547947,0.9227945205479453,5.493150684931507,0.684931506849315,0.3519684931506849,130.6554794520548,146259.61643835617,True
hardcore punk,2011,2015,2011_2015,92,0.3309586956521739,0.923391304347826,5.663043478260869,0.6847826086956522,0.33449021739130436,135.49766304347827,171620.88043478262,True
hardcore punk,2012,2016,2012_2016,114,0.33604298245614034,0.9363684210526315,5.192982456140351,0.6228070175438597,0.34351315789473685,138.17000877192982,166397.0701754386,True
hardcore punk,2013,2017,2013_2017,143,0.33359370629370627,0.9127902097902098,4.881118881118881,0.6223776223776224,0.31966013986013986,137.6205874125874,177446.6783216783,True
hardcore punk,2014,2018,2014_2018,170,0.3448117647058824,0.9047470588235293,5.2176470588235295,0.6352941176470588,0.32326,137.60592352941177,182236.59411764707,True
hardcore punk,2015,2019,2015_2019,170,0.36123529411764704,0.8932811764705882,5.394117647058824,0.6588235294117647,0.35426117647058825,137.6188411764706,181289.32941176472,True
indie rock,1983,1987,1983_1987,20,0.30466000000000004,0.7771,4.9,0.7,0.4183,131.7397,228947.3,True
indie rock,1984,1988,1984_1988,30,0.3333066666666667,0.7804333333333333,4.1,0.7666666666666667,0.4292066666666667,132.15626666666668,235391.53333333333,True
indie rock,1985,1989,1985_1989,36,0.37281111111111115,0.7534444444444444,4.416666666666667,0.8055555555555556,0.4547277777777778,129.16588888888887,226975.88888888888,True
indie rock,1986,1990,1986_1990,32,0.409975,0.705271875,4.625,0.8125,0.47713125,131.1956875,218775.8125,True
indie rock,1987,1991,1987_1991,35,0.4096057142857143,0.7222771428571428,4.3428571428571425,0.8285714285714286,0.44952,128.58142857142857,218892.14285714287,True
indie rock,1988,1992,1988_1992,42,0.4598333333333333,0.7180880952380952,4.738095238095238,0.7857142857142857,0.47831428571428575,124.25252380952381,213168.2380952381,True
indie rock,1989,1993,1989_1993,53,0.44090566037735845,0.6554471698113208,5.490566037735849,0.8113207547169812,0.46879245283018867,122.53069811320755,219302.3962264151,True
indie rock,1990,1994,1990_1994,88,0.41754545454545455,0.6374965909090909,5.511363636363637,0.7613636363636364,0.46830795454545454,122.19095454545455,215443.44318181818,True
indie rock,1991,1995,1991_1995,119,0.41317226890756303,0.6414058823529412,5.294117647058823,0.773109243697479,0.4621378151260504,121.11342016806722,201400.09243697478,True
indie rock,1992,1996,1992_1996,149,0.4215765100671141,0.6253107382550336,5.328859060402684,0.7651006711409396,0.4498348993288591,122.489,211138.61744966442,True
indie rock,1993,1997,1993_1997,183,0.42755683060109295,0.6152639344262295,5.027322404371585,0.7978142076502732,0.4553382513661202,122.79109289617486,217456.9781420765,True
indie rock,1994,1998,1994_1998,215,0.4345637209302326,0.6329516279069767,4.851162790697674,0.7674418604651163,0.4443511627906977,124.89994883720931,220458.06976744186,True
indie rock,1995,1999,1995_1999,234,0.43703931623931624,0.6491863247863249,5.038461538461538,0.7777777777777778,0.44045470085470084,126.70021794871795,229772.3076923077,True
indie rock,1996,2000,1996_2000,269,0.45425167286245355,0.6405617100371748,5.289962825278811,0.7546468401486989,0.44456877323420074,126.78714869888476,239614.81412639405,True
indie rock,1997,2001,1997_2001,336,0.4774800595238095,0.6544883928571428,5.1101190476190474,0.7470238095238095,0.46683095238095235,125.10834523809524,233701.4880952381,True
indie rock,1998,2002,1998_2002,384,0.47309192708333336,0.6829846354166667,5.3359375,0.734375,0.46903072916666666,126.3178125,233072.55208333334,True
indie rock,1999,2003,1999_2003,493,0.4864077079107505,0.6884784989858012,5.42393509127789,0.7505070993914807,0.47176186612576065,127.08122515212982,230144.2129817444,True
indie rock,2000,2004,2000_2004,601,0.4970582362728786,0.6996158069883528,5.321131447587354,0.7237936772046589,0.4809459234608985,127.03610149750416,226200.80865224625,True
indie rock,2001,2005,2001_2005,776,0.49138402061855674,0.7293773195876289,5.296391752577319,0.6997422680412371,0.48657860824742266,129.66698840206186,227950.7925257732,True
indie rock,2002,2006,2002_2006,841,0.48395243757431633,0.7456489892984541,5.517241379310345,0.6872770511296076,0.48218941736028537,130.62501545778835,228101.53864447086,True
indie rock,2003,2007,2003_2007,1033,0.4836301064859632,0.7581914811229429,5.417231364956438,0.6766698935140368,0.482631752178122,131.04138141335915,226857.21587608906,True
indie rock,2004,2008,2004_2008,1106,0.4794944846292948,0.7591171790235082,5.435804701627487,0.6573236889692586,0.48103824593128386,130.7986726943942,226335.08227848102,True
indie rock,2005,2009,2005_2009,1185,0.4782971308016878,0.756030717299578,5.472573839662447,0.6624472573839663,0.4736249789029536,130.75926075949366,230180.08101265822,True
indie rock,2006,2010,2006_2010,1192,0.4812584731543625,0.7462005033557046,5.447986577181208,0.6677852348993288,0.4683743288590604,129.67873825503358,228884.35822147652,True
indie rock,2007,2011,2007_2011,1342,0.4835470193740686,0.7407168925484352,5.332339791356185,0.676602086438152,0.462118479880775,129.40316691505214,231007.20491803277,True
indie rock,2008,2012,2008_2012,1341,0.490352125279642,0.7323788738255034,5.403430275913498,0.6778523489932886,0.4574419090231171,128.300052945563,230431.59507829978,True
indie rock,2009,2013,2009_2013,1471,0.49455390890550643,0.7315672126444596,5.405846363018354,0.6804894629503739,0.4546203263086336,127.69087151597553,230648.97008837527,True
indie rock,2010,2014,2010_2014,1579,0.4946295756808106,0.7268134704243191,5.3692210259658015,0.6776440785307156,0.45541988600379985,127.59815262824573,227787.7739075364,True
indie rock,2011,2015,2011_2015,1611,0.49884363749224087,0.7212474672873992,5.306641837368094,0.6697703289882061,0.4528329608938548,127.0277306021105,227918.75418994413,True
indie rock,2012,2016,2012_2016,1578,0.5040044993662864,0.7114605196451205,5.268060836501901,0.6749049429657795,0.4523852408111534,126.13943852978454,227096.01901140684,True
indie rock,2013,2017,2013_2017,1661,0.5037598434677905,0.7011254063816978,5.3317278747742325,0.6664659843467791,0.4508362492474413,126.16810415412401,227932.29440096326,True
indie rock,2014,2018,2014_2018,1806,0.5065877630121817,0.697868715393134,5.33499446290144,0.667220376522702,0.4603649003322259,125.98433056478406,226478.39645625692,True
indie rock,2015,2019,2015_2019,1661,0.511489464178206,0.6984596026490066,5.3275135460565926,0.6646598434677905,0.4664714689945816,125.52249668874173,224439.13606261287,True
industrial,1981,1985,1981_1985,23,0.5711304347826087,0.749,5.6521739130434785,0.6521739130434783,0.4502608695652174,116.16691304347826,261691.30434782608,True
industrial,1982,1986,1982_1986,34,0.5437647058823529,0.6847941176470589,5.676470588235294,0.6764705882352942,0.42255882352941176,115.19811764705882,265127.26470588235,True
industrial,1983,1987,1983_1987,40,0.568175,0.71255,5.625,0.7,0.43759,114.980125,275790.15,True
industrial,1984,1988,1984_1988,50,0.58764,0.741494,5.62,0.68,0.473392,121.64186,267104.04,True
industrial,1985,1989,1985_1989,63,0.5857777777777777,0.7332174603174604,5.698412698412699,0.6507936507936508,0.4380730158730159,120.4905873015873,277020.1746031746,True
industrial,1986,1990,1986_1990,58,0.6007758620689655,0.7347879310344827,5.5344827586206895,0.6896551724137931,0.4543431034482759,121.4426724137931,271472.4655172414,True
industrial,1987,1991,1987_1991,49,0.6192040816326531,0.7688714285714287,5.3061224489795915,0.673469387755102,0.46001632653061225,122.70985714285715,273388.63265306124,True
industrial,1988,1992,1988_1992,58,0.5779827586206896,0.7749793103448276,5.431034482758621,0.6379310344827587,0.4146,124.40953448275862,262450.1724137931,True
industrial,1989,1993,1989_1993,44,0.5454545454545454,0.7709113636363636,5.454545454545454,0.6136363636363636,0.34506136363636364,118.89875,269727.61363636365,True
industrial,1990,1994,1990_1994,57,0.5071929824561403,0.7563218596491228,5.175438596491228,0.7017543859649122,0.34816842105263157,124.05510526315788,278225.6666666667,True
industrial,1991,1995,1991_1995,83,0.5123493975903615,0.7738595903614458,5.9397590361445785,0.6265060240963856,0.37551927710843375,124.23897590361445,277650.0481927711,True
industrial,1992,1996,1992_1996,101,0.5064554455445545,0.7875479801980197,6.1683168316831685,0.6435643564356436,0.3742336633663367,127.46409900990099,274526.2673267327,True
industrial,1993,1997,1993_1997,107,0.5283457943925234,0.7866845420560747,6.5046728971962615,0.616822429906542,0.4035327102803738,126.85562616822429,276915.21495327103,True
industrial,1994,1998,1994_1998,135,0.5130066666666666,0.7878240444444444,6.229629629629629,0.5925925925925926,0.3830837037037037,128.1357925925926,273080.7481481481,True
industrial,1995,1999,1995_1999,138,0.5237891304347826,0.7863567391304348,6.101449275362318,0.5869565217391305,0.3785536231884058,127.92215942028987,268131.49275362317,True
industrial,1996,2000,1996_2000,143,0.5239503496503496,0.7908127972027972,5.748251748251748,0.6083916083916084,0.3691524475524476,128.36434965034965,258216.27272727274,True
industrial,1997,2001,1997_2001,167,0.5242209580838323,0.7703540718562873,5.419161676646707,0.6287425149700598,0.36883892215568864,125.28268862275448,268639.47904191614,True
industrial,1998,2002,1998_2002,158,0.5086702531645569,0.7601305696202532,5.1645569620253164,0.6265822784810127,0.35180506329113925,124.55351898734179,273878.87974683545,True
industrial,1999,2003,1999_2003,164,0.5161646341463414,0.7745038414634147,5.164634146341464,0.6585365853658537,0.3625451219512195,122.25679268292684,276363.98170731706,True
industrial,2000,2004,2000_2004,151,0.5134172185430463,0.7951284768211921,5.099337748344371,0.6225165562913907,0.3760556291390728,122.32877483443708,275154.059602649,True
industrial,2001,2005,2001_2005,158,0.5110632911392405,0.7937936708860759,5.3354430379746836,0.6139240506329114,0.3815411392405063,124.39949367088607,281803.2278481013,True
industrial,2002,2006,2002_2006,132,0.5156136363636364,0.8270340909090909,5.515151515151516,0.553030303030303,0.38271666666666665,125.2429015151515,274448.6439393939,True
industrial,2003,2007,2003_2007,178,0.5251966292134831,0.8178814606741572,5.207865168539326,0.601123595505618,0.39308876404494386,126.14011235955056,268980.17415730335,True
industrial,2004,2008,2004_2008,181,0.5335486187845304,0.7749569060773481,5.320441988950276,0.6132596685082873,0.39695690607734807,128.50986740331493,260701.93370165746,True
industrial,2005,2009,2005_2009,203,0.5275778325123153,0.7627743842364532,5.344827586206897,0.6206896551724138,0.38316502463054186,126.11344827586207,308004.12807881774,True
industrial,2006,2010,2006_2010,188,0.5186558510638298,0.7460861702127659,5.207446808510638,0.6223404255319149,0.3633042553191489,122.88055319148935,311854.43617021275,True
industrial,2007,2011,2007_2011,203,0.5138709359605911,0.728592118226601,5.157635467980295,0.625615763546798,0.3526960591133005,121.71773891625617,307864.50738916255,True
industrial,2008,2012,2008_2012,173,0.5128774566473988,0.7295277456647399,5.294797687861272,0.6127167630057804,0.3407046242774566,121.8775838150289,313717.5202312139,True
industrial,2009,2013,2009_2013,187,0.5248368983957219,0.7475994652406417,5.0855614973262036,0.5935828877005348,0.3387625668449198,121.65242245989305,317971.17647058825,True
industrial,2010,2014,2010_2014,159,0.5227572327044024,0.7540572327044025,5.2075471698113205,0.5911949685534591,0.33968364779874216,125.15598742138364,265054.30188679247,True
industrial,2011,2015,2011_2015,176,0.5310420454545455,0.7807107954545455,5.181818181818182,0.6022727272727273,0.35691136363636367,125.87092613636364,266237.8409090909,True
industrial,2012,2016,2012_2016,179,0.5285022346368715,0.7863692737430167,5.100558659217877,0.6256983240223464,0.3622234636871508,126.90727374301675,267449.87709497206,True
industrial,2013,2017,2013_2017,208,0.5193360576923077,0.788466826923077,5.139423076923077,0.6394230769230769,0.34834375,126.90763942307693,269387.35576923075,True
industrial,2014,2018,2014_2018,235,0.5021187234042553,0.782931914893617,5.208510638297873,0.6553191489361702,0.3337263829787234,124.03860425531914,268208.1659574468,True
industrial,2015,2019,2015_2019,247,0.507995951417004,0.7814331983805668,5.2105263157894735,0.6518218623481782,0.3351161943319838,123.89316194331984,272230.04858299595,True
jazz,1955,1959,1955_1959,179,0.45549162011173183,0.20711748603351957,5.402234636871508,0.5698324022346368,0.3764642458100559,111.7584748603352,269983.32402234635,True
jazz,1956,1960,1956_1960,172,0.47425,0.22487982558139535,5.284883720930233,0.5232558139534884,0.4000273255813953,112.26769767441861,284437.9534883721,True
jazz,1957,1961,1957_1961,149,0.4712214765100671,0.23782906040268456,5.181208053691275,0.5302013422818792,0.39124563758389264,113.49024161073827,315375.26845637587,True
jazz,1958,1962,1958_1962,126,0.4636825396825397,0.23091007936507937,5.285714285714286,0.5317460317460317,0.3585714285714286,112.66323015873017,327753.09523809527,True
jazz,1959,1963,1959_1963,113,0.4621238938053097,0.23334309734513276,5.345132743362832,0.48672566371681414,0.3628212389380531,114.90770796460177,335696.6460176991,True
jazz,1960,1964,1960_1964,78,0.4581025641025641,0.2768576923076923,4.871794871794871,0.5128205128205128,0.35659743589743587,111.50844871794871,314943.2948717949,True
jazz,1961,1965,1961_1965,84,0.4513214285714286,0.30897023809523805,4.880952380952381,0.5238095238095238,0.3850380952380953,108.2465476190476,308136.3333333333,True
jazz,1962,1966,1962_1966,79,0.45392405063291136,0.3363620253164557,5.177215189873418,0.46835443037974683,0.4132316455696202,108.1097594936709,282338.91139240505,True
jazz,1963,1967,1963_1967,84,0.4555952380952381,0.35366785714285714,5.321428571428571,0.5119047619047619,0.42963690476190475,109.52955952380952,277514.2619047619,True
jazz,1964,1968,1964_1968,72,0.4714305555555555,0.3746875,5.666666666666667,0.625,0.4385069444444445,108.21286111111111,262412.2083333333,True
jazz,1965,1969,1965_1969,70,0.46362857142857145,0.37996857142857143,5.642857142857143,0.6142857142857143,0.4574385714285714,110.92212857142857,298174.5714285714,True
jazz,1966,1970,1966_1970,67,0.4675671641791045,0.4005402985074627,5.701492537313433,0.6119402985074627,0.42804626865671647,113.92514925373133,377991.7313432836,True
jazz,1967,1971,1967_1971,77,0.44105194805194803,0.42536246753246754,5.662337662337662,0.6233766233766234,0.4091571428571429,114.34025974025975,406188.28571428574,True
jazz,1968,1972,1968_1972,78,0.44074358974358974,0.4384296153846154,5.6923076923076925,0.5769230769230769,0.4098474358974359,112.37701282051282,425359.91025641025,True
jazz,1969,1973,1969_1973,83,0.4259638554216867,0.4765603614457831,5.614457831325301,0.5301204819277109,0.4107277108433735,114.55124096385543,429731.6746987952,True
jazz,1970,1974,1970_1974,81,0.42889382716049385,0.4843914814814814,5.765432098765432,0.5061728395061729,0.41004197530864195,115.57329629629629,427695.06172839506,True
jazz,1971,1975,1971_1975,74,0.438627027027027,0.48299067567567566,5.5675675675675675,0.581081081081081,0.42605,116.74897297297298,366993.7027027027,True
jazz,1972,1976,1972_1976,63,0.46043492063492064,0.46945714285714285,5.238095238095238,0.5873015873015873,0.44188253968253965,114.18047619047618,352229.0,True
jazz,1973,1977,1973_1977,56,0.4716321428571429,0.4864678571428572,5.089285714285714,0.6428571428571429,0.43811428571428573,116.18483928571428,341228.0535714286,True
jazz,1974,1978,1974_1978,45,0.5027866666666666,0.4442688888888889,5.155555555555556,0.6888888888888889,0.4679355555555555,116.56857777777779,339889.86666666664,True
jazz,1975,1979,1975_1979,38,0.5029473684210527,0.4377394736842105,5.184210526315789,0.7105263157894737,0.4722368421052632,116.48205263157895,309762.36842105264,True
jazz,1976,1980,1976_1980,36,0.5296666666666667,0.4328472222222222,5.75,0.7222222222222222,0.4927527777777778,111.03141666666666,294758.97222222225,True
jazz,1977,1981,1977_1981,31,0.5499032258064517,0.41606129032258066,6.096774193548387,0.6774193548387096,0.49774838709677416,115.47225806451613,273197.93548387097,True
jazz,1978,1982,1978_1982,26,0.5626923076923077,0.37161153846153844,6.269230769230769,0.6538461538461539,0.5125076923076923,113.01888461538462,258851.46153846153,True
jazz,1979,1983,1979_1983,22,0.5598636363636363,0.3735909090909091,6.409090909090909,0.6818181818181818,0.4739636363636363,111.92909090909092,258750.86363636365,True
jazz,1980,1984,1980_1984,26,0.6063076923076923,0.3921923076923077,6.576923076923077,0.7307692307692307,0.5312384615384615,108.12742307692308,249625.11538461538,True
jazz,1981,1985,1981_1985,28,0.6115357142857143,0.43947142857142857,5.714285714285714,0.6428571428571429,0.5172107142857143,114.81778571428572,276695.6785714286,True
jazz,1982,1986,1982_1986,31,0.5756451612903225,0.43012774193548386,5.838709677419355,0.7419354838709677,0.4375,107.18348387096775,291386.22580645164,True
jazz,1983,1987,1983_1987,41,0.5430487804878049,0.37245268292682926,5.902439024390244,0.6585365853658537,0.4104585365853659,110.98207317073171,274871.56097560975,True
jazz,1984,1988,1984_1988,49,0.5518775510204081,0.36791959183673467,5.775510204081633,0.5918367346938775,0.44520000000000004,109.97781632653061,282692.79591836734,True
jazz,1985,1989,1985_1989,57,0.5348245614035088,0.32394491228070177,5.333333333333333,0.543859649122807,0.41531754385964914,111.21817543859649,280874.8947368421,True
jazz,1986,1990,1986_1990,52,0.5236153846153846,0.29098576923076924,5.596153846153846,0.5,0.42670384615384616,110.66113461538461,271959.28846153844,True
jazz,1987,1991,1987_1991,56,0.53075,0.2838339285714286,5.089285714285714,0.48214285714285715,0.4612142857142857,111.75776785714287,255478.85714285713,True
jazz,1988,1992,1988_1992,64,0.5532812500000001,0.302109375,5.1875,0.5,0.47564375,111.2894375,262926.921875,True
jazz,1989,1993,1989_1993,69,0.5553188405797101,0.30414637681159423,5.057971014492754,0.5072463768115942,0.47077101449275355,113.26182608695652,241825.15942028986,True
jazz,1990,1994,1990_1994,65,0.5633538461538462,0.3344384615384615,5.323076923076923,0.5076923076923077,0.5029076923076923,113.46656923076924,235129.83076923076,True
jazz,1991,1995,1991_1995,70,0.5441714285714285,0.31466285714285713,5.428571428571429,0.5571428571428572,0.45209714285714286,110.00121428571428,239554.45714285714,True
jazz,1992,1996,1992_1996,73,0.5558767123287671,0.3095109589041096,5.808219178082192,0.5753424657534246,0.45405205479452054,111.52486301369862,248838.1780821918,True
jazz,1993,1997,1993_1997,88,0.5437272727272727,0.28509772727272725,5.056818181818182,0.6022727272727273,0.4413613636363636,107.6158409090909,254905.25,True
jazz,1994,1998,1994_1998,90,0.5410444444444444,0.28733777777777775,4.9222222222222225,0.6111111111111112,0.4273977777777778,108.71776666666666,269475.2,True
jazz,1995,1999,1995_1999,106,0.540311320754717,0.2975377358490566,4.820754716981132,0.6320754716981132,0.42698867924528305,110.92856603773585,274338.56603773584,True
jazz,1996,2000,1996_2000,126,0.5429603174603175,0.3058095238095238,4.7063492063492065,0.6349206349206349,0.42547460317460317,115.36412698412698,274304.88095238095,True
jazz,1997,2001,1997_2001,125,0.532064,0.3081304,4.616,0.624,0.41237999999999997,116.097592,276652.792,True
jazz,1998,2002,1998_2002,111,0.5274954954954955,0.35544684684684685,4.900900900900901,0.6126126126126126,0.4096162162162162,119.09783783783784,279633.4414414414,True
jazz,1999,2003,1999_2003,145,0.5390137931034482,0.4124841379310345,4.993103448275862,0.6068965517241379,0.4369862068965517,120.05184827586207,270050.35172413796,True
jazz,2000,2004,2000_2004,147,0.5336462585034013,0.41181972789115645,5.142857142857143,0.6190476190476191,0.42936326530612245,120.46574149659864,261330.44897959183,True
jazz,2001,2005,2001_2005,134,0.5350671641791045,0.4224582089552239,5.2835820895522385,0.6119402985074627,0.4360253731343284,119.4365,260564.05970149254,True
jazz,2002,2006,2002_2006,160,0.55170625,0.45995437499999997,5.3375,0.60625,0.43452250000000003,118.21985,250370.075,True
jazz,2003,2007,2003_2007,174,0.5547471264367816,0.4592028735632184,5.419540229885057,0.6379310344827587,0.43642413793103446,118.16141379310345,249336.62068965516,True
jazz,2004,2008,2004_2008,150,0.5382,0.450463,5.593333333333334,0.5933333333333334,0.41674666666666665,116.42142,249811.35333333333,True
jazz,2005,2009,2005_2009,169,0.5545029585798816,0.45714999999999995,5.615384615384615,0.5680473372781065,0.4309621301775148,114.98863313609468,244873.8875739645,True
jazz,2006,2010,2006_2010,187,0.5694812834224598,0.48748101604278077,5.641711229946524,0.5347593582887701,0.4555743315508022,116.29204812834226,244885.99465240643,True
jazz,2007,2011,2007_2011,193,0.5675958549222798,0.46203238341968916,5.626943005181347,0.533678756476684,0.4637585492227979,115.89777720207255,250082.01554404144,True
jazz,2008,2012,2008_2012,206,0.5669805825242719,0.46142742718446605,5.587378640776699,0.49514563106796117,0.469623786407767,116.12936893203884,246246.46116504853,True
jazz,2009,2013,2009_2013,226,0.5702017699115044,0.46206592920353984,5.54424778761062,0.5309734513274337,0.4745650442477876,116.5337831858407,240935.54867256636,True
jazz,2010,2014,2010_2014,267,0.5505340823970037,0.4874157303370786,5.273408239700374,0.5056179775280899,0.4664644194756555,118.1081011235955,248594.4456928839,True
jazz,2011,2015,2011_2015,307,0.5316013029315961,0.48409413680781754,5.133550488599348,0.504885993485342,0.4420912052117264,116.90434853420196,264515.8957654723,True
jazz,2012,2016,2012_2016,339,0.5214855457227139,0.4727435398230089,5.168141592920354,0.5162241887905604,0.41641533923303836,116.24768141592921,265887.0265486726,True
jazz,2013,2017,2013_2017,382,0.5282764397905759,0.4673779057591623,5.159685863874346,0.5235602094240838,0.411486387434555,113.38209947643979,256288.91361256543,True
jazz,2014,2018,2014_2018,438,0.5327705479452055,0.4702405479452055,5.187214611872146,0.5182648401826484,0.4118522831050228,113.1607899543379,262959.6392694064,True
jazz,2015,2019,2015_2019,380,0.5359486842105263,0.4582241052631579,5.181578947368421,0.5342105263157895,0.40489710526315786,111.75452894736841,268506.1,True
latin,1965,1969,1965_1969,20,0.4473,0.43878000000000006,4.25,0.45,0.50995,119.2772,208571.65,True
latin,1966,1970,1966_1970,21,0.4695714285714286,0.43560000000000004,4.190476190476191,0.42857142857142855,0.5156666666666667,121.31099999999999,221128.57142857142,True
latin,1967,1971,1967_1971,23,0.47069565217391307,0.4532,3.6956521739130435,0.4782608695652174,0.49726086956521737,121.27913043478262,222110.69565217392,True
latin,1968,1972,1968_1972,22,0.4904545454545454,0.48927272727272725,3.1818181818181817,0.45454545454545453,0.5358181818181819,121.92686363636363,216575.13636363635,True
latin,1969,1973,1969_1973,20,0.50395,0.5206000000000001,3.45,0.4,0.5237999999999999,118.23610000000001,220642.0,True
latin,1974,1978,1974_1978,24,0.5159166666666667,0.568,4.208333333333333,0.5416666666666666,0.607925,116.84995833333335,232658.79166666666,True
latin,1975,1979,1975_1979,20,0.49055,0.54335,4.75,0.55,0.55661,121.46875,248907.95,True
latin,1976,1980,1976_1980,21,0.4954761904761905,0.5188571428571429,4.619047619047619,0.5714285714285714,0.5284380952380953,123.23871428571428,255265.33333333334,True
latin,1984,1988,1984_1988,25,0.61896,0.58724,4.2,0.84,0.64156,115.4462,242132.8,True
latin,1985,1989,1985_1989,28,0.6386071428571428,0.59275,4.607142857142857,0.8214285714285714,0.6449285714285714,115.82860714285714,230473.7142857143,True
latin,1986,1990,1986_1990,38,0.6256315789473684,0.6067105263157895,4.5,0.7894736842105263,0.6011342105263158,116.98513157894736,237728.07894736843,True
latin,1987,1991,1987_1991,46,0.5955652173913044,0.5633260869565218,5.021739130434782,0.7391304347826086,0.5499804347826087,117.71834782608695,234888.71739130435,True
latin,1988,1992,1988_1992,56,0.6099107142857143,0.5773035714285715,5.339285714285714,0.75,0.5785732142857143,116.20167857142857,245605.4642857143,True
latin,1989,1993,1989_1993,54,0.6116296296296296,0.5898148148148148,5.37037037037037,0.7222222222222222,0.567687037037037,121.427,251501.66666666666,True
latin,1990,1994,1990_1994,64,0.6095625,0.614203125,5.1875,0.71875,0.5766734375,128.14046875,244046.859375,True
latin,1991,1995,1991_1995,83,0.6418433734939759,0.5980614457831325,5.674698795180723,0.7108433734939759,0.6113084337349397,124.5110361445783,234267.421686747,True
latin,1992,1996,1992_1996,83,0.6606385542168675,0.6326277108433734,5.783132530120482,0.7228915662650602,0.6475253012048192,124.49407228915662,236753.55421686746,True
latin,1993,1997,1993_1997,102,0.6387549019607843,0.6398049019607842,5.627450980392157,0.6862745098039216,0.6497411764705883,126.22556862745098,235294.23529411765,True
latin,1994,1998,1994_1998,118,0.6395677966101695,0.6483991525423729,5.466101694915254,0.7033898305084746,0.6441406779661017,122.56022881355932,234233.0,True
latin,1995,1999,1995_1999,144,0.633125,0.6753895833333333,5.493055555555555,0.6527777777777778,0.6353104166666667,118.16505555555555,240537.31944444444,True
latin,1996,2000,1996_2000,141,0.6207375886524823,0.7016950354609929,5.2695035460992905,0.6453900709219859,0.6202843971631206,120.20564539007091,247539.01418439715,True
latin,1997,2001,1997_2001,171,0.6273684210526316,0.7116842105263157,5.233918128654971,0.631578947368421,0.5953631578947369,118.84487719298247,247127.57894736843,True
latin,1998,2002,1998_2002,189,0.6426507936507937,0.7332169312169312,5.386243386243386,0.6084656084656085,0.5961962962962963,117.83468783068784,248520.7513227513,True
latin,1999,2003,1999_2003,195,0.6451743589743589,0.7296461538461538,5.61025641025641,0.6051282051282051,0.6079133333333333,119.6067641025641,245547.51794871796,True
latin,2000,2004,2000_2004,209,0.6420143540669857,0.7098038277511961,5.6124401913875595,0.6172248803827751,0.5980411483253588,121.27263636363637,242808.72727272726,True
latin,2001,2005,2001_2005,235,0.6518936170212766,0.7019659574468085,5.48936170212766,0.625531914893617,0.6047514893617022,121.65314042553192,239084.1489361702,True
latin,2002,2006,2002_2006,257,0.643023346303502,0.6856303501945525,5.35408560311284,0.6381322957198443,0.6014420233463036,122.72571206225682,236212.19844357978,True
latin,2003,2007,2003_2007,254,0.6415275590551182,0.6723897637795276,5.090551181102362,0.6062992125984252,0.5961188976377952,122.10778740157481,233889.91338582677,True
latin,2004,2008,2004_2008,258,0.6352209302325581,0.671593023255814,4.934108527131783,0.6085271317829457,0.5795918604651162,121.53365891472869,233395.8488372093,True
latin,2005,2009,2005_2009,241,0.6472033195020747,0.6749294605809129,4.7012448132780085,0.6058091286307054,0.5880419087136929,119.25211618257262,231860.29460580912,True
latin,2006,2010,2006_2010,230,0.638891304347826,0.685195652173913,4.765217391304348,0.5956521739130435,0.5901486956521739,120.66298260869566,231119.34782608695,True
latin,2007,2011,2007_2011,212,0.6378867924528302,0.6900943396226416,5.099056603773585,0.5801886792452831,0.5951117924528302,121.8248537735849,230721.83018867925,True
latin,2008,2012,2008_2012,200,0.636535,0.688064,5.39,0.62,0.5896705,123.73521500000001,228424.725,True
latin,2009,2013,2009_2013,202,0.6445544554455445,0.7075534653465347,5.599009900990099,0.599009900990099,0.6059539603960395,123.44857425742575,229140.10396039605,True
latin,2010,2014,2010_2014,214,0.6378364485981309,0.7045813084112149,5.841121495327103,0.5887850467289719,0.5947228971962617,126.56707476635513,228863.93925233645,True
latin,2011,2015,2011_2015,210,0.6304000000000001,0.6869971428571429,5.771428571428571,0.5761904761904761,0.590712380952381,125.84190476190476,231030.3619047619,True
latin,2012,2016,2012_2016,233,0.6487982832618026,0.6985811158798283,5.330472103004292,0.5622317596566524,0.6075064377682404,124.00168669527898,227748.9957081545,True
latin,2013,2017,2013_2017,291,0.6573745704467354,0.6957374570446735,5.230240549828179,0.5773195876288659,0.6051202749140894,123.30188316151202,222906.941580756,True
latin,2014,2018,2014_2018,381,0.6684540682414698,0.6825955380577428,5.215223097112861,0.5643044619422573,0.5895614173228346,123.4681784776903,213859.81627296587,True
latin,2015,2019,2015_2019,368,0.6725951086956522,0.6740986413043478,5.184782608695652,0.5570652173913043,0.586339402173913,122.22004619565217,212872.32065217392,True
metal,1968,1972,1968_1972,20,0.3794,0.54954,5.95,0.65,0.44489999999999996,128.9871,337933.05,True
metal,1969,1973,1969_1973,26,0.36503846153846153,0.5369538461538462,5.923076923076923,0.6538461538461539,0.4422307692307692,128.37,336856.26923076925,True
metal,1970,1974,1970_1974,26,0.36503846153846153,0.5369538461538462,5.923076923076923,0.6538461538461539,0.4422307692307692,128.37,336856.26923076925,True
metal,1971,1975,1971_1975,20,0.34385,0.543865,5.75,0.75,0.44165,125.07135000000001,313374.65,True
metal,1972,1976,1972_1976,23,0.3485652173913043,0.5029130434782608,6.130434782608695,0.6956521739130435,0.3836086956521739,118.46004347826087,301003.6956521739,True
metal,1973,1977,1973_1977,23,0.34543478260869565,0.5373913043478261,6.434782608695652,0.6521739130434783,0.35795652173913045,118.49308695652174,304426.5652173913,True
metal,1974,1978,1974_1978,24,0.37024999999999997,0.6295416666666667,7.083333333333333,0.5833333333333334,0.3804166666666667,125.73579166666667,294673.75,True
metal,1975,1979,1975_1979,28,0.37935714285714284,0.6644642857142857,7.107142857142857,0.6428571428571429,0.3836785714285714,126.42728571428572,286876.0714285714,True
metal,1976,1980,1976_1980,34,0.35611764705882354,0.7189117647058824,5.852941176470588,0.5882352941176471,0.3963529411764706,125.59073529411765,277047.85294117645,True
metal,1977,1981,1977_1981,37,0.3433243243243243,0.8459189189189189,5.891891891891892,0.6486486486486487,0.4544594594594595,125.9681891891892,259082.94594594595,True
metal,1978,1982,1978_1982,46,0.3345695652173913,0.8562826086956522,5.043478260869565,0.6086956521739131,0.4721086956521739,123.91710869565217,257488.78260869565,True
metal,1979,1983,1979_1983,49,0.3187795918367347,0.8699387755102042,4.448979591836735,0.5510204081632653,0.47148979591836737,122.26785714285714,259628.3469387755,True
metal,1980,1984,1980_1984,67,0.320734328358209,0.8582238805970149,4.626865671641791,0.5223880597014925,0.4653582089552239,121.70653731343283,270211.5671641791,True
metal,1981,1985,1981_1985,58,0.3302103448275862,0.8702586206896552,4.827586206896552,0.5344827586206896,0.47255172413793106,121.42399999999999,270980.9482758621,True
metal,1982,1986,1982_1986,57,0.31938070175438593,0.8585754385964912,4.807017543859649,0.43859649122807015,0.433859649122807,128.58861403508772,283159.4035087719,True
metal,1983,1987,1983_1987,52,0.33083653846153843,0.8343038461538461,5.326923076923077,0.4423076923076923,0.4215384615384616,129.1531346153846,289512.1153846154,True
metal,1984,1988,1984_1988,54,0.3366388888888889,0.8343481481481482,5.444444444444445,0.5,0.4054444444444445,130.05655555555555,285610.9074074074,True
metal,1985,1989,1985_1989,40,0.34278749999999997,0.827695,5.45,0.45,0.372915,135.613,289797.05,True
metal,1986,1990,1986_1990,56,0.3419910714285714,0.8383892857142856,5.5,0.4642857142857143,0.3490464285714286,133.72264285714286,281881.46428571426,True
metal,1987,1991,1987_1991,54,0.36420370370370375,0.8375925925925926,5.611111111111111,0.5185185185185185,0.3560203703703704,129.65274074074074,280154.27777777775,True
metal,1988,1992,1988_1992,67,0.355044776119403,0.8526268656716418,5.522388059701493,0.47761194029850745,0.3586955223880597,129.72735820895522,285363.1641791045,True
metal,1989,1993,1989_1993,60,0.35396666666666665,0.8474333333333333,5.633333333333334,0.4666666666666667,0.35189333333333334,127.9619,284066.23333333334,True
metal,1990,1994,1990_1994,65,0.36,0.8383643846153847,5.476923076923077,0.5384615384615384,0.37124615384615384,123.81327692307693,287150.3692307692,True
metal,1991,1995,1991_1995,74,0.3698243243243243,0.8333335810810811,5.594594594594595,0.527027027027027,0.3856648648648649,126.48964864864865,290584.52702702704,True
metal,1992,1996,1992_1996,75,0.3779866666666667,0.8254317999999999,5.533333333333333,0.49333333333333335,0.39952933333333335,124.91105333333333,288559.4533333333,True
metal,1993,1997,1993_1997,67,0.39398507462686566,0.8061105253731343,5.492537313432836,0.5671641791044776,0.3846835820895523,122.47194029850748,308613.3134328358,True
metal,1994,1998,1994_1998,105,0.4056571428571429,0.8066514780952381,5.419047619047619,0.580952380952381,0.37135809523809526,119.81837142857142,307798.4380952381,True
metal,1995,1999,1995_1999,119,0.4162689075630252,0.797157312605042,5.369747899159663,0.6050420168067226,0.362264705882353,118.26453781512605,284041.67226890754,True
metal,1996,2000,1996_2000,135,0.42273333333333335,0.8051608903703704,5.140740740740741,0.5777777777777777,0.3568103703703704,115.65628148148149,285764.837037037,True
metal,1997,2001,1997_2001,167,0.42148502994011977,0.830886348502994,5.11377245508982,0.5868263473053892,0.3521562874251497,116.2840119760479,273112.75449101796,True
metal,1998,2002,1998_2002,223,0.4296547085201794,0.8406995515695067,4.95067264573991,0.57847533632287,0.3658461883408071,120.16392376681614,257549.67264573992,True
metal,1999,2003,1999_2003,240,0.42857500000000004,0.8424999999999999,5.041666666666667,0.5458333333333333,0.35607875,119.70529166666667,251493.975,True
metal,2000,2004,2000_2004,278,0.4149172661870503,0.8487122302158273,5.226618705035971,0.5035971223021583,0.3325928057553957,122.31853956834534,258923.09712230216,True
metal,2001,2005,2001_2005,307,0.414042345276873,0.851726384364821,5.136807817589577,0.5276872964169381,0.33415928338762213,124.76524429967426,254257.05537459283,True
metal,2002,2006,2002_2006,306,0.40719607843137257,0.841937908496732,5.140522875816994,0.5065359477124183,0.3193173202614379,126.30522549019607,258942.9019607843,True
metal,2003,2007,2003_2007,308,0.40085714285714286,0.8488993506493507,5.295454545454546,0.4642857142857143,0.3076396103896104,126.15533766233766,259270.29545454544,True
metal,2004,2008,2004_2008,301,0.40233554817275746,0.8665747508305648,5.229235880398671,0.4684385382059801,0.3138518272425249,127.8351196013289,258933.54485049835,True
metal,2005,2009,2005_2009,310,0.40347096774193547,0.8774387096774192,5.183870967741935,0.4838709677419355,0.3297848387096774,128.32398387096774,247504.69677419355,True
metal,2006,2010,2006_2010,296,0.3928817567567568,0.8800777027027027,5.41554054054054,0.46959459459459457,0.305977027027027,127.85427364864864,248612.8581081081,True
metal,2007,2011,2007_2011,307,0.4016188925081433,0.8814592833876221,5.387622149837133,0.4755700325732899,0.32387719869706844,128.2921368078176,245715.08143322475,True
metal,2008,2012,2008_2012,302,0.4047135761589404,0.8820099337748345,5.354304635761589,0.4966887417218543,0.31180728476821196,130.6586622516556,247991.37417218543,True
metal,2009,2013,2009_2013,328,0.4092393292682927,0.8819329268292683,5.326219512195122,0.4817073170731707,0.3039530487804878,133.12030792682927,249913.48475609755,True
metal,2010,2014,2010_2014,344,0.4207747093023256,0.883546511627907,5.508720930232558,0.4738372093023256,0.3052104651162791,132.38560755813953,261408.26744186046,True
metal,2011,2015,2011_2015,373,0.4309128686327078,0.890686327077748,5.407506702412869,0.4959785522788204,0.3238753351206434,132.9030214477212,268488.5898123324,True
metal,2012,2016,2012_2016,430,0.4286453488372093,0.8938837209302326,5.562790697674418,0.4906976744186046,0.3059253488372093,131.24828837209304,273514.688372093,True
metal,2013,2017,2013_2017,450,0.4288444444444444,0.8901933333333333,5.6177777777777775,0.4955555555555556,0.30511911111111106,129.59565555555554,276139.50444444444,True
metal,2014,2018,2014_2018,444,0.4289256756756757,0.8854572072072071,5.601351351351352,0.5157657657657657,0.307827027027027,127.84739414414415,275344.4166666667,True
metal,2015,2019,2015_2019,404,0.42748019801980197,0.8855014851485148,5.5816831683168315,0.5198019801980198,0.3041618811881188,128.73022524752474,276047.66584158415,True
mpb,1963,1967,1963_1967,20,0.43174999999999997,0.41795,4.75,0.7,0.49939999999999996,111.58609999999999,192587.3,True
mpb,1964,1968,1964_1968,32,0.43834375,0.46190625,4.5625,0.75,0.54103125,115.79409375,198907.9375,True
mpb,1965,1969,1965_1969,46,0.4344565217391304,0.474804347826087,4.0,0.8043478260869565,0.5609782608695653,119.12417391304346,203617.71739130435,True
mpb,1966,1970,1966_1970,68,0.4401764705882353,0.4575558823529412,4.147058823529412,0.7058823529411765,0.5396323529411765,115.91142647058824,195893.58823529413,True
mpb,1967,1971,1967_1971,73,0.4467671232876712,0.48628493150684937,4.287671232876712,0.6986301369863014,0.5469999999999999,114.47261643835617,199236.39726027398,True
mpb,1968,1972,1968_1972,89,0.4892696629213483,0.5088404494382023,4.415730337078652,0.6741573033707865,0.5859662921348314,115.01232584269663,187433.40449438203,True
mpb,1969,1973,1969_1973,90,0.5095444444444445,0.5072422222222223,4.344444444444444,0.6666666666666666,0.5979111111111111,114.1630888888889,183974.95555555556,True
mpb,1970,1974,1970_1974,94,0.5197127659574469,0.48687978723404257,4.829787234042553,0.5851063829787234,0.5676382978723404,111.68344680851064,180682.96808510637,True
mpb,1971,1975,1971_1975,83,0.5223855421686746,0.5025325301204819,4.867469879518072,0.6265060240963856,0.5948433734939759,113.82531325301206,183095.0843373494,True
mpb,1972,1976,1972_1976,88,0.524125,0.48413863636363635,4.943181818181818,0.6590909090909091,0.5723113636363636,115.65181818181819,187293.47727272726,True
mpb,1973,1977,1973_1977,63,0.5011428571428571,0.46979682539682543,5.095238095238095,0.6825396825396826,0.543752380952381,115.4386507936508,201484.6984126984,True
mpb,1974,1978,1974_1978,70,0.4766714285714285,0.4444228571428572,5.642857142857143,0.6714285714285714,0.5003628571428571,119.7667857142857,208051.07142857142,True
mpb,1975,1979,1975_1979,66,0.5051060606060607,0.5107833333333334,5.7727272727272725,0.7575757575757576,0.5646121212121212,121.58966666666666,213857.45454545456,True
mpb,1976,1980,1976_1980,69,0.5268695652173913,0.4967086956521739,6.057971014492754,0.7681159420289855,0.5463173913043479,119.14017391304348,221038.34782608695,True
mpb,1977,1981,1977_1981,58,0.5311206896551725,0.4947568965517241,6.379310344827586,0.7586206896551724,0.5700775862068966,119.62424137931035,219644.24137931035,True
mpb,1978,1982,1978_1982,75,0.545,0.519372,6.1466666666666665,0.7466666666666667,0.5779133333333333,119.93956000000001,223092.86666666667,True
mpb,1979,1983,1979_1983,66,0.5845757575757576,0.5570984848484849,5.9393939393939394,0.7424242424242424,0.6254469696969697,116.97633333333333,229731.07575757575,True
mpb,1980,1984,1980_1984,56,0.5960535714285714,0.5349017857142857,5.714285714285714,0.7321428571428571,0.6220625000000001,117.70623214285715,236442.26785714287,True
mpb,1981,1985,1981_1985,49,0.6048163265306122,0.6011836734693878,5.530612244897959,0.7346938775510204,0.6679795918367347,123.77148979591837,238000.10204081633,True
mpb,1982,1986,1982_1986,53,0.6063962264150944,0.5654716981132075,5.188679245283019,0.6981132075471698,0.6228490566037737,122.48320754716981,240325.1320754717,True
mpb,1983,1987,1983_1987,38,0.6113421052631579,0.5499473684210526,5.052631578947368,0.6842105263157895,0.6408947368421053,125.03515789473686,239154.92105263157,True
mpb,1984,1988,1984_1988,30,0.5801999999999999,0.5251,5.3,0.7,0.6043000000000001,125.12073333333333,234901.7,True
mpb,1985,1989,1985_1989,26,0.528576923076923,0.5046923076923077,5.3076923076923075,0.6538461538461539,0.5585,124.95334615384614,229314.26923076922,True
mpb,1986,1990,1986_1990,30,0.5685333333333333,0.3968433333333333,5.566666666666666,0.6,0.5431,118.49733333333333,236541.63333333333,True
mpb,1987,1991,1987_1991,32,0.57015625,0.408040625,5.625,0.6875,0.6079375,123.62946875,228353.1875,True
mpb,1988,1992,1988_1992,36,0.57,0.3862027777777778,5.75,0.7222222222222222,0.5955277777777778,120.14761111111112,232320.61111111112,True
mpb,1989,1993,1989_1993,40,0.569725,0.3961325,5.2,0.75,0.5748325000000001,120.62345,231586.65,True
mpb,1990,1994,1990_1994,63,0.5870634920634921,0.4235761904761905,5.142857142857143,0.746031746031746,0.5953063492063492,121.74912698412697,226340.9365079365,True
mpb,1991,1995,1991_1995,64,0.58853125,0.4239375,5.09375,0.75,0.5760046875,120.04246875,216044.375,True
mpb,1992,1996,1992_1996,67,0.5800298507462687,0.4602358208955224,5.08955223880597,0.746268656716418,0.5489298507462687,117.9930447761194,216544.35820895524,True
mpb,1993,1997,1993_1997,83,0.5966626506024096,0.5036843373493975,4.963855421686747,0.6987951807228916,0.5602192771084337,117.98575903614457,224595.09638554216,True
mpb,1994,1998,1994_1998,96,0.5846875,0.5211645833333333,5.15625,0.6770833333333334,0.5628010416666667,119.00517708333332,226319.92708333334,True
mpb,1995,1999,1995_1999,101,0.5764554455445545,0.540170297029703,5.287128712871287,0.693069306930693,0.5128118811881188,118.719099009901,234966.71287128713,True
mpb,1996,2000,1996_2000,134,0.5702388059701493,0.5743671641791045,5.208955223880597,0.6940298507462687,0.5311119402985074,119.26985074626866,231847.0447761194,True
mpb,1997,2001,1997_2001,138,0.5769710144927537,0.5744376811594203,5.173913043478261,0.7028985507246377,0.5378985507246377,118.36571739130434,235684.78260869565,True
mpb,1998,2002,1998_2002,143,0.5616573426573426,0.5696881118881119,5.370629370629371,0.6853146853146853,0.5265741258741259,119.13535664335664,231365.06993006993,True
mpb,1999,2003,1999_2003,168,0.5743392857142857,0.5649880952380952,5.505952380952381,0.6845238095238095,0.5320541666666666,118.43103571428571,231361.36904761905,True
mpb,2000,2004,2000_2004,161,0.5753913043478261,0.5592521739130435,5.53416149068323,0.6770186335403726,0.5488571428571428,117.01328571428571,226856.75776397515,True
mpb,2001,2005,2001_2005,178,0.5654943820224719,0.5471106741573034,5.707865168539326,0.6573033707865169,0.5122960674157303,118.65703370786518,233338.02808988764,True
mpb,2002,2006,2002_2006,198,0.5662676767676768,0.5176343434343434,5.767676767676767,0.6464646464646465,0.49354898989898993,119.18328787878788,224684.95454545456,True
mpb,2003,2007,2003_2007,194,0.5718865979381443,0.5116938144329897,5.644329896907217,0.6752577319587629,0.4919963917525773,118.52308762886598,224750.21134020618,True
mpb,2004,2008,2004_2008,178,0.5668988764044944,0.4992865168539326,5.51123595505618,0.6741573033707865,0.4759050561797753,117.80147752808989,225062.16292134832,True
mpb,2005,2009,2005_2009,205,0.5772341463414634,0.48609658536585365,5.2682926829268295,0.6585365853658537,0.4838731707317073,119.33618048780488,221271.7024390244,True
mpb,2006,2010,2006_2010,195,0.5925230769230769,0.4657158974358974,5.230769230769231,0.6564102564102564,0.503063076923077,119.41249230769232,220093.5641025641,True
mpb,2007,2011,2007_2011,216,0.5905138888888889,0.4724731481481481,5.106481481481482,0.625,0.5115074074074074,119.22718518518519,226759.5601851852,True
mpb,2008,2012,2008_2012,281,0.5781601423487545,0.480606049822064,5.199288256227758,0.604982206405694,0.49993274021352313,119.33821352313167,227119.3416370107,True
mpb,2009,2013,2009_2013,334,0.5788622754491018,0.46255389221556886,5.1467065868263475,0.6287425149700598,0.4915053892215569,120.2391377245509,224407.4251497006,True
mpb,2010,2014,2010_2014,368,0.5756358695652174,0.45761983695652175,5.290760869565218,0.6086956521739131,0.48323668478260867,119.80465760869565,227354.33152173914,True
mpb,2011,2015,2011_2015,399,0.5741353383458647,0.47255939849624057,5.238095238095238,0.6090225563909775,0.4830872180451128,119.26578195488722,228758.42857142858,True
mpb,2012,2016,2012_2016,463,0.5766522678185745,0.5006444924406048,5.226781857451404,0.6414686825053996,0.482585313174946,119.59555507559395,228877.95032397407,True
mpb,2013,2017,2013_2017,476,0.5853592436974789,0.49679978991596635,5.3088235294117645,0.6218487394957983,0.47949747899159667,120.50373319327731,226361.3151260504,True
mpb,2014,2018,2014_2018,512,0.592173828125,0.5083009765625,5.4453125,0.615234375,0.4845646484375,120.265955078125,226342.146484375,True
mpb,2015,2019,2015_2019,463,0.5914578833693305,0.517576241900648,5.434125269978401,0.6155507559395248,0.48221533477321815,121.77690928725703,225999.72786177107,True
new wave,1973,1977,1973_1977,27,0.5949259259259259,0.6386666666666666,4.777777777777778,0.6666666666666666,0.7758925925925927,128.20503703703704,190283.37037037036,True
new wave,1974,1978,1974_1978,72,0.5653472222222222,0.6919583333333333,5.027777777777778,0.7638888888888888,0.7341944444444445,132.55708333333334,200617.19444444444,True
new wave,1975,1979,1975_1979,139,0.5594244604316547,0.6889424460431655,5.0359712230215825,0.7266187050359713,0.6992568345323742,132.5596978417266,220728.8489208633,True
new wave,1976,1980,1976_1980,191,0.5776335078534032,0.6849581151832461,5.041884816753926,0.7172774869109948,0.7067837696335079,133.61075916230365,224226.8115183246,True
new wave,1977,1981,1977_1981,271,0.6042767527675276,0.6766036900369004,5.1512915129151295,0.7084870848708487,0.695039483394834,131.4551328413284,227458.45756457566,True
new wave,1978,1982,1978_1982,347,0.6062910662824208,0.6885262247838617,5.282420749279539,0.7175792507204611,0.6866224783861672,130.87534870317003,234849.04899135447,True
new wave,1979,1983,1979_1983,408,0.6163406862745099,0.6951776960784314,5.181372549019608,0.6838235294117647,0.6882281862745098,129.34029411764706,242117.943627451,True
new wave,1980,1984,1980_1984,432,0.6240601851851851,0.6894108796296295,5.199074074074074,0.6712962962962963,0.6882210648148148,127.663375,245879.2476851852,True
new wave,1981,1985,1981_1985,498,0.6254056224899598,0.6967821285140562,5.329317269076305,0.6546184738955824,0.6844307228915663,125.0703172690763,250029.46787148595,True
new wave,1982,1986,1982_1986,484,0.6158636363636363,0.7033848966942149,5.297520661157025,0.6446280991735537,0.6802452479338843,123.99956818181818,255366.18181818182,True
new wave,1983,1987,1983_1987,437,0.6127391304347826,0.7099091304347827,5.249427917620137,0.6270022883295194,0.6748645308924485,123.16306636155606,255421.59267734553,True
new wave,1984,1988,1984_1988,362,0.6127458563535911,0.6976889226519337,5.345303867403315,0.6298342541436464,0.6628381215469613,121.86110220994475,258467.0552486188,True
new wave,1985,1989,1985_1989,316,0.6114493670886075,0.7147892088607595,5.306962025316456,0.6360759493670886,0.657229746835443,121.92436392405064,261689.8829113924,True
new wave,1986,1990,1986_1990,232,0.5978534482758621,0.7204930603448276,5.150862068965517,0.646551724137931,0.6247431034482759,123.36013362068965,267344.7112068966,True
new wave,1987,1991,1987_1991,180,0.5982388888888889,0.7225372222222223,5.138888888888889,0.6444444444444445,0.6209933333333334,123.88317222222223,271294.98333333334,True
new wave,1988,1992,1988_1992,147,0.5976598639455782,0.6936510204081633,5.36734693877551,0.6598639455782312,0.6181857142857143,125.49545578231292,280265.3469387755,True
new wave,1989,1993,1989_1993,155,0.5791290322580646,0.7178754838709678,5.567741935483871,0.632258064516129,0.5988335483870968,124.85410967741934,279396.2,True
new wave,1990,1994,1990_1994,112,0.5730357142857143,0.7059169642857144,5.848214285714286,0.6160714285714286,0.5842848214285714,124.63202678571429,276487.7589285714,True
new wave,1991,1995,1991_1995,98,0.5619938775510205,0.6885071428571428,5.551020408163265,0.6632653061224489,0.5839326530612245,123.41270408163265,273730.2755102041,True
new wave,1992,1996,1992_1996,87,0.5559701149425287,0.7067816091954023,5.551724137931035,0.6781609195402298,0.5708022988505747,125.81357471264367,271357.7701149425,True
new wave,1993,1997,1993_1997,84,0.5596833333333333,0.7288214285714285,5.214285714285714,0.6666666666666666,0.5564619047619048,123.46665476190476,275381.4404761905,True
new wave,1994,1998,1994_1998,63,0.5846730158730159,0.7406984126984127,4.507936507936508,0.7301587301587301,0.6006238095238096,126.94760317460317,267744.8095238095,True
new wave,1995,1999,1995_1999,71,0.5916394366197183,0.7385774647887324,5.070422535211268,0.7323943661971831,0.6115394366197183,126.36052112676056,265674.04225352115,True
new wave,1996,2000,1996_2000,57,0.6123508771929825,0.7494912280701754,5.421052631578948,0.7192982456140351,0.6361578947368421,126.20638596491229,258452.71929824562,True
new wave,1997,2001,1997_2001,78,0.6005897435897436,0.7316025641025641,5.102564102564102,0.7051282051282052,0.5851987179487179,124.97310256410256,256062.64102564103,True
new wave,1998,2002,1998_2002,76,0.6005131578947369,0.7403815789473684,4.894736842105263,0.6973684210526315,0.5960855263157895,124.96511842105264,251152.81578947368,True
new wave,1999,2003,1999_2003,70,0.5878428571428571,0.7099227142857143,5.1,0.7142857142857143,0.5659371428571429,122.94200000000001,253879.04285714286,True
new wave,2000,2004,2000_2004,77,0.5894415584415584,0.7179816883116883,4.87012987012987,0.7142857142857143,0.5692545454545455,124.08816883116884,254308.2077922078,True
new wave,2001,2005,2001_2005,95,0.5881578947368421,0.7216588421052632,4.463157894736842,0.6947368421052632,0.5715378947368421,124.87396842105264,256171.2,True
new wave,2002,2006,2002_2006,81,0.6061358024691358,0.7299455555555556,4.222222222222222,0.691358024691358,0.619920987654321,124.31395061728395,255929.66666666666,True
new wave,2003,2007,2003_2007,75,0.6015199999999999,0.7269012,4.493333333333333,0.68,0.6107706666666667,122.32276,260215.22666666665,True
new wave,2004,2008,2004_2008,84,0.5939642857142857,0.7422369047619048,4.404761904761905,0.6785714285714286,0.613927380952381,123.65754761904762,259216.41666666666,True
new wave,2005,2009,2005_2009,84,0.586,0.7513440476190476,3.9285714285714284,0.6547619047619048,0.6220583333333333,124.45147619047619,260493.91666666666,True
new wave,2006,2010,2006_2010,92,0.5828260869565217,0.7551184782608695,4.641304347826087,0.6413043478260869,0.591995652173913,125.7550652173913,261263.04347826086,True
new wave,2007,2011,2007_2011,110,0.5697818181818182,0.7581536363636364,4.545454545454546,0.6363636363636364,0.5531763636363637,126.37859090909092,259545.58181818182,True
new wave,2008,2012,2008_2012,134,0.5792313432835822,0.7620059701492538,4.529850746268656,0.6119402985074627,0.5661880597014926,127.52860447761194,252924.23134328358,True
new wave,2009,2013,2009_2013,132,0.5805378787878788,0.7674537878787878,4.704545454545454,0.553030303030303,0.559669696969697,128.12013636363636,252914.67424242425,True
new wave,2010,2014,2010_2014,143,0.5774965034965035,0.763320979020979,5.153846153846154,0.5454545454545454,0.5360405594405595,127.24616083916085,254244.53146853147,True
new wave,2011,2015,2011_2015,146,0.5798972602739726,0.7613486301369864,5.219178082191781,0.541095890410959,0.5465787671232877,124.8951301369863,249492.54794520547,True
new wave,2012,2016,2012_2016,157,0.5910254777070063,0.7350439490445859,5.624203821656051,0.5477707006369427,0.5591554140127389,124.80414649681529,258606.04458598726,True
new wave,2013,2017,2013_2017,195,0.5793897435897436,0.7341128205128205,5.764102564102564,0.6,0.5414794871794871,124.78013846153847,259122.75384615385,True
new wave,2014,2018,2014_2018,227,0.570453744493392,0.7245242290748899,5.60352422907489,0.6299559471365639,0.518137885462555,124.98833920704845,255436.67400881057,True
new wave,2015,2019,2015_2019,226,0.5720088495575222,0.724575221238938,5.5,0.6415929203539823,0.5223884955752213,125.96258407079647,254534.6150442478,True
pop,1959,1963,1959_1963,22,0.5579545454545455,0.4858636363636364,4.363636363636363,0.9090909090909091,0.6974545454545454,111.03390909090909,148252.18181818182,True
pop,1960,1964,1960_1964,26,0.5557307692307693,0.5122692307692308,4.3076923076923075,0.9230769230769231,0.7088076923076922,112.76930769230769,149801.07692307694,True
pop,1961,1965,1961_1965,31,0.5310322580645161,0.49348387096774193,4.161290322580645,0.9354838709677419,0.6794193548387097,115.11716129032258,153400.93548387097,True
pop,1962,1966,1962_1966,46,0.538,0.5099130434782608,4.782608695652174,0.8913043478260869,0.6601086956521739,117.75858695652173,158821.36956521738,True
pop,1963,1967,1963_1967,47,0.5258297872340425,0.5030851063829788,5.319148936170213,0.8723404255319149,0.6513829787234042,118.33638297872339,162735.25531914894,True
pop,1964,1968,1964_1968,46,0.4910434782608696,0.5051086956521739,5.826086956521739,0.7608695652173914,0.6029347826086956,120.3260652173913,177334.71739130435,True
pop,1965,1969,1965_1969,51,0.4902549019607843,0.48207843137254897,5.862745098039215,0.7647058823529411,0.5818235294117647,116.28678431372549,182734.86274509804,True
pop,1966,1970,1966_1970,51,0.4818431372549019,0.4751176470588236,6.117647058823529,0.7450980392156863,0.5673725490196079,115.25203921568628,185142.6862745098,True
pop,1967,1971,1967_1971,48,0.4461875,0.434,6.020833333333333,0.7291666666666666,0.5157708333333334,108.8145,184813.6875,True
pop,1968,1972,1968_1972,53,0.45828301886792455,0.4617547169811321,6.0754716981132075,0.7358490566037735,0.5192264150943396,110.85284905660377,194714.22641509434,True
pop,1969,1973,1969_1973,69,0.5083478260869565,0.48026086956521735,5.768115942028985,0.8115942028985508,0.568463768115942,113.50208695652174,190941.8115942029,True
pop,1970,1974,1970_1974,77,0.5008441558441559,0.5082207792207792,5.623376623376624,0.8181818181818182,0.5758961038961039,119.75896103896105,189764.05194805196,True
pop,1971,1975,1971_1975,82,0.5088536585365854,0.5322439024390244,5.2560975609756095,0.8414634146341463,0.5866463414634145,119.22041463414635,195319.42682926828,True
pop,1972,1976,1972_1976,85,0.5261411764705882,0.5708470588235294,4.823529411764706,0.8705882352941177,0.6157411764705882,123.98835294117647,203702.49411764706,True
pop,1973,1977,1973_1977,88,0.5255795454545454,0.5553625,4.75,0.8522727272727273,0.605090909090909,124.73813636363637,207517.93181818182,True
pop,1974,1978,1974_1978,76,0.5200394736842106,0.5544131578947368,4.684210526315789,0.8552631578947368,0.5891052631578947,125.31239473684211,220464.81578947368,True
pop,1975,1979,1975_1979,80,0.5507500000000001,0.5359499999999999,5.0375,0.775,0.58165,123.405925,229996.1625,True
pop,1976,1980,1976_1980,92,0.5685869565217392,0.5257173913043478,5.271739130434782,0.7282608695652174,0.5861847826086957,124.24905434782609,233850.60869565216,True
pop,1977,1981,1977_1981,105,0.6023047619047619,0.5092819047619048,5.495238095238095,0.6857142857142857,0.6071047619047619,123.37266666666666,238314.42857142858,True
pop,1978,1982,1978_1982,116,0.6333879310344828,0.5525353448275862,5.344827586206897,0.603448275862069,0.6454905172413794,124.51374999999999,243128.2155172414,True
pop,1979,1983,1979_1983,144,0.6469791666666667,0.5847402777777778,5.361111111111111,0.6388888888888888,0.6642215277777779,123.22284027777778,242839.29166666666,True
pop,1980,1984,1980_1984,167,0.6559580838323353,0.59837125748503,5.2155688622754495,0.6347305389221557,0.6874604790419161,123.82474251497005,251869.1377245509,True
pop,1981,1985,1981_1985,179,0.659340782122905,0.6280670391061453,5.240223463687151,0.6368715083798883,0.6833458100558659,123.91855307262571,256847.4972067039,True
pop,1982,1986,1982_1986,213,0.6528732394366198,0.647250704225352,5.009389671361502,0.6431924882629108,0.6917272300469484,123.64638497652582,257809.30985915492,True
pop,1983,1987,1983_1987,278,0.6534532374100719,0.6603597122302158,5.18705035971223,0.6798561151079137,0.6852330935251798,121.06749280575539,257685.6330935252,True
pop,1984,1988,1984_1988,314,0.6518121019108281,0.668343949044586,5.248407643312102,0.6751592356687898,0.6854738853503185,120.1664076433121,255565.07643312102,True
pop,1985,1989,1985_1989,368,0.6471576086956522,0.664625,5.236413043478261,0.7146739130434783,0.6681570652173913,120.14959782608696,254115.88043478262,True
pop,1986,1990,1986_1990,392,0.6493163265306122,0.6582040816326531,5.232142857142857,0.7244897959183674,0.666211224489796,119.44441071428572,251804.2142857143,True
pop,1987,1991,1987_1991,417,0.6455275779376499,0.6588393285371702,5.2829736211031175,0.7266187050359713,0.6355990407673862,117.87149880095923,252503.14868105514,True
pop,1988,1992,1988_1992,420,0.6317309523809523,0.6416761904761905,5.173809523809524,0.7309523809523809,0.6124709523809524,119.24110238095238,251799.85952380951,True
pop,1989,1993,1989_1993,445,0.6196876404494382,0.6267561797752809,5.312359550561798,0.7146067415730337,0.5797494382022471,118.64714606741573,254905.88539325842,True
pop,1990,1994,1990_1994,428,0.6124299065420561,0.6307558411214953,5.170560747663552,0.6845794392523364,0.5702815420560747,117.17307476635514,250761.53971962616,True
pop,1991,1995,1991_1995,502,0.5996713147410359,0.6327858565737052,5.049800796812749,0.6553784860557769,0.5535366533864542,118.6038844621514,252059.1812749004,True
pop,1992,1996,1992_1996,507,0.5980374753451676,0.6311666666666667,5.0848126232741615,0.6410256410256411,0.5527151873767259,119.1086449704142,250618.34319526626,True
pop,1993,1997,1993_1997,537,0.6011359404096834,0.6493417132216015,5.1135940409683425,0.638733705772812,0.5464448789571694,119.06901489757915,250893.98696461826,True
pop,1994,1998,1994_1998,568,0.6035017605633802,0.6709429577464788,4.845070422535211,0.6390845070422535,0.5596730633802817,120.12733098591548,247689.13028169013,True
pop,1995,1999,1995_1999,705,0.6104255319148937,0.684738439716312,5.116312056737589,0.6524822695035462,0.5659360283687943,120.07083404255319,247930.17730496454,True
pop,1996,2000,1996_2000,770,0.6214376623376623,0.7016137662337663,5.255844155844156,0.6558441558441559,0.5808729870129871,119.38134935064934,244407.3038961039,True
pop,1997,2001,1997_2001,891,0.6277575757575757,0.7104698092031425,5.278338945005611,0.6363636363636364,0.5918260381593715,118.15278114478114,241840.81930415262,True
pop,1998,2002,1998_2002,948,0.6277710970464134,0.7097147679324896,5.263713080168777,0.6265822784810127,0.5885566455696202,118.10804746835443,239621.72679324893,True
pop,1999,2003,1999_2003,1088,0.6292058823529412,0.7063069852941176,5.388786764705882,0.625,0.5887026654411764,118.465390625,237311.890625,True
pop,2000,2004,2000_2004,1077,0.6282766945218199,0.7044857938718663,5.400185701021355,0.6118848653667596,0.5805640668523677,118.91325162488394,235246.7530176416,True
pop,2001,2005,2001_2005,1150,0.6182747826086956,0.7056827826086957,5.43304347826087,0.6139130434782609,0.569704,119.95343130434782,233351.62086956523,True
pop,2002,2006,2002_2006,1204,0.613625415282392,0.7007435215946843,5.488372093023256,0.6295681063122923,0.5638176910299003,122.00721428571427,231771.13122923588,True
pop,2003,2007,2003_2007,1316,0.6126436170212766,0.7047800911854103,5.484802431610942,0.6405775075987842,0.5670174772036475,122.25276367781154,229358.04787234042,True
pop,2004,2008,2004_2008,1432,0.6114692737430167,0.7016217178770949,5.322625698324022,0.6354748603351955,0.5550972765363129,123.04997695530727,227526.8994413408,True
pop,2005,2009,2005_2009,1593,0.6135091023226616,0.7091758317639674,5.222222222222222,0.6465787821720025,0.5609559949780288,123.50244569993723,225221.01694915254,True
pop,2006,2010,2006_2010,1709,0.6151170275014628,0.7143669397308368,5.207138677589233,0.652428320655354,0.5622042715038034,123.10229842012873,222865.0561732007,True
pop,2007,2011,2007_2011,1876,0.6113390191897655,0.7224118336886993,5.165778251599147,0.6476545842217484,0.55575618336887,123.38265191897655,221800.61247334754,True
pop,2008,2012,2008_2012,2017,0.6114020823004462,0.7257855230540406,5.1903817550818045,0.6375805651958354,0.5487916212196332,123.71311799702528,221664.82796232027,True
pop,2009,2013,2009_2013,2178,0.6078516988062443,0.730321533516988,5.310835629017447,0.6340679522497704,0.545183608815427,124.20260835629018,222616.28787878787,True
pop,2010,2014,2010_2014,2353,0.6062647683807905,0.7178551636209095,5.3259668508287294,0.6294092647683808,0.5308772630684233,123.7795584360391,223224.94050148746,True
pop,2011,2015,2011_2015,2596,0.6057773497688752,0.7025693181818182,5.283513097072419,0.6228813559322034,0.5120503081664098,123.43802542372882,223644.5785824345,True
pop,2012,2016,2012_2016,2811,0.6084596229099964,0.6884823728210601,5.254002134471718,0.6150836001422981,0.49740978299537536,122.23247918890075,222218.1358946994,True
pop,2013,2017,2013_2017,3143,0.6129570474069361,0.674901288577792,5.265351574928412,0.6029271396754693,0.49427422844416163,121.06917753738466,220756.79605472478,True
pop,2014,2018,2014_2018,3846,0.6221520020800833,0.6577176677067084,5.215288611544461,0.5894435777431097,0.4898529121164847,119.98655486219448,215051.98933957357,True
pop,2015,2019,2015_2019,3726,0.6238906602254428,0.6529747584541062,5.21256038647343,0.5815888352120236,0.48651196994095547,119.5489806763285,212845.85399892647,True
pop rock,1982,1986,1982_1986,21,0.6439523809523809,0.6028095238095238,6.428571428571429,0.7142857142857143,0.684952380952381,120.28690476190476,242629.80952380953,True
pop rock,1983,1987,1983_1987,21,0.6115714285714285,0.6449523809523809,5.761904761904762,0.7619047619047619,0.599,113.47709523809525,241393.14285714287,True
pop rock,1984,1988,1984_1988,26,0.6318076923076923,0.7260384615384615,5.115384615384615,0.7307692307692307,0.6309615384615385,113.94407692307693,244475.5,True
pop rock,1985,1989,1985_1989,28,0.6361785714285714,0.7493214285714286,5.142857142857143,0.7142857142857143,0.6666428571428572,113.14335714285714,241942.9642857143,True
pop rock,1986,1990,1986_1990,28,0.62625,0.7377142857142857,5.214285714285714,0.7142857142857143,0.6522857142857142,111.69092857142857,237590.57142857142,True
pop rock,1987,1991,1987_1991,30,0.6184666666666666,0.7371333333333333,5.633333333333334,0.7333333333333333,0.6483000000000001,116.11643333333333,236975.06666666668,True
pop rock,1988,1992,1988_1992,23,0.6350869565217391,0.7587391304347826,5.391304347826087,0.6956521739130435,0.6978260869565218,117.52465217391304,241018.34782608695,True
pop rock,1991,1995,1991_1995,27,0.593037037037037,0.6835185185185184,6.555555555555555,0.8148148148148148,0.6172222222222222,126.59577777777777,229632.92592592593,True
pop rock,1992,1996,1992_1996,26,0.6051538461538462,0.6923461538461539,6.269230769230769,0.8076923076923077,0.6092692307692308,126.41353846153847,224832.84615384616,True
pop rock,1993,1997,1993_1997,34,0.6100000000000001,0.7052647058823529,5.705882352941177,0.8235294117647058,0.6168529411764706,123.60852941176469,227686.26470588235,True
pop rock,1994,1998,1994_1998,39,0.5943333333333334,0.7133333333333334,4.948717948717949,0.8205128205128205,0.5718974358974359,124.11605128205127,236737.07692307694,True
pop rock,1995,1999,1995_1999,45,0.6077555555555556,0.7382000000000001,4.866666666666666,0.8,0.5882177777777777,123.2209111111111,238160.95555555556,True
pop rock,1996,2000,1996_2000,37,0.600027027027027,0.7491891891891892,4.324324324324325,0.7837837837837838,0.5776702702702703,117.31354054054053,242472.97297297296,True
pop rock,1997,2001,1997_2001,55,0.5694363636363636,0.752,4.509090909090909,0.7636363636363637,0.5708145454545455,116.76267272727273,241827.21818181817,True
pop rock,1998,2002,1998_2002,78,0.5623974358974358,0.755525641025641,4.641025641025641,0.717948717948718,0.5542410256410256,119.50311538461538,239687.11538461538,True
pop rock,1999,2003,1999_2003,101,0.5581683168316832,0.7522574257425741,5.148514851485149,0.693069306930693,0.5503742574257426,123.52939603960395,236159.48514851485,True
pop rock,2000,2004,2000_2004,159,0.5365345911949685,0.7643207547169811,5.182389937106918,0.6792452830188679,0.5095849056603774,127.80159119496857,226809.7421383648,True
pop rock,2001,2005,2001_2005,210,0.5334476190476191,0.7752238095238095,5.276190476190476,0.680952380952381,0.5246761904761905,131.5473142857143,223565.95238095237,True
pop rock,2002,2006,2002_2006,230,0.5302565217391304,0.7675530173913043,5.439130434782609,0.7130434782608696,0.5173882608695652,132.23068260869564,224386.54782608696,True
pop rock,2003,2007,2003_2007,285,0.5306175438596491,0.7720568210526315,5.491228070175438,0.7157894736842105,0.5164757894736842,132.67206666666667,219942.23157894737,True
pop rock,2004,2008,2004_2008,335,0.5293253731343284,0.7850513253731343,5.277611940298508,0.7343283582089553,0.5270167164179105,132.4779343283582,217515.376119403,True
pop rock,2005,2009,2005_2009,328,0.529234756097561,0.7887231524390244,5.347560975609756,0.7439024390243902,0.5315658536585366,133.75553963414634,218576.51219512196,True
pop rock,2006,2010,2006_2010,314,0.5315668789808917,0.7875356496815287,5.423566878980892,0.7452229299363057,0.5293267515923566,132.58520700636942,217766.41401273885,True
pop rock,2007,2011,2007_2011,352,0.5333607954545454,0.7944886363636364,5.261363636363637,0.7386363636363636,0.52676875,133.1539715909091,216607.15056818182,True
pop rock,2008,2012,2008_2012,314,0.5327961783439491,0.7903054140127389,5.273885350318471,0.7515923566878981,0.5191942675159236,133.18594585987262,220295.92993630574,True
pop rock,2009,2013,2009_2013,343,0.5418134110787173,0.7753411078717202,5.26530612244898,0.7317784256559767,0.5168431486880466,131.66742274052478,222294.58309037902,True
pop rock,2010,2014,2010_2014,381,0.5482125984251969,0.7620629921259843,5.283464566929134,0.7296587926509186,0.5180115485564305,130.408375328084,220936.4908136483,True
pop rock,2011,2015,2011_2015,416,0.5469591346153846,0.759423076923077,5.132211538461538,0.7259615384615384,0.5033228365384615,129.47981009615384,222588.51682692306,True
pop rock,2012,2016,2012_2016,408,0.548860294117647,0.7550882352941177,5.178921568627451,0.7034313725490197,0.49942916666666665,128.46647303921569,222727.54901960783,True
pop rock,2013,2017,2013_2017,508,0.551992125984252,0.751809251968504,5.09251968503937,0.7007874015748031,0.499940157480315,127.04127362204724,221155.9311023622,True
pop rock,2014,2018,2014_2018,610,0.5473934426229509,0.742927868852459,5.285245901639344,0.6950819672131148,0.4809634426229508,127.29310163934426,217865.71967213115,True
pop rock,2015,2019,2015_2019,555,0.5512846846846847,0.7425009009009009,5.2018018018018015,0.6990990990990991,0.4803882882882883,126.10939819819819,218087.83603603602,True
post-hardcore,1981,1985,1981_1985,21,0.31166666666666665,0.8928571428571429,4.619047619047619,0.7142857142857143,0.4320952380952381,115.77280952380951,190167.57142857142,True
post-hardcore,1982,1986,1982_1986,22,0.3092727272727273,0.896590909090909,4.818181818181818,0.6818181818181818,0.4254090909090909,118.27868181818181,188343.5909090909,True
post-hardcore,1983,1987,1983_1987,23,0.3145217391304348,0.8906521739130434,4.695652173913044,0.6521739130434783,0.41001739130434783,117.94695652173914,181708.34782608695,True
post-hardcore,1984,1988,1984_1988,22,0.3176818181818182,0.9021363636363637,4.7272727272727275,0.6363636363636364,0.4203363636363637,119.65559090909092,180034.5,True
post-hardcore,1985,1989,1985_1989,29,0.380448275862069,0.8615172413793103,5.068965517241379,0.6896551724137931,0.4464275862068966,114.88251724137932,182467.1724137931,True
post-hardcore,1986,1990,1986_1990,22,0.4063636363636363,0.8160454545454545,6.0,0.6818181818181818,0.44715454545454547,119.10013636363637,180169.77272727274,True
post-hardcore,1987,1991,1987_1991,26,0.41019230769230774,0.7764615384615384,5.461538461538462,0.7307692307692307,0.45902692307692305,122.39892307692307,189517.53846153847,True
post-hardcore,1988,1992,1988_1992,26,0.4086923076923077,0.774423076923077,5.461538461538462,0.7692307692307693,0.4751653846153846,121.53842307692308,197505.76923076922,True
post-hardcore,1989,1993,1989_1993,39,0.4216666666666667,0.7665384615384615,5.846153846153846,0.7692307692307693,0.4443025641025641,124.01984615384616,203078.66666666666,True
post-hardcore,1990,1994,1990_1994,39,0.3618717948717949,0.7718974358974359,6.282051282051282,0.7435897435897436,0.3459974358974359,131.85294871794872,234115.20512820513,True
post-hardcore,1991,1995,1991_1995,37,0.37567567567567567,0.7557027027027027,6.675675675675675,0.6756756756756757,0.33364594594594593,130.92897297297299,236243.32432432432,True
post-hardcore,1992,1996,1992_1996,35,0.37505714285714287,0.7662857142857143,6.914285714285715,0.6857142857142857,0.3198742857142857,127.31517142857143,233861.08571428573,True
post-hardcore,1993,1997,1993_1997,35,0.37457142857142856,0.7729428571428572,7.171428571428572,0.6571428571428571,0.3168742857142857,127.51308571428574,232782.6,True
post-hardcore,1994,1998,1994_1998,37,0.3515945945945946,0.8017297297297298,6.405405405405405,0.6216216216216216,0.3398945945945946,129.0075945945946,239249.56756756757,True
post-hardcore,1995,1999,1995_1999,30,0.38676666666666665,0.7479333333333333,5.866666666666666,0.6666666666666666,0.3947266666666666,122.63476666666666,218172.66666666666,True
post-hardcore,1996,2000,1996_2000,41,0.35573170731707315,0.7996585365853659,5.341463414634147,0.6585365853658537,0.3767512195121951,125.88921951219511,229038.65853658537,True
post-hardcore,1997,2001,1997_2001,58,0.3489137931034482,0.7890689655172414,5.293103448275862,0.6896551724137931,0.373598275862069,130.37603448275863,241094.3103448276,True
post-hardcore,1998,2002,1998_2002,78,0.36262820512820515,0.814,4.833333333333333,0.6794871794871795,0.36899615384615386,126.47350000000002,240487.61538461538,True
post-hardcore,1999,2003,1999_2003,99,0.37178787878787883,0.8365777777777779,4.808080808080808,0.5656565656565656,0.34476161616161616,128.2830808080808,235438.2323232323,True
post-hardcore,2000,2004,2000_2004,119,0.3725983193277311,0.8481109243697479,4.739495798319328,0.5126050420168067,0.362509243697479,131.31768067226892,232789.00840336134,True
post-hardcore,2001,2005,2001_2005,153,0.3745111111111111,0.8581777777777777,4.771241830065359,0.49673202614379086,0.3576699346405229,131.8599477124183,229391.39869281047,True
post-hardcore,2002,2006,2002_2006,176,0.37684772727272725,0.8722397727272727,4.630681818181818,0.44886363636363635,0.35053125,131.9642215909091,225461.3409090909,True
post-hardcore,2003,2007,2003_2007,202,0.3698871287128713,0.8577435643564356,4.826732673267327,0.4158415841584158,0.34326435643564357,133.12331683168316,231494.4603960396,True
post-hardcore,2004,2008,2004_2008,206,0.36006893203883494,0.8543446601941748,5.009708737864078,0.41262135922330095,0.3306868932038835,134.2481067961165,227705.15533980582,True
post-hardcore,2005,2009,2005_2009,239,0.35919246861924686,0.8621882845188285,5.096234309623431,0.4225941422594142,0.3168828451882845,135.5635523012552,229815.92887029288,True
post-hardcore,2006,2010,2006_2010,270,0.3591814814814815,0.872874074074074,5.181481481481481,0.43703703703703706,0.3100662962962963,137.81137037037038,232132.0888888889,True
post-hardcore,2007,2011,2007_2011,323,0.3687368421052632,0.8805417956656347,5.120743034055727,0.4582043343653251,0.32051455108359134,138.5582972136223,232859.48606811147,True
post-hardcore,2008,2012,2008_2012,354,0.3835819209039548,0.8859124293785311,5.192090395480226,0.4830508474576271,0.3265031073446328,138.75498870056498,226473.24011299436,True
post-hardcore,2009,2013,2009_2013,474,0.39331434599156123,0.8966772151898734,5.19198312236287,0.5,0.339315611814346,138.78028902953588,229504.33755274263,True
post-hardcore,2010,2014,2010_2014,547,0.4065157221206582,0.8867787934186472,5.206581352833638,0.5045703839122486,0.337991407678245,136.59602742230348,228951.26325411335,True
post-hardcore,2011,2015,2011_2015,570,0.41641947368421056,0.8853631578947369,5.201754385964913,0.512280701754386,0.34318508771929823,135.52185087719297,227671.82631578948,True
post-hardcore,2012,2016,2012_2016,649,0.4262898305084746,0.8755041602465331,5.295839753466872,0.4946070878274268,0.34533636363636366,134.029594761171,225326.69029275808,True
post-hardcore,2013,2017,2013_2017,671,0.42873636363636364,0.8729049180327869,5.301043219076006,0.4903129657228018,0.3490178837555887,134.3083442622951,228161.4128166915,True
post-hardcore,2014,2018,2014_2018,690,0.43762478260869564,0.8608640579710145,5.294202898550725,0.5043478260869565,0.3565071014492754,132.30409130434782,227411.8884057971,True
post-hardcore,2015,2019,2015_2019,611,0.4410409165302782,0.8612589198036006,5.245499181669395,0.5106382978723404,0.3613577741407529,132.03546481178395,226572.62847790506,True
post-punk,1973,1977,1973_1977,27,0.5319259259259259,0.6661851851851851,4.851851851851852,0.8888888888888888,0.7349259259259259,125.08492592592593,200085.4814814815,True
post-punk,1974,1978,1974_1978,69,0.5104347826086957,0.6473768115942029,5.231884057971015,0.7971014492753623,0.611376811594203,126.72869565217393,202289.36231884058,True
post-punk,1975,1979,1975_1979,152,0.521625,0.6842171052631579,5.592105263157895,0.6907894736842105,0.604808552631579,129.20127631578947,202907.55921052632,True
post-punk,1976,1980,1976_1980,218,0.5290917431192661,0.6860376605504587,5.0504587155963305,0.7064220183486238,0.6113513761467889,129.1039128440367,213791.05963302753,True
post-punk,1977,1981,1977_1981,317,0.5077570977917981,0.699700977917981,5.110410094637224,0.6719242902208202,0.5901753943217666,130.32140378548897,222518.42586750787,True
post-punk,1978,1982,1978_1982,331,0.49828096676737166,0.7156652870090634,5.190332326283988,0.6616314199395771,0.5748915407854984,131.06209667673718,224577.58610271904,True
post-punk,1979,1983,1979_1983,331,0.5023202416918429,0.7308193655589124,5.157099697885196,0.6525679758308157,0.5884957703927493,130.86139274924471,232225.13595166162,True
post-punk,1980,1984,1980_1984,302,0.4990397350993378,0.7334924172185431,5.056291390728477,0.6721854304635762,0.5923884105960264,130.43256291390728,237274.41721854304,True
post-punk,1981,1985,1981_1985,294,0.4836149659863946,0.7555221088435374,5.35374149659864,0.6836734693877551,0.5894272108843537,130.8491156462585,235418.28911564627,True
post-punk,1982,1986,1982_1986,228,0.4824333333333333,0.7608311403508773,5.43859649122807,0.7192982456140351,0.5919763157894736,129.7738201754386,237833.78070175438,True
post-punk,1983,1987,1983_1987,238,0.4878310924369748,0.7638550420168068,5.378151260504202,0.7142857142857143,0.5915382352941176,129.57713025210083,240333.57983193276,True
post-punk,1984,1988,1984_1988,229,0.4710777292576419,0.7623777292576419,5.240174672489083,0.7205240174672489,0.5633061135371179,130.6430131004367,240944.2620087336,True
post-punk,1985,1989,1985_1989,197,0.4626690355329949,0.7697766497461929,5.228426395939087,0.7157360406091371,0.5440248730964466,131.03718781725888,254572.6192893401,True
post-punk,1986,1990,1986_1990,149,0.4566174496644295,0.7574228187919463,5.268456375838926,0.6912751677852349,0.5152073825503356,131.83236912751678,262043.31543624162,True
post-punk,1987,1991,1987_1991,123,0.4722276422764228,0.7699593495934959,5.195121951219512,0.6910569105691057,0.5292268292682927,131.66431707317074,258935.82113821138,True
post-punk,1988,1992,1988_1992,82,0.47729268292682925,0.7249634146341464,5.2926829268292686,0.6707317073170732,0.49932804878048775,130.36165853658537,279771.7195121951,True
post-punk,1989,1993,1989_1993,55,0.5076727272727273,0.7227636363636364,6.0,0.6545454545454545,0.5366345454545455,129.8016,278568.4909090909,True
post-punk,1990,1994,1990_1994,42,0.4968095238095238,0.6825952380952381,5.285714285714286,0.6904761904761905,0.5199928571428571,130.72785714285715,259917.42857142858,True
post-punk,1991,1995,1991_1995,39,0.5024358974358974,0.669025641025641,4.9743589743589745,0.5897435897435898,0.501376923076923,127.66220512820513,272412.9487179487,True
post-punk,1992,1996,1992_1996,40,0.5184249999999999,0.648475,4.85,0.625,0.5029675,129.09595,275884.25,True
post-punk,1993,1997,1993_1997,34,0.4991470588235294,0.6565588235294118,4.529411764705882,0.6470588235294118,0.5018735294117648,131.84432352941178,254600.29411764705,True
post-punk,1994,1998,1994_1998,34,0.4999411764705883,0.6275294117647059,4.382352941176471,0.6470588235294118,0.4569029411764706,129.48273529411767,260240.64705882352,True
post-punk,1995,1999,1995_1999,37,0.49070270270270266,0.6595135135135135,4.891891891891892,0.6756756756756757,0.4330810810810811,128.77375675675677,254262.2162162162,True
post-punk,1996,2000,1996_2000,37,0.49786486486486486,0.6524054054054054,4.972972972972973,0.7027027027027027,0.41732702702702706,126.24170270270271,267726.4054054054,True
post-punk,1997,2001,1997_2001,56,0.48008750000000006,0.6894642857142858,4.214285714285714,0.6607142857142857,0.44324642857142854,127.49683928571429,268480.48214285716,True
post-punk,1998,2002,1998_2002,67,0.4677,0.7251194029850746,4.492537313432836,0.6417910447761194,0.43714477611940294,126.56841791044778,268751.10447761195,True
post-punk,1999,2003,1999_2003,68,0.4792044117647059,0.7291176470588235,4.455882352941177,0.6470588235294118,0.46254852941176466,126.32960294117647,269350.4411764706,True
post-punk,2000,2004,2000_2004,89,0.47662808988764044,0.7692808988764044,4.752808988764045,0.6067415730337079,0.4656438202247191,130.40977528089886,262798.6404494382,True
post-punk,2001,2005,2001_2005,115,0.4917121739130435,0.7798173913043478,4.947826086956522,0.5739130434782609,0.5126617391304348,131.75910434782608,257077.13043478262,True
post-punk,2002,2006,2002_2006,118,0.5081016949152543,0.7831949152542373,5.423728813559322,0.576271186440678,0.5203296610169491,132.16957627118643,250493.16949152542,True
post-punk,2003,2007,2003_2007,141,0.5224964539007092,0.7575177304964539,5.368794326241135,0.574468085106383,0.5367716312056737,132.89421985815602,242084.2269503546,True
post-punk,2004,2008,2004_2008,158,0.5112683544303798,0.7689810126582278,5.2405063291139244,0.5759493670886076,0.5302607594936709,133.42624683544304,240390.17721518988,True
post-punk,2005,2009,2005_2009,157,0.5033401273885351,0.758891719745223,5.312101910828026,0.6114649681528662,0.5169700636942675,131.9008917197452,244591.7133757962,True
post-punk,2006,2010,2006_2010,164,0.4902036585365854,0.7492042682926829,4.969512195121951,0.676829268292683,0.48569207317073165,132.4737256097561,237106.55487804877,True
post-punk,2007,2011,2007_2011,173,0.48081156069364167,0.7623843930635839,4.942196531791907,0.6936416184971098,0.48008034682080925,132.76493063583814,238670.36994219653,True
post-punk,2008,2012,2008_2012,194,0.481141237113402,0.7683015463917525,4.917525773195877,0.7010309278350515,0.4634443298969072,132.80521134020617,241435.07216494845,True
post-punk,2009,2013,2009_2013,255,0.4699745098039216,0.7546529411764705,5.290196078431372,0.6745098039215687,0.4428376470588235,131.1454156862745,235814.29411764705,True
post-punk,2010,2014,2010_2014,299,0.4573822742474916,0.7556270903010034,5.150501672240803,0.6622073578595318,0.4434682274247492,130.011127090301,236481.24080267557,True
post-punk,2011,2015,2011_2015,346,0.45766849710982654,0.7536329479768786,5.442196531791907,0.6560693641618497,0.4249095375722543,130.13479190751445,240839.13005780347,True
post-punk,2012,2016,2012_2016,374,0.4652360962566845,0.7411096256684492,5.366310160427807,0.6497326203208557,0.4239066844919786,128.46029411764707,239541.94652406417,True
post-punk,2013,2017,2013_2017,428,0.45668995327102807,0.7313714953271028,5.509345794392523,0.633177570093458,0.40806752336448593,127.94725700934579,238841.67289719626,True
post-punk,2014,2018,2014_2018,488,0.4576512295081967,0.7419772848360656,5.497950819672131,0.6495901639344263,0.42025307377049176,129.16268852459015,241330.36270491802,True
post-punk,2015,2019,2015_2019,479,0.4730313152400835,0.7381584864300627,5.490605427974947,0.6492693110647182,0.42241294363256787,130.28808141962423,236335.76409185803,True
power metal,1981,1985,1981_1985,24,0.318625,0.8552083333333332,5.375,0.7083333333333334,0.3456625,134.481625,286475.0,True
power metal,1982,1986,1982_1986,25,0.32484,0.85008,5.28,0.68,0.35147599999999996,133.78987999999998,284801.08,True
power metal,1983,1987,1983_1987,33,0.31615151515151513,0.8562424242424242,5.909090909090909,0.5757575757575758,0.2827,131.49848484848485,288808.0909090909,True
power metal,1984,1988,1984_1988,51,0.3474509803921568,0.8435490196078431,5.921568627450981,0.5490196078431373,0.3135921568627451,126.93880392156862,288952.6862745098,True
power metal,1985,1989,1985_1989,43,0.35013953488372096,0.8523488372093022,5.8604651162790695,0.46511627906976744,0.29265581395348833,129.80576744186047,290355.6511627907,True
power metal,1986,1990,1986_1990,38,0.3862894736842105,0.8322368421052632,6.157894736842105,0.4473684210526316,0.30187631578947366,120.51034210526316,289909.84210526315,True
power metal,1987,1991,1987_1991,37,0.38391891891891894,0.835081081081081,6.243243243243243,0.4594594594594595,0.29676486486486486,120.60013513513513,291133.7027027027,True
power metal,1988,1992,1988_1992,28,0.40882142857142856,0.8351071428571428,5.928571428571429,0.39285714285714285,0.3170821428571428,115.13514285714287,297846.1785714286,True
power metal,1990,1994,1990_1994,22,0.40054545454545454,0.7434136363636363,6.090909090909091,0.45454545454545453,0.30224999999999996,117.57081818181818,294105.4090909091,True
power metal,1991,1995,1991_1995,28,0.39864285714285713,0.7981464285714285,5.714285714285714,0.35714285714285715,0.2985535714285715,130.22242857142857,303710.89285714284,True
power metal,1992,1996,1992_1996,45,0.40273333333333333,0.7776244444444445,5.5777777777777775,0.37777777777777777,0.29380666666666666,132.03293333333335,311922.9555555555,True
power metal,1993,1997,1993_1997,42,0.39645238095238095,0.7747166666666667,5.333333333333333,0.42857142857142855,0.29869285714285715,134.29850000000002,312702.5238095238,True
power metal,1994,1998,1994_1998,66,0.4057878787878788,0.8251075757575758,5.2727272727272725,0.3484848484848485,0.2727363636363636,132.3979090909091,308123.30303030304,True
power metal,1995,1999,1995_1999,68,0.40208823529411764,0.8441911764705883,5.147058823529412,0.35294117647058826,0.27040147058823527,132.90114705882354,310809.0882352941,True
power metal,1996,2000,1996_2000,77,0.40628571428571425,0.8449480519480519,4.9480519480519485,0.37662337662337664,0.29727662337662336,127.90828571428571,301496.54545454547,True
power metal,1997,2001,1997_2001,91,0.3893076923076923,0.8302923076923078,5.153846153846154,0.46153846153846156,0.27824945054945055,126.20618681318682,293601.07692307694,True
power metal,1998,2002,1998_2002,123,0.39633333333333337,0.8237040650406504,5.252032520325203,0.5040650406504065,0.2796560975609756,126.88440650406504,296956.46341463417,True
power metal,1999,2003,1999_2003,102,0.39675490196078433,0.8257901960784313,5.235294117647059,0.5686274509803921,0.29497254901960784,127.22607843137254,293278.4411764706,True
power metal,2000,2004,2000_2004,136,0.3995441176470588,0.8154235294117647,5.220588235294118,0.5220588235294118,0.290775,127.69847058823528,304449.625,True
power metal,2001,2005,2001_2005,137,0.3937664233576642,0.8067051094890512,5.430656934306569,0.5255474452554745,0.2905795620437956,127.7998394160584,300956.7518248175,True
power metal,2002,2006,2002_2006,127,0.39993700787401576,0.8300787401574803,5.425196850393701,0.49606299212598426,0.2907322834645669,128.19244881889765,303120.2125984252,True
power metal,2003,2007,2003_2007,134,0.41109701492537315,0.839410447761194,5.477611940298507,0.43283582089552236,0.2944261194029851,127.31229104477613,302459.0223880597,True
power metal,2004,2008,2004_2008,150,0.4119466666666667,0.8390733333333333,5.473333333333334,0.4266666666666667,0.306554,127.96219999999998,301781.98,True
power metal,2005,2009,2005_2009,130,0.4094023076923077,0.8494076923076923,5.561538461538461,0.43846153846153846,0.3064938461538462,126.92410769230767,287730.7846153846,True
power metal,2006,2010,2006_2010,156,0.40872628205128203,0.8502564102564102,5.67948717948718,0.3782051282051282,0.2923153846153846,129.49716025641027,301188.4551282051,True
power metal,2007,2011,2007_2011,186,0.41355,0.8546182795698924,5.467741935483871,0.34946236559139787,0.31661720430107526,128.86568279569892,300047.4516129032,True
power metal,2008,2012,2008_2012,172,0.40662965116279065,0.8544244186046512,5.377906976744186,0.37790697674418605,0.32143255813953486,129.3113430232558,295547.511627907,True
power metal,2009,2013,2009_2013,179,0.41166089385474863,0.8662905027932961,5.435754189944134,0.3575418994413408,0.3280022346368715,127.33592737430168,290216.2234636872,True
power metal,2010,2014,2010_2014,200,0.42408500000000005,0.88046,5.76,0.355,0.3435965,130.803485,284813.115,True
power metal,2011,2015,2011_2015,205,0.4302243902439024,0.8856487804878048,5.35609756097561,0.4195121951219512,0.3521731707317073,131.47641463414635,282522.5804878049,True
power metal,2012,2016,2012_2016,237,0.4331898734177215,0.888126582278481,5.413502109704641,0.45147679324894513,0.3417506329113924,131.54962869198312,277984.1476793249,True
power metal,2013,2017,2013_2017,274,0.4337627737226277,0.8969671532846716,5.602189781021898,0.4306569343065693,0.33639525547445254,130.48614598540146,281382.5072992701,True
power metal,2014,2018,2014_2018,335,0.4426955223880597,0.8875910447761195,5.358208955223881,0.4626865671641791,0.33077761194029853,129.88891641791045,278788.77611940296,True
power metal,2015,2019,2015_2019,343,0.4395568513119534,0.8848717201166182,5.122448979591836,0.46647230320699706,0.3271655976676385,128.458472303207,281518.5072886297,True
progressive metal,1984,1988,1984_1988,21,0.33377619047619045,0.9054285714285714,4.9523809523809526,0.38095238095238093,0.34235714285714286,124.35966666666666,278607.71428571426,True
progressive metal,1985,1989,1985_1989,25,0.332132,0.88248,5.0,0.4,0.31554000000000004,122.04024,289125.96,True
progressive metal,1986,1990,1986_1990,33,0.3568878787878788,0.8472121212121212,5.393939393939394,0.45454545454545453,0.29629393939393944,122.95254545454546,299581.8787878788,True
progressive metal,1987,1991,1987_1991,31,0.3822258064516129,0.8162903225806452,5.516129032258065,0.4838709677419355,0.2708451612903226,120.18022580645162,319302.87096774194,True
progressive metal,1988,1992,1988_1992,33,0.3983636363636363,0.7916060606060606,5.9393939393939394,0.5151515151515151,0.2847939393939394,121.4089696969697,331291.0,True
progressive metal,1989,1993,1989_1993,35,0.3803142857142857,0.7657142857142857,5.628571428571429,0.5142857142857142,0.28386285714285714,120.90542857142856,327269.34285714285,True
progressive metal,1990,1994,1990_1994,40,0.392075,0.7653,5.875,0.525,0.289335,119.91144999999999,327835.0,True
progressive metal,1991,1995,1991_1995,48,0.35539583333333336,0.7641874999999999,5.229166666666667,0.5,0.25803125,121.36485416666666,391029.2083333333,True
progressive metal,1992,1996,1992_1996,57,0.33173684210526316,0.7677719298245613,5.157894736842105,0.49122807017543857,0.2646438596491228,123.98380701754387,424972.8771929825,True
progressive metal,1993,1997,1993_1997,71,0.33667605633802816,0.7671267605633802,5.197183098591549,0.5492957746478874,0.2528605633802817,122.58457746478872,415237.77464788733,True
progressive metal,1994,1998,1994_1998,85,0.331124705882353,0.7854726941176471,5.3882352941176475,0.5529411764705883,0.2419024705882353,125.09238823529411,416872.82352941175,True
progressive metal,1995,1999,1995_1999,106,0.33178867924528305,0.7715960283018868,5.415094339622642,0.5943396226415094,0.23849349056603775,124.39533018867925,432715.61320754717,True
progressive metal,1996,2000,1996_2000,94,0.34046382978723405,0.7736295638297873,5.617021276595745,0.6063829787234043,0.25382989361702124,123.58058510638298,410477.43617021275,True
progressive metal,1997,2001,1997_2001,105,0.34165333333333336,0.7574398,5.904761904761905,0.6476190476190476,0.23250866666666667,118.75946666666667,394143.3523809524,True
progressive metal,1998,2002,1998_2002,113,0.35428849557522124,0.7679635309734513,5.929203539823009,0.6194690265486725,0.23745849557522122,120.0870353982301,413532.60176991153,True
progressive metal,1999,2003,1999_2003,116,0.3802155172413793,0.7189112068965516,5.603448275862069,0.646551724137931,0.23908879310344827,117.73530172413793,408539.8275862069,True
progressive metal,2000,2004,2000_2004,116,0.37124137931034484,0.7181008620689655,5.275862068965517,0.6120689655172413,0.2432939655172414,119.0091551724138,381697.4655172414,True
progressive metal,2001,2005,2001_2005,159,0.36808805031446545,0.7320798742138365,5.220125786163522,0.559748427672956,0.23845786163522012,120.62125786163521,379554.5220125786,True
progressive metal,2002,2006,2002_2006,183,0.37871038251366124,0.7474191256830601,4.901639344262295,0.5355191256830601,0.2597814207650273,124.19469398907104,351293.87978142075,True
progressive metal,2003,2007,2003_2007,203,0.3663743842364532,0.7551724137931035,4.773399014778325,0.5270935960591133,0.2596192118226601,125.02016256157636,332345.12315270933,True
progressive metal,2004,2008,2004_2008,223,0.365085201793722,0.7875919282511211,4.937219730941704,0.4977578475336323,0.26181434977578477,124.94011659192826,330650.1569506726,True
progressive metal,2005,2009,2005_2009,263,0.370490494296578,0.7963650190114068,5.129277566539924,0.5209125475285171,0.2606574144486692,125.32016349809886,347171.43346007605,True
progressive metal,2006,2010,2006_2010,251,0.3822549800796813,0.8055697211155379,5.139442231075697,0.5179282868525896,0.2678996015936255,125.05671314741036,349114.9043824701,True
progressive metal,2007,2011,2007_2011,267,0.38664044943820225,0.8140374531835206,5.438202247191011,0.5131086142322098,0.2641951310861423,125.30808988764046,355916.78277153557,True
progressive metal,2008,2012,2008_2012,300,0.39541000000000004,0.8096766666666666,5.373333333333333,0.5133333333333333,0.251789,123.86028999999999,347702.66,True
progressive metal,2009,2013,2009_2013,324,0.3865351851851852,0.8071043209876543,5.441358024691358,0.5462962962962963,0.25223425925925924,124.68041666666667,351135.1234567901,True
progressive metal,2010,2014,2010_2014,322,0.38518136645962736,0.8180987577639751,5.543478260869565,0.5248447204968945,0.2501748447204969,125.24544099378882,336515.9844720497,True
progressive metal,2011,2015,2011_2015,353,0.3756963172804533,0.8194186968838526,5.524079320113314,0.5240793201133145,0.2520028328611898,127.59601416430596,330154.48725212464,True
progressive metal,2012,2016,2012_2016,412,0.37587087378640777,0.8200480582524272,5.509708737864078,0.5412621359223301,0.2531514563106796,125.70449029126213,321313.8155339806,True
progressive metal,2013,2017,2013_2017,415,0.3779946987951807,0.8292597590361447,5.6168674698795185,0.5397590361445783,0.2729881927710843,127.68695662650602,323355.00963855424,True
progressive metal,2014,2018,2014_2018,450,0.38999466666666666,0.8333355555555555,5.506666666666667,0.5311111111111111,0.27231466666666665,127.87756888888889,320245.6711111111,True
progressive metal,2015,2019,2015_2019,441,0.3980875283446712,0.8348798185941043,5.494331065759638,0.5260770975056689,0.27295668934240364,127.44972562358276,319227.2879818594,True
progressive rock,1963,1967,1963_1967,25,0.39324,0.52012,3.88,0.6,0.472156,120.95768,231843.12,True
progressive rock,1964,1968,1964_1968,34,0.39682352941176474,0.5315294117647058,4.352941176470588,0.6470588235294118,0.48135,123.98091176470587,236423.88235294117,True
progressive rock,1965,1969,1965_1969,76,0.39122368421052633,0.504,4.7105263157894735,0.6710526315789473,0.4712368421052632,117.64078947368422,247509.97368421053,True
progressive rock,1966,1970,1966_1970,127,0.39440944881889767,0.5019732283464566,4.834645669291339,0.6614173228346457,0.47306614173228345,119.67271653543307,271913.6062992126,True
progressive rock,1967,1971,1967_1971,190,0.4119842105263158,0.4941978947368421,5.2105263157894735,0.6421052631578947,0.48424947368421056,118.65782631578948,307538.9894736842,True
progressive rock,1968,1972,1968_1972,231,0.40835497835497836,0.5108831168831168,5.3982683982683985,0.670995670995671,0.4772857142857143,118.75617748917749,331712.14285714284,True
progressive rock,1969,1973,1969_1973,259,0.4097760617760618,0.5096849420849421,5.328185328185328,0.667953667953668,0.46725868725868724,117.86374903474903,334502.98455598456,True
progressive rock,1970,1974,1970_1974,264,0.4083787878787879,0.527926893939394,5.340909090909091,0.6553030303030303,0.45741098484848486,120.065,343890.3484848485,True
progressive rock,1971,1975,1971_1975,256,0.41230078125,0.543230859375,5.34375,0.66015625,0.45769375,119.9411328125,347648.8828125,True
progressive rock,1972,1976,1972_1976,234,0.4011752136752137,0.5612910256410256,5.1923076923076925,0.6581196581196581,0.4332371794871795,120.79361538461538,335868.8076923077,True
progressive rock,1973,1977,1973_1977,219,0.4189634703196347,0.5604872146118721,4.917808219178082,0.6621004566210046,0.4350858447488584,121.63977168949772,307652.47488584474,True
progressive rock,1974,1978,1974_1978,216,0.4266111111111111,0.5605245370370371,4.939814814814815,0.6805555555555556,0.44083333333333335,122.28301851851853,307750.8425925926,True
progressive rock,1975,1979,1975_1979,205,0.4438780487804878,0.5704682926829269,5.048780487804878,0.7073170731707317,0.45966048780487806,120.85504390243902,303030.06829268293,True
progressive rock,1976,1980,1976_1980,187,0.46260962566844915,0.5755080213903744,5.048128342245989,0.7112299465240641,0.4610957219251337,121.20571657754012,294064.4171122995,True
progressive rock,1977,1981,1977_1981,169,0.48494082840236685,0.6080295857988166,4.85207100591716,0.727810650887574,0.48049112426035506,123.05952662721894,285751.5680473373,True
progressive rock,1978,1982,1978_1982,168,0.49748809523809523,0.6077142857142858,5.136904761904762,0.6904761904761905,0.48768095238095244,122.23992261904762,295344.33928571426,True
progressive rock,1979,1983,1979_1983,155,0.5076903225806452,0.6400683870967742,5.2064516129032254,0.6774193548387096,0.4960270967741935,120.84325161290323,290058.3483870968,True
progressive rock,1980,1984,1980_1984,134,0.5253432835820896,0.6548328358208956,4.947761194029851,0.6492537313432836,0.5080686567164179,123.00664925373134,286527.0970149254,True
progressive rock,1981,1985,1981_1985,121,0.5205289256198348,0.6779636363636364,4.909090909090909,0.628099173553719,0.5032,123.7774214876033,293229.9173553719,True
progressive rock,1982,1986,1982_1986,108,0.5398333333333333,0.6650611111111111,5.0,0.6759259259259259,0.5110111111111111,119.77974999999999,300041.89814814815,True
progressive rock,1983,1987,1983_1987,83,0.5435421686746987,0.7220024096385542,4.843373493975903,0.7469879518072289,0.5195265060240963,121.07845783132531,294020.578313253,True
progressive rock,1984,1988,1984_1988,66,0.5495606060606061,0.7105333333333334,4.636363636363637,0.7272727272727273,0.5119424242424243,124.35749999999999,294481.0303030303,True
progressive rock,1985,1989,1985_1989,55,0.5444545454545454,0.683949090909091,4.836363636363636,0.7454545454545455,0.48040363636363637,122.17703636363636,302997.10909090907,True
progressive rock,1986,1990,1986_1990,47,0.5532127659574468,0.6307276595744681,4.9361702127659575,0.8085106382978723,0.49015531914893623,116.85393617021278,301267.74468085106,True
progressive rock,1987,1991,1987_1991,42,0.5495,0.6227428571428572,5.785714285714286,0.7142857142857143,0.4683404761904762,120.34802380952381,302579.11904761905,True
progressive rock,1988,1992,1988_1992,41,0.5281463414634147,0.5182634146341463,5.048780487804878,0.6341463414634146,0.42063170731707317,118.48824390243902,312992.9756097561,True
progressive rock,1989,1993,1989_1993,48,0.5138333333333334,0.6047333333333333,5.020833333333333,0.6458333333333334,0.45290416666666666,121.5733125,298999.8125,True
progressive rock,1990,1994,1990_1994,55,0.4954181818181818,0.5608763636363636,5.109090909090909,0.6181818181818182,0.41001272727272725,122.1903818181818,296112.54545454547,True
progressive rock,1991,1995,1991_1995,64,0.469171875,0.53626875,5.15625,0.59375,0.3965078125,122.540390625,297971.3125,True
progressive rock,1992,1996,1992_1996,68,0.43376470588235294,0.5434749999999999,5.102941176470588,0.5882352941176471,0.3855279411764706,120.68144117647059,290158.39705882355,True
progressive rock,1993,1997,1993_1997,56,0.43046428571428574,0.5823589285714286,5.25,0.5535714285714286,0.38092678571428573,120.93071428571429,294974.01785714284,True
progressive rock,1994,1998,1994_1998,48,0.4271041666666667,0.52104375,5.208333333333333,0.5208333333333334,0.36305625,118.24883333333332,292006.7291666667,True
progressive rock,1995,1999,1995_1999,47,0.4310851063829787,0.5659170212765957,5.276595744680851,0.574468085106383,0.378536170212766,118.3997659574468,324759.829787234,True
progressive rock,1996,2000,1996_2000,57,0.45666666666666667,0.624861403508772,5.2631578947368425,0.6140350877192983,0.35577894736842103,116.97598245614036,298393.1052631579,True
progressive rock,1997,2001,1997_2001,50,0.43856,0.60964,4.82,0.58,0.299834,118.1485,317888.14,True
progressive rock,1998,2002,1998_2002,72,0.4386513888888889,0.6330861111111111,5.097222222222222,0.5277777777777778,0.32056527777777777,120.23812500000001,333368.8611111111,True
progressive rock,1999,2003,1999_2003,103,0.4262514563106796,0.6564116504854369,5.466019417475728,0.49514563106796117,0.30241650485436894,124.58956310679612,327774.1650485437,True
progressive rock,2000,2004,2000_2004,128,0.41961953125,0.64333671875,5.3515625,0.5078125,0.28498515625,123.89153125,308139.390625,True
progressive rock,2001,2005,2001_2005,135,0.4147044444444445,0.6634296296296297,5.437037037037037,0.48148148148148145,0.2921785185185185,126.55922962962963,319121.7851851852,True
progressive rock,2002,2006,2002_2006,161,0.41634844720496894,0.6626708074534161,5.590062111801243,0.5093167701863354,0.3020136645962733,125.5127453416149,315247.701863354,True
progressive rock,2003,2007,2003_2007,181,0.418139226519337,0.6746508287292817,5.701657458563536,0.5414364640883977,0.31258618784530384,125.3443591160221,302428.7955801105,True
progressive rock,2004,2008,2004_2008,175,0.41345828571428567,0.6722834285714286,5.468571428571429,0.5657142857142857,0.305228,122.88458857142857,306852.7542857143,True
progressive rock,2005,2009,2005_2009,175,0.4115017142857143,0.7045422857142857,5.611428571428571,0.5314285714285715,0.32037771428571427,124.46810857142859,308570.84,True
progressive rock,2006,2010,2006_2010,169,0.4022958579881657,0.7031656804733727,5.65680473372781,0.5266272189349113,0.3113508875739645,124.76255621301775,309393.875739645,True
progressive rock,2007,2011,2007_2011,161,0.40339130434782605,0.6783981366459627,5.571428571428571,0.515527950310559,0.29237639751552796,124.62478260869565,316248.049689441,True
progressive rock,2008,2012,2008_2012,165,0.390830303030303,0.6625654545454546,5.224242424242425,0.5393939393939394,0.2636187878787879,123.71514545454545,323089.9696969697,True
progressive rock,2009,2013,2009_2013,176,0.4035284090909091,0.6578994318181818,5.346590909090909,0.5454545454545454,0.27860681818181815,125.91530681818182,318712.6590909091,True
progressive rock,2010,2014,2010_2014,195,0.4086974358974359,0.6288405128205129,5.2615384615384615,0.5846153846153846,0.2758933333333333,124.99332820512821,310421.6974358974,True
progressive rock,2011,2015,2011_2015,247,0.41676113360323885,0.6009230769230769,5.48582995951417,0.5951417004048583,0.28907935222672065,124.35351012145749,317407.6963562753,True
progressive rock,2012,2016,2012_2016,278,0.4291187050359712,0.608053237410072,5.366906474820144,0.5611510791366906,0.3073,123.77852158273383,309840.4316546763,True
progressive rock,2013,2017,2013_2017,298,0.4396912751677852,0.5996365637583893,5.412751677852349,0.5369127516778524,0.31098724832214764,123.12248322147651,304419.1677852349,True
progressive rock,2014,2018,2014_2018,355,0.4317718309859155,0.6022985802816901,5.428169014084507,0.5126760563380282,0.3062622535211268,121.43881971830987,301198.9943661972,True
progressive rock,2015,2019,2015_2019,318,0.4334056603773585,0.6045861509433963,5.411949685534591,0.5,0.3165210691823899,121.34052515723269,305039.4811320755,True
psychedelic rock,1963,1967,1963_1967,104,0.463548076923077,0.5260115384615385,5.8076923076923075,0.7307692307692307,0.5095019230769231,114.63847115384615,212055.35576923078,True
psychedelic rock,1964,1968,1964_1968,160,0.4406625,0.53722625,5.64375,0.75,0.50661,115.2612375,222570.7625,True
psychedelic rock,1965,1969,1965_1969,181,0.4376132596685083,0.5351513812154696,5.502762430939226,0.7403314917127072,0.49238453038674035,115.32023756906077,226993.78453038674,True
psychedelic rock,1966,1970,1966_1970,207,0.4380724637681159,0.5403207729468599,5.444444444444445,0.7391304347826086,0.4968623188405797,117.10475362318842,242572.62801932366,True
psychedelic rock,1967,1971,1967_1971,205,0.43770243902439027,0.5270165853658536,5.239024390243903,0.7317073170731707,0.481730243902439,117.33290731707316,256565.2487804878,True
psychedelic rock,1968,1972,1968_1972,130,0.4216153846153846,0.5381553846153846,5.007692307692308,0.7230769230769231,0.45895461538461535,119.64217692307693,281201.1307692308,True
psychedelic rock,1969,1973,1969_1973,89,0.435561797752809,0.5191438202247192,4.932584269662922,0.6741573033707865,0.4136393258426966,122.27941573033708,296891.11235955055,True
psychedelic rock,1970,1974,1970_1974,82,0.4606341463414634,0.5346780487804879,5.2073170731707314,0.7073170731707317,0.467059756097561,124.5914756097561,299416.5487804878,True
psychedelic rock,1971,1975,1971_1975,65,0.4512769230769231,0.5198246153846154,5.2153846153846155,0.6461538461538462,0.4069123076923077,122.31509230769231,320074.1076923077,True
psychedelic rock,1972,1976,1972_1976,54,0.45737037037037037,0.5230111111111111,5.444444444444445,0.6296296296296297,0.4215259259259259,121.30296296296295,302127.77777777775,True
psychedelic rock,1973,1977,1973_1977,47,0.4276340425531915,0.5261170212765958,5.446808510638298,0.5957446808510638,0.40931063829787234,121.49746808510639,348014.3191489362,True
psychedelic rock,1974,1978,1974_1978,35,0.45688,0.54454,5.085714285714285,0.5714285714285714,0.47926857142857143,120.63360000000002,397411.14285714284,True
psychedelic rock,1975,1979,1975_1979,46,0.4389521739130435,0.38280217391304344,5.369565217391305,0.5217391304347826,0.32972826086956525,119.32806521739131,325995.47826086957,True
psychedelic rock,1976,1980,1976_1980,35,0.45833714285714283,0.34256857142857144,5.371428571428571,0.5714285714285714,0.3403771428571429,119.07062857142857,266984.17142857146,True
psychedelic rock,1977,1981,1977_1981,35,0.4586514285714286,0.3575971428571429,5.571428571428571,0.6,0.3562314285714286,120.31777142857143,263878.28571428574,True
psychedelic rock,1978,1982,1978_1982,32,0.5109375,0.3608125,5.6875,0.65625,0.421284375,120.03834375,212891.0625,True
psychedelic rock,1979,1983,1979_1983,38,0.4745,0.30640526315789474,5.7368421052631575,0.7105263157894737,0.3325526315789474,118.68363157894737,206552.5,True
psychedelic rock,1983,1987,1983_1987,22,0.44945454545454544,0.4102,5.090909090909091,0.9090909090909091,0.28535454545454547,121.22449999999999,266646.0909090909,True
psychedelic rock,1986,1990,1986_1990,20,0.44365000000000004,0.5138,5.25,0.85,0.37896,131.10815,325086.45,True
psychedelic rock,1987,1991,1987_1991,23,0.4041304347826087,0.5722173913043478,5.608695652173913,0.8695652173913043,0.4173565217391304,130.8322608695652,323206.82608695654,True
psychedelic rock,1988,1992,1988_1992,20,0.41735,0.60195,5.35,0.85,0.507615,125.65655,308755.45,True
psychedelic rock,1989,1993,1989_1993,27,0.4018888888888889,0.6198518518518519,5.148148148148148,0.7407407407407407,0.4946037037037037,125.36140740740741,342560.7037037037,True
psychedelic rock,1990,1994,1990_1994,45,0.4142222222222222,0.5471888888888888,4.5777777777777775,0.6888888888888889,0.38846,114.44871111111111,330565.4,True
psychedelic rock,1991,1995,1991_1995,55,0.3872909090909091,0.5560272727272728,4.909090909090909,0.6181818181818182,0.35818909090909096,116.6752,329730.7272727273,True
psychedelic rock,1992,1996,1992_1996,62,0.40383870967741936,0.5320241935483871,4.645161290322581,0.5806451612903226,0.3328629032258064,114.0406129032258,331836.3870967742,True
psychedelic rock,1993,1997,1993_1997,59,0.3950677966101695,0.5281949152542372,4.6440677966101696,0.559322033898305,0.3279118644067797,116.29159322033898,343682.5423728814,True
psychedelic rock,1994,1998,1994_1998,54,0.4046851851851852,0.5099722222222222,4.685185185185185,0.5925925925925926,0.3087185185185185,114.47490740740741,329303.7037037037,True
psychedelic rock,1995,1999,1995_1999,43,0.40667441860465114,0.5454651162790697,5.511627906976744,0.5813953488372093,0.34575581395348837,120.4743488372093,329678.511627907,True
psychedelic rock,1996,2000,1996_2000,29,0.4601034482758621,0.562896551724138,5.517241379310345,0.6206896551724138,0.38301724137931037,109.5793448275862,308087.4482758621,True
psychedelic rock,1997,2001,1997_2001,25,0.46832,0.5825199999999999,6.8,0.6,0.397376,112.99204,286203.32,True
psychedelic rock,1998,2002,1998_2002,30,0.47313333333333335,0.5884333333333333,6.3,0.5666666666666667,0.37217666666666666,111.10973333333332,288059.1666666667,True
psychedelic rock,1999,2003,1999_2003,33,0.4701818181818182,0.6061818181818183,6.333333333333333,0.5151515151515151,0.4127363636363636,117.0799090909091,279795.63636363635,True
psychedelic rock,2000,2004,2000_2004,47,0.41840425531914893,0.6364255319148936,5.787234042553192,0.574468085106383,0.4051297872340426,121.53344680851065,278826.44680851063,True
psychedelic rock,2001,2005,2001_2005,48,0.4101666666666666,0.6340833333333333,5.8125,0.5833333333333334,0.38655625,122.24583333333334,291999.7708333333,True
psychedelic rock,2002,2006,2002_2006,58,0.40397413793103454,0.6547413793103448,5.344827586206897,0.6206896551724138,0.375,121.38927586206896,292279.7413793103,True
psychedelic rock,2003,2007,2003_2007,60,0.406325,0.6742333333333334,5.316666666666666,0.6,0.42136333333333337,120.60144999999999,270839.75,True
psychedelic rock,2004,2008,2004_2008,71,0.4198943661971831,0.6800845070422535,5.309859154929577,0.647887323943662,0.3999281690140845,117.84112676056337,281351.95774647885,True
psychedelic rock,2005,2009,2005_2009,79,0.4183734177215189,0.6864430379746835,5.405063291139241,0.569620253164557,0.385220253164557,114.06429113924051,285750.06329113926,True
psychedelic rock,2006,2010,2006_2010,118,0.4182584745762712,0.7172796610169491,5.305084745762712,0.6016949152542372,0.3824991525423729,119.68666949152542,284149.86440677964,True
psychedelic rock,2007,2011,2007_2011,134,0.4205597014925373,0.7251641791044776,5.425373134328358,0.582089552238806,0.4037253731343284,123.39266417910447,294225.1343283582,True
psychedelic rock,2008,2012,2008_2012,168,0.39942202380952385,0.7381369047619047,5.619047619047619,0.5833333333333334,0.3748309523809524,124.77403571428572,299271.8511904762,True
psychedelic rock,2009,2013,2009_2013,215,0.3957153488372093,0.7212279069767441,5.52093023255814,0.586046511627907,0.370314,125.10481860465116,292565.2837209302,True
psychedelic rock,2010,2014,2010_2014,256,0.41214375000000003,0.70057421875,5.53515625,0.59765625,0.3909926171875,124.53167578125,277489.8515625,True
psychedelic rock,2011,2015,2011_2015,282,0.4191482269503546,0.6830567375886525,5.570921985815603,0.599290780141844,0.40656173758865244,122.94828014184398,269408.40070921986,True
psychedelic rock,2012,2016,2012_2016,329,0.4226772036474164,0.6707234042553192,5.5592705167173255,0.6413373860182371,0.4195258662613982,120.93963829787235,258753.67477203647,True
psychedelic rock,2013,2017,2013_2017,374,0.43499171122994656,0.6721524064171123,5.475935828877005,0.6363636363636364,0.4368879946524064,120.5652513368984,259717.04545454544,True
psychedelic rock,2014,2018,2014_2018,376,0.4498590425531915,0.6720531914893617,5.486702127659575,0.6329787234042553,0.4584755319148936,121.03589893617021,260099.95212765958,True
psychedelic rock,2015,2019,2015_2019,332,0.4559939759036145,0.6809939759036144,5.373493975903615,0.641566265060241,0.4649509036144578,121.41760843373494,269287.3012048193,True
punk,1969,1973,1969_1973,27,0.40066666666666667,0.7972222222222222,5.592592592592593,0.7037037037037037,0.5614074074074075,126.0125185185185,246480.96296296295,True
punk,1970,1974,1970_1974,21,0.3958095238095238,0.848047619047619,5.333333333333333,0.7142857142857143,0.5682380952380952,127.49571428571429,256167.61904761905,True
punk,1971,1975,1971_1975,21,0.42700000000000005,0.771904761904762,6.190476190476191,0.7142857142857143,0.5353809523809524,127.15461904761904,231735.2380952381,True
punk,1972,1976,1972_1976,42,0.4134523809523809,0.7754285714285714,6.809523809523809,0.7142857142857143,0.6052619047619048,139.62397619047618,202809.2142857143,True
punk,1973,1977,1973_1977,114,0.3964736842105263,0.8293859649122807,5.5964912280701755,0.7807017543859649,0.617157894736842,146.3729298245614,185550.3596491228,True
punk,1974,1978,1974_1978,147,0.4001496598639456,0.8169047619047619,5.829931972789115,0.7891156462585034,0.6213741496598639,148.69213605442175,183991.0680272109,True
punk,1975,1979,1975_1979,208,0.40867788461538457,0.8201634615384615,5.788461538461538,0.7692307692307693,0.6260961538461539,145.2256971153846,181941.70673076922,True
punk,1976,1980,1976_1980,224,0.4128928571428571,0.8295,5.723214285714286,0.78125,0.6360535714285714,144.85213839285714,182940.33482142858,True
punk,1977,1981,1977_1981,217,0.41279723502304144,0.8404285714285714,5.589861751152074,0.7788018433179723,0.623115668202765,143.7204470046083,184917.76958525347,True
punk,1978,1982,1978_1982,192,0.4340364583333333,0.8279010416666667,5.78125,0.75,0.6261828125000001,139.29209895833333,181901.109375,True
punk,1979,1983,1979_1983,149,0.44728187919463086,0.8316979865771812,5.510067114093959,0.7449664429530202,0.6322154362416108,135.2726644295302,177451.9932885906,True
punk,1980,1984,1980_1984,98,0.45853061224489794,0.8391428571428572,5.73469387755102,0.7551020408163265,0.623430612244898,135.0166326530612,178508.14285714287,True
punk,1981,1985,1981_1985,93,0.44032258064516133,0.8139032258064516,5.462365591397849,0.7096774193548387,0.5862881720430108,134.1890752688172,168631.94623655913,True
punk,1982,1986,1982_1986,102,0.44630392156862747,0.8097352941176471,5.009803921568627,0.7450980392156863,0.56875,130.53589215686276,162955.14705882352,True
punk,1983,1987,1983_1987,62,0.43524193548387097,0.8041290322580645,4.967741935483871,0.7580645161290323,0.5155241935483871,129.14479032258063,168136.5,True
punk,1984,1988,1984_1988,75,0.41442666666666667,0.82572,4.946666666666666,0.7733333333333333,0.5195666666666667,133.07853333333333,166220.04,True
punk,1985,1989,1985_1989,94,0.4078191489361702,0.8364574468085106,4.75531914893617,0.7978723404255319,0.5351212765957447,133.37439361702127,156976.4255319149,True
punk,1986,1990,1986_1990,99,0.40256565656565657,0.8737373737373737,5.1313131313131315,0.8181818181818182,0.5436242424242425,139.03363636363636,164223.1313131313,True
punk,1987,1991,1987_1991,97,0.3737938144329897,0.8806701030927835,5.43298969072165,0.8144329896907216,0.5794123711340207,145.69015463917526,165547.57731958764,True
punk,1988,1992,1988_1992,133,0.379390977443609,0.8960075187969925,5.3007518796992485,0.7744360902255639,0.5764661654135338,145.14704511278197,169788.6992481203,True
punk,1989,1993,1989_1993,143,0.3796363636363636,0.8854685314685314,5.440559440559441,0.7342657342657343,0.5675524475524475,146.16312587412588,170725.81118881117,True
punk,1990,1994,1990_1994,180,0.37274999999999997,0.879484288888889,5.222222222222222,0.7444444444444445,0.5828333333333333,142.77634999999998,169236.98333333334,True
punk,1991,1995,1991_1995,213,0.38365727699530516,0.8903200563380281,5.173708920187793,0.7370892018779343,0.5937549295774648,142.84980281690142,162975.04694835682,True
punk,1992,1996,1992_1996,227,0.39814537444933923,0.8932650748898678,4.859030837004405,0.7444933920704846,0.6000343612334801,140.47353744493392,163906.74008810573,True
punk,1993,1997,1993_1997,256,0.3989609375,0.892296375,5.046875,0.78125,0.598846875,136.827671875,161195.71484375,True
punk,1994,1998,1994_1998,262,0.4054045801526717,0.9017819541984733,5.087786259541985,0.7977099236641222,0.6035984732824428,134.69218702290078,162261.66412213742,True
punk,1995,1999,1995_1999,221,0.41273755656108596,0.9140710407239819,5.244343891402715,0.7828054298642534,0.5867778280542986,134.63632126696834,166272.29864253395,True
punk,1996,2000,1996_2000,230,0.42462173913043477,0.9032465217391304,5.360869565217391,0.7739130434782608,0.5903295652173913,132.9532304347826,174168.68695652173,True
punk,1997,2001,1997_2001,258,0.4310658914728682,0.9060569767441861,5.7984496124031,0.7790697674418605,0.5901426356589147,133.0276124031008,176099.17054263566,True
punk,1998,2002,1998_2002,276,0.43753985507246373,0.9061920289855073,5.753623188405797,0.7898550724637681,0.5804952898550725,135.3749384057971,181184.52898550723,True
punk,1999,2003,1999_2003,334,0.4456946107784431,0.9052335329341318,5.724550898203593,0.7784431137724551,0.5672047904191617,136.84425149700598,186815.97904191617,True
punk,2000,2004,2000_2004,409,0.44939119804400973,0.8980569682151589,5.518337408312958,0.7775061124694377,0.5597552567237164,138.08001222493888,191470.56479217604,True
punk,2001,2005,2001_2005,398,0.4505653266331658,0.8972695979899497,5.613065326633166,0.7814070351758794,0.5543874371859296,137.42954020100504,194735.14572864323,True
punk,2002,2006,2002_2006,394,0.4533553299492386,0.8895819796954314,5.593908629441624,0.748730964467005,0.5399895939086294,138.835461928934,197771.14720812184,True
punk,2003,2007,2003_2007,355,0.45774647887323944,0.8845388732394366,5.645070422535211,0.6957746478873239,0.5315042253521126,139.43005070422535,201016.51549295775,True
punk,2004,2008,2004_2008,306,0.44973856209150326,0.8803147058823529,5.5130718954248366,0.696078431372549,0.5236349673202615,139.95759477124182,204487.22875816992,True
punk,2005,2009,2005_2009,264,0.4489507575757576,0.8835568181818181,5.4356060606060606,0.7045454545454546,0.5336208333333333,139.65418560606062,205839.36363636365,True
punk,2006,2010,2006_2010,257,0.4386770428015564,0.8896809338521401,5.385214007782102,0.7003891050583657,0.5117778210116732,140.4192140077821,203532.37354085603,True
punk,2007,2011,2007_2011,250,0.429424,0.8903880000000001,5.276,0.732,0.49907080000000004,139.557752,204169.468,True
punk,2008,2012,2008_2012,251,0.4394780876494024,0.889601593625498,5.031872509960159,0.7609561752988048,0.5086219123505976,138.00731075697212,206251.00398406375,True
punk,2009,2013,2009_2013,264,0.43995833333333334,0.8756893939393939,5.113636363636363,0.7386363636363636,0.5078814393939394,136.907125,199739.49242424243,True
punk,2010,2014,2010_2014,266,0.44451315789473683,0.8624285714285714,5.2669172932330826,0.7443609022556391,0.5018582706766918,135.06879323308272,195630.66541353383,True
punk,2011,2015,2011_2015,291,0.4538539518900344,0.8517560137457044,5.0687285223367695,0.7628865979381443,0.49576013745704467,133.92105498281788,198310.1408934708,True
punk,2012,2016,2012_2016,348,0.47155316091954025,0.8454310344827586,5.017241379310345,0.764367816091954,0.49930574712643677,133.08958908045977,197910.8936781609,True
punk,2013,2017,2013_2017,433,0.4723060046189376,0.8104471131639723,4.937644341801386,0.7944572748267898,0.48981131639722864,132.79456581986142,194650.3418013857,True
punk,2014,2018,2014_2018,592,0.48273969594594596,0.8117538851351351,5.16554054054054,0.8091216216216216,0.4980337837837838,132.83413851351352,194572.78547297296,True
punk,2015,2019,2015_2019,599,0.4885782971619365,0.815793489148581,5.180300500834725,0.7996661101836394,0.5054026711185309,132.99994156928213,193753.7879799666,True
rap,1984,1988,1984_1988,23,0.7769565217391304,0.6060869565217392,6.0,0.5652173913043478,0.6558695652173913,112.83217391304348,233262.69565217392,True
rap,1985,1989,1985_1989,30,0.7962333333333333,0.6009666666666666,6.1,0.5666666666666667,0.6755666666666666,110.28336666666668,231911.13333333333,True
rap,1986,1990,1986_1990,46,0.7914347826086956,0.6148695652173913,6.217391304347826,0.5217391304347826,0.6585652173913044,111.46702173913044,238074.19565217392,True
rap,1987,1991,1987_1991,50,0.78514,0.61314,6.0,0.52,0.6445799999999999,109.07102,245969.96,True
rap,1988,1992,1988_1992,59,0.7816101694915255,0.6293389830508475,5.932203389830509,0.5254237288135594,0.6519830508474576,109.94067796610169,236076.93220338982,True
rap,1989,1993,1989_1993,67,0.7888507462686567,0.6191343283582089,5.880597014925373,0.5671641791044776,0.665223880597015,107.46777611940298,231058.68656716417,True
rap,1990,1994,1990_1994,87,0.7628850574712643,0.6475977011494253,5.758620689655173,0.5287356321839081,0.6301586206896551,108.49635632183909,230375.19540229885,True
rap,1991,1995,1991_1995,100,0.7468699999999999,0.6509520000000001,5.7,0.52,0.609078,109.08625,233529.85,True
rap,1992,1996,1992_1996,114,0.7500438596491228,0.6700894736842105,5.780701754385965,0.5263157894736842,0.6116035087719299,108.00132456140351,242182.08771929826,True
rap,1993,1997,1993_1997,119,0.7530588235294118,0.6624722689075629,5.798319327731092,0.5378151260504201,0.6132,107.06440336134455,248025.16806722688,True
rap,1994,1998,1994_1998,115,0.7450782608695652,0.6840365217391304,5.956521739130435,0.5043478260869565,0.5995460869565218,107.42147826086956,248459.37391304347,True
rap,1995,1999,1995_1999,125,0.7531680000000001,0.6918336,5.872,0.528,0.622696,109.520856,248768.256,True
rap,1996,2000,1996_2000,127,0.7654488188976378,0.6972125984251969,5.84251968503937,0.5118110236220472,0.6354220472440945,107.8891968503937,251295.38582677164,True
rap,1997,2001,1997_2001,134,0.7597089552238806,0.7116716417910448,5.8059701492537314,0.5223880597014925,0.6494223880597014,109.83837313432836,242177.20895522388,True
rap,1998,2002,1998_2002,162,0.7522777777777778,0.7169691358024691,5.734567901234568,0.5185185185185185,0.6267506172839507,110.60395679012346,246001.0,True
rap,1999,2003,1999_2003,170,0.7495647058823529,0.7168588235294118,5.658823529411765,0.5294117647058824,0.6413917647058823,111.87195882352941,247702.4705882353,True
rap,2000,2004,2000_2004,198,0.7286919191919192,0.7226767676767677,5.656565656565657,0.5353535353535354,0.6330787878787879,111.17592929292928,248153.75252525252,True
rap,2001,2005,2001_2005,215,0.7218837209302326,0.7295813953488373,5.5488372093023255,0.5627906976744186,0.6334423255813953,112.16777209302326,243414.08372093024,True
rap,2002,2006,2002_2006,215,0.7140186046511628,0.7294976744186047,5.446511627906977,0.5674418604651162,0.6326609302325581,111.50045116279071,241671.46511627908,True
rap,2003,2007,2003_2007,201,0.7053582089552238,0.7326965174129353,5.552238805970149,0.5671641791044776,0.6386920398009951,110.2478407960199,237571.71144278607,True
rap,2004,2008,2004_2008,206,0.7045194174757281,0.7278398058252428,5.364077669902913,0.5436893203883495,0.6144228155339806,111.83488349514563,238610.78640776698,True
rap,2005,2009,2005_2009,192,0.7083125,0.7230885416666667,5.40625,0.5260416666666666,0.5974067708333334,112.82948958333333,237218.421875,True
rap,2006,2010,2006_2010,231,0.6840779220779221,0.7425116883116882,5.3896103896103895,0.5454545454545454,0.5593073593073593,113.7755367965368,239127.84415584416,True
rap,2007,2011,2007_2011,285,0.6626912280701754,0.7333656140350877,5.456140350877193,0.5333333333333333,0.5256421052631579,116.77618596491229,239283.31228070176,True
rap,2008,2012,2008_2012,349,0.6618223495702006,0.7338257879656161,5.3724928366762175,0.5386819484240688,0.5192404011461318,118.01317765042981,238643.06876790832,True
rap,2009,2013,2009_2013,466,0.6457381974248927,0.7297622317596567,5.587982832618025,0.5600858369098712,0.5172437768240343,117.99428969957081,232801.31330472103,True
rap,2010,2014,2010_2014,556,0.6555287769784173,0.7165902877697842,5.73021582733813,0.5503597122302158,0.512081654676259,118.48361151079138,231841.91726618705,True
rap,2011,2015,2011_2015,665,0.6594601503759399,0.6906214180451128,5.595488721804511,0.5428571428571428,0.4862896240601504,119.37275338345864,223030.27669172932,True
rap,2012,2016,2012_2016,985,0.6788852791878173,0.6699230893401015,5.42233502538071,0.5593908629441624,0.4616615228426396,118.7188040609137,213641.11878172588,True
rap,2013,2017,2013_2017,1652,0.6912118644067797,0.6476417935835351,5.283898305084746,0.5478208232445521,0.444426392251816,119.94425726392252,204710.78934624698,True
rap,2014,2018,2014_2018,2476,0.7012875605815831,0.636058983441034,5.212843295638126,0.5411954765751211,0.4337342891760904,121.77020032310178,197870.86429725363,True
rap,2015,2019,2015_2019,2631,0.7041197263397948,0.6352235055112124,5.17407829722539,0.5492208285822882,0.4340719498289624,122.32595286963132,194640.94070695553,True
reggae,1969,1973,1969_1973,28,0.7295357142857143,0.5035000000000001,4.892857142857143,0.7142857142857143,0.7419642857142856,120.84196428571428,222619.5,True
reggae,1970,1974,1970_1974,28,0.7300000000000001,0.4707142857142857,5.428571428571429,0.6428571428571429,0.7110714285714286,118.80403571428572,225100.0,True
reggae,1971,1975,1971_1975,29,0.7311034482758622,0.499,5.586206896551724,0.6206896551724138,0.7096896551724138,116.1413448275862,242244.72413793104,True
reggae,1972,1976,1972_1976,42,0.7495238095238095,0.4942619047619048,5.4523809523809526,0.5476190476190477,0.7150000000000001,121.06145238095239,242339.14285714287,True
reggae,1973,1977,1973_1977,63,0.7631428571428572,0.49976190476190474,6.523809523809524,0.5238095238095238,0.7371269841269841,121.53904761904762,249438.92063492062,True
reggae,1974,1978,1974_1978,61,0.776016393442623,0.4953606557377049,7.081967213114754,0.4426229508196721,0.7162295081967213,120.77840983606558,248970.6393442623,True
reggae,1975,1979,1975_1979,68,0.7789558823529412,0.5120882352941177,6.911764705882353,0.4411764705882353,0.7382647058823529,122.21636764705882,249789.5294117647,True
reggae,1976,1980,1976_1980,86,0.7889418604651163,0.5150813953488371,6.267441860465116,0.47674418604651164,0.7608953488372093,124.16947674418606,246401.56976744186,True
reggae,1977,1981,1977_1981,76,0.7816842105263158,0.5253157894736842,6.302631578947368,0.5,0.7678815789473684,123.4655,247477.56578947368,True
reggae,1978,1982,1978_1982,58,0.7895172413793103,0.5453965517241379,5.706896551724138,0.5172413793103449,0.7779137931034483,122.43455172413793,250008.37931034484,True
reggae,1979,1983,1979_1983,49,0.7961224489795918,0.551530612244898,5.1020408163265305,0.6122448979591837,0.793142857142857,124.22679591836736,255728.5306122449,True
reggae,1980,1984,1980_1984,43,0.7906976744186046,0.5431860465116279,5.093023255813954,0.627906976744186,0.7630697674418604,121.66679069767441,260072.67441860464,True
reggae,1981,1985,1981_1985,25,0.76184,0.5563199999999999,6.44,0.64,0.7429600000000001,120.11644,259670.32,True
reggae,1982,1986,1982_1986,23,0.7799130434782608,0.5451304347826087,7.086956521739131,0.6521739130434783,0.7403913043478261,116.19726086956521,266926.8695652174,True
reggae,1983,1987,1983_1987,23,0.7495217391304348,0.5500869565217392,6.0,0.6086956521739131,0.7475652173913043,123.03478260869566,242830.73913043478,True
reggae,1984,1988,1984_1988,21,0.7214761904761905,0.5343333333333333,6.809523809523809,0.6666666666666666,0.7898095238095237,113.78404761904763,241864.14285714287,True
reggae,1990,1994,1990_1994,26,0.7359615384615386,0.5522692307692307,5.153846153846154,0.5769230769230769,0.7268461538461538,131.02349999999998,228149.96153846153,True
reggae,1991,1995,1991_1995,30,0.7391333333333333,0.5813,5.2,0.5666666666666667,0.7247,132.08283333333333,229398.4,True
reggae,1992,1996,1992_1996,38,0.7472631578947369,0.5806052631578947,5.342105263157895,0.5789473684210527,0.7136315789473684,119.2433947368421,231061.18421052632,True
reggae,1993,1997,1993_1997,47,0.7375106382978722,0.5775957446808511,5.48936170212766,0.6595744680851063,0.7193829787234043,117.36708510638297,241899.914893617,True
reggae,1994,1998,1994_1998,59,0.7279661016949153,0.558457627118644,5.694915254237288,0.576271186440678,0.7423050847457627,120.11988135593221,226955.2372881356,True
reggae,1995,1999,1995_1999,56,0.7166428571428571,0.5837142857142857,5.321428571428571,0.5178571428571429,0.7246607142857143,115.50039285714286,229197.73214285713,True
reggae,1996,2000,1996_2000,67,0.7205671641791045,0.5944477611940299,5.298507462686567,0.5522388059701493,0.7457014925373134,114.16870149253731,229889.74626865672,True
reggae,1997,2001,1997_2001,79,0.7120759493670886,0.605493670886076,5.8734177215189876,0.4936708860759494,0.7886455696202531,121.596,223718.46835443037,True
reggae,1998,2002,1998_2002,93,0.7323333333333333,0.6096559139784946,6.032258064516129,0.4946236559139785,0.7842150537634409,120.58475268817205,223768.72043010753,True
reggae,1999,2003,1999_2003,90,0.7384444444444443,0.6334555555555555,5.9222222222222225,0.5444444444444444,0.7698555555555556,118.41763333333333,238575.34444444443,True
reggae,2000,2004,2000_2004,89,0.7423258426966292,0.6256179775280899,6.044943820224719,0.550561797752809,0.775314606741573,121.26710112359551,239242.2584269663,True
reggae,2001,2005,2001_2005,98,0.7406734693877551,0.6258775510204081,6.204081632653061,0.4897959183673469,0.7404387755102041,118.40963265306122,247688.18367346938,True
reggae,2002,2006,2002_2006,106,0.7297264150943397,0.6373018867924528,5.490566037735849,0.4811320754716981,0.7105849056603774,115.56430188679246,255173.77358490566,True
reggae,2003,2007,2003_2007,103,0.7240388349514563,0.6423398058252427,5.223300970873787,0.4174757281553398,0.7136504854368932,116.16865048543688,253656.52427184465,True
reggae,2004,2008,2004_2008,113,0.7279115044247788,0.647858407079646,5.300884955752212,0.3805309734513274,0.7277610619469026,118.88657522123893,249361.70796460178,True
reggae,2005,2009,2005_2009,123,0.7236910569105691,0.6595365853658537,5.4471544715447155,0.4065040650406504,0.7271463414634146,119.72574796747968,248794.1463414634,True
reggae,2006,2010,2006_2010,119,0.7098151260504202,0.6637310924369747,5.260504201680672,0.42016806722689076,0.7336302521008404,122.7048487394958,241595.14285714287,True
reggae,2007,2011,2007_2011,112,0.7210982142857143,0.6504910714285714,5.375,0.48214285714285715,0.7252857142857143,123.126875,235722.24107142858,True
reggae,2008,2012,2008_2012,133,0.7088796992481203,0.638827067669173,5.428571428571429,0.46616541353383456,0.7000827067669173,124.04437593984962,235204.16541353383,True
reggae,2009,2013,2009_2013,164,0.7006768292682927,0.6393231707317073,5.579268292682927,0.4817073170731707,0.6880914634146341,122.32172560975609,232437.18292682926,True
reggae,2010,2014,2010_2014,170,0.6983176470588235,0.6320647058823529,5.564705882352941,0.4588235294117647,0.6754823529411764,121.66515882352942,229949.54117647058,True
reggae,2011,2015,2011_2015,180,0.70015,0.6371944444444445,5.644444444444445,0.4888888888888889,0.6717333333333334,122.15126666666666,229803.8111111111,True
reggae,2012,2016,2012_2016,201,0.6908059701492537,0.6456119402985074,5.552238805970149,0.4577114427860697,0.6706069651741293,123.05854726368159,228055.58208955225,True
reggae,2013,2017,2013_2017,208,0.6954999999999999,0.6632740384615385,5.403846153846154,0.46153846153846156,0.6566461538461539,123.11312019230769,225355.39903846153,True
reggae,2014,2018,2014_2018,213,0.690075117370892,0.662075117370892,4.962441314553991,0.4694835680751174,0.6419450704225351,122.60646009389671,218547.7558685446,True
reggae,2015,2019,2015_2019,201,0.6948507462686567,0.6673582089552239,4.940298507462686,0.46766169154228854,0.6505338308457711,122.81144278606965,216612.14925373133,True
rock,1955,1959,1955_1959,22,0.6136363636363636,0.5348181818181819,3.4545454545454546,0.9090909090909091,0.7292727272727273,122.29822727272727,138252.77272727274,True
rock,1956,1960,1956_1960,26,0.6073846153846154,0.5371923076923077,4.076923076923077,0.8461538461538461,0.7446923076923078,123.69457692307694,140321.57692307694,True
rock,1957,1961,1957_1961,21,0.6269523809523809,0.5500952380952381,4.666666666666667,0.8571428571428571,0.7473809523809524,121.56566666666666,142059.66666666666,True
rock,1958,1962,1958_1962,22,0.6211363636363637,0.5771818181818182,5.363636363636363,0.8636363636363636,0.759090909090909,122.01640909090908,141975.72727272726,True
rock,1959,1963,1959_1963,22,0.5887272727272728,0.5819090909090909,5.2727272727272725,0.7727272727272727,0.8015454545454546,120.867,141095.72727272726,True
rock,1960,1964,1960_1964,21,0.5514761904761905,0.5718095238095238,4.380952380952381,0.8095238095238095,0.7868571428571429,120.45009523809523,159046.90476190476,True
rock,1961,1965,1961_1965,25,0.53956,0.64848,4.52,0.76,0.77264,120.13932000000001,150697.52,True
rock,1962,1966,1962_1966,23,0.541608695652174,0.6609565217391304,4.826086956521739,0.7391304347826086,0.7806521739130435,119.53313043478262,151275.86956521738,True
rock,1963,1967,1963_1967,30,0.5254666666666666,0.6163000000000001,4.866666666666666,0.7,0.7078333333333333,121.37079999999999,155431.9,True
rock,1964,1968,1964_1968,26,0.49988461538461537,0.624,5.076923076923077,0.6923076923076923,0.6270384615384615,117.16242307692308,167942.0,True
rock,1965,1969,1965_1969,29,0.479551724137931,0.6198620689655172,5.413793103448276,0.6896551724137931,0.6239310344827587,114.93793103448276,197528.2068965517,True
rock,1966,1970,1966_1970,32,0.488375,0.5514375,4.65625,0.71875,0.55784375,112.8724375,224200.78125,True
rock,1967,1971,1967_1971,36,0.4903611111111111,0.5275666666666666,4.472222222222222,0.7222222222222222,0.5672222222222223,117.27447222222223,221461.77777777778,True
rock,1968,1972,1968_1972,39,0.4764358974358974,0.5219589743589744,4.17948717948718,0.7435897435897436,0.541,119.20789743589744,242753.46153846153,True
rock,1969,1973,1969_1973,48,0.48325,0.5252791666666666,4.541666666666667,0.75,0.5142916666666667,119.08437500000001,243906.33333333334,True
rock,1970,1974,1970_1974,46,0.5047826086956522,0.5379652173913044,4.8478260869565215,0.717391304347826,0.5318260869565217,121.48991304347827,223163.34782608695,True
rock,1971,1975,1971_1975,39,0.4842307692307693,0.5434461538461539,5.205128205128205,0.7692307692307693,0.5149230769230769,123.36620512820514,218028.20512820513,True
rock,1972,1976,1972_1976,42,0.488547619047619,0.5896666666666667,5.238095238095238,0.7619047619047619,0.5218571428571428,120.68335714285715,222947.7857142857,True
rock,1973,1977,1973_1977,36,0.5129166666666667,0.6224166666666666,5.666666666666667,0.7777777777777778,0.5425555555555556,118.18391666666668,216587.63888888888,True
rock,1974,1978,1974_1978,27,0.5292222222222223,0.6698888888888889,6.0,0.7407407407407407,0.6143333333333333,120.02659259259259,212752.40740740742,True
rock,1975,1979,1975_1979,37,0.5113513513513513,0.6433783783783784,5.594594594594595,0.7297297297297297,0.5963243243243244,122.5675945945946,228383.16216216216,True
rock,1976,1980,1976_1980,39,0.5511538461538462,0.6292307692307693,5.487179487179487,0.6666666666666666,0.6161538461538462,122.14574358974359,229908.15384615384,True
rock,1977,1981,1977_1981,46,0.5380217391304347,0.6445,5.369565217391305,0.717391304347826,0.6381304347826087,124.87354347826087,225638.0652173913,True
rock,1978,1982,1978_1982,55,0.5281454545454546,0.663490909090909,5.254545454545455,0.7090909090909091,0.6350727272727273,128.82358181818182,225678.6,True
rock,1979,1983,1979_1983,58,0.5350344827586206,0.6623448275862068,4.931034482758621,0.7413793103448276,0.6415344827586208,129.6628103448276,224728.0344827586,True
rock,1980,1984,1980_1984,64,0.5624375,0.696390625,4.15625,0.75,0.652875,128.3525625,223030.5625,True
rock,1981,1985,1981_1985,78,0.5557051282051282,0.7014743589743591,4.17948717948718,0.782051282051282,0.6510897435897436,129.3791923076923,231968.66666666666,True
rock,1982,1986,1982_1986,91,0.5518021978021977,0.675032967032967,4.857142857142857,0.7582417582417582,0.6266593406593406,129.29602197802197,236953.65934065933,True
rock,1983,1987,1983_1987,110,0.5330636363636364,0.6466545454545455,5.163636363636364,0.7545454545454545,0.5868663636363637,129.95045454545453,241514.0,True
rock,1984,1988,1984_1988,135,0.5330296296296296,0.6399422222222222,5.155555555555556,0.7333333333333333,0.5849651851851851,129.57082962962963,242526.65185185184,True
rock,1985,1989,1985_1989,163,0.4996319018404908,0.6706822085889571,5.766871165644171,0.7423312883435583,0.5530049079754601,128.41742944785275,245693.18404907975,True
rock,1986,1990,1986_1990,188,0.49717021276595746,0.663086170212766,5.845744680851064,0.7287234042553191,0.5395734042553192,124.86117021276597,243967.42021276595,True
rock,1987,1991,1987_1991,200,0.503245,0.6762560000000001,5.67,0.715,0.548049,122.92313,248327.485,True
rock,1988,1992,1988_1992,211,0.4934454976303318,0.6901715639810427,5.431279620853081,0.7203791469194313,0.5254161137440758,122.63345023696682,251430.30331753555,True
rock,1989,1993,1989_1993,247,0.4864939271255061,0.6830991902834008,5.3562753036437245,0.728744939271255,0.5133145748987854,122.08316599190285,254446.5910931174,True
rock,1990,1994,1990_1994,275,0.4829141818181818,0.6597629090909091,5.116363636363636,0.7272727272727273,0.4968807272727273,120.40764727272729,259625.58545454545,True
rock,1991,1995,1991_1995,352,0.45696988636363634,0.6878517045454545,4.954545454545454,0.7357954545454546,0.483734090909091,125.49265909090909,254595.6590909091,True
rock,1992,1996,1992_1996,392,0.4540265306122449,0.6810729591836734,5.040816326530612,0.7372448979591837,0.47109234693877555,125.11189030612245,251866.92346938775,True
rock,1993,1997,1993_1997,431,0.4556366589327146,0.685275174013921,5.099767981438515,0.7354988399071926,0.4810958236658933,124.0805614849188,250786.32714617168,True
rock,1994,1998,1994_1998,421,0.45770878859857483,0.6969479809976247,5.159144893111639,0.7292161520190024,0.4739066508313539,123.65493349168646,257769.8218527316,True
rock,1995,1999,1995_1999,408,0.4630196078431373,0.7012029411764706,5.049019607843137,0.7205882352941176,0.47993014705882353,123.79230637254902,253005.66911764705,True
rock,1996,2000,1996_2000,365,0.4822109589041096,0.690586301369863,5.284931506849315,0.7041095890410959,0.48253068493150686,120.8656109589041,255839.8,True
rock,1997,2001,1997_2001,362,0.48599447513812155,0.6907187845303867,5.060773480662983,0.7099447513812155,0.47173618784530386,120.3955635359116,251950.28729281767,True
rock,1998,2002,1998_2002,371,0.4957601078167116,0.697520754716981,5.159029649595688,0.6846361185983828,0.4660924528301887,120.82921563342319,247036.90566037735,True
rock,1999,2003,1999_2003,400,0.49493499999999996,0.7026654999999999,5.245,0.6775,0.46176175,122.55908,234816.595,True
rock,2000,2004,2000_2004,435,0.49619540229885056,0.7106967816091954,5.4206896551724135,0.6827586206896552,0.45921999999999996,126.0798643678161,236848.91264367817,True
rock,2001,2005,2001_2005,483,0.4989047619047619,0.7109973084886129,5.236024844720497,0.6811594202898551,0.4639950310559006,126.15635403726708,235294.97929606625,True
rock,2002,2006,2002_2006,513,0.4992183235867446,0.7243191033138401,5.4035087719298245,0.6510721247563352,0.46300506822612086,127.63672124756336,236904.8089668616,True
rock,2003,2007,2003_2007,576,0.5035121527777778,0.7259848958333334,5.484375,0.65625,0.46927187499999995,128.08815104166666,236431.13368055556,True
rock,2004,2008,2004_2008,617,0.5016466774716369,0.7330199351701783,5.431118314424635,0.653160453808752,0.4671609400324149,127.9076531604538,236752.773095624,True
rock,2005,2009,2005_2009,671,0.5004307004470939,0.734924739195231,5.35618479880775,0.6512667660208644,0.465281520119225,127.15070193740685,231848.60655737706,True
rock,2006,2010,2006_2010,669,0.49024992526158445,0.7463,5.390134529147982,0.6532137518684604,0.456855754857997,128.0350418535127,231733.58445440957,True
rock,2007,2011,2007_2011,740,0.4862151351351351,0.7508441891891892,5.302702702702702,0.6837837837837838,0.45535810810810806,128.21743513513513,230930.21891891892,True
rock,2008,2012,2008_2012,742,0.4838210242587601,0.7578842318059299,5.226415094339623,0.6846361185983828,0.45806118598382745,128.8706563342318,228013.29649595686,True
rock,2009,2013,2009_2013,817,0.48295250917992655,0.752269400244798,5.283965728274174,0.6976744186046512,0.4527328029375765,128.59897919216647,229270.59485924113,True
rock,2010,2014,2010_2014,825,0.4847069090909091,0.757928484848485,5.336969696969697,0.6775757575757576,0.45580642424242424,128.03987636363635,230997.5309090909,True
rock,2011,2015,2011_2015,885,0.49434124293785314,0.7494016949152542,5.380790960451978,0.6757062146892655,0.45419096045197743,127.91209830508474,230948.94915254237,True
rock,2012,2016,2012_2016,928,0.5022737068965517,0.7476939655172414,5.456896551724138,0.6540948275862069,0.46727284482758624,126.6544849137931,230266.09375,True
rock,2013,2017,2013_2017,978,0.5023323108384458,0.7413861963190184,5.4079754601226995,0.6370143149284253,0.45619406952965236,125.1729345603272,233030.6380368098,True
rock,2014,2018,2014_2018,1012,0.5066867588932806,0.7436291501976284,5.365612648221344,0.6264822134387352,0.4650673913043478,125.27416403162056,230722.1324110672,True
rock,2015,2019,2015_2019,952,0.5131834033613445,0.7352219537815126,5.404411764705882,0.6407563025210085,0.4626851890756302,124.66910399159663,231769.11764705883,True
samba,1963,1967,1963_1967,20,0.5730999999999999,0.5525,3.8,0.45,0.80785,107.2612,142267.5,True
samba,1964,1968,1964_1968,20,0.5282,0.55945,4.45,0.45,0.7173499999999999,103.11425,156948.8,True
samba,1965,1969,1965_1969,29,0.5000344827586207,0.5997931034482759,5.103448275862069,0.4827586206896552,0.7546206896551724,102.96120689655173,177372.4827586207,True
samba,1966,1970,1966_1970,33,0.5116666666666667,0.5801999999999999,5.212121212121212,0.5151515151515151,0.7415151515151515,103.46848484848485,178253.78787878787,True
samba,1967,1971,1967_1971,36,0.5070833333333333,0.59035,5.472222222222222,0.5555555555555556,0.7072777777777778,104.96808333333334,191076.72222222222,True
samba,1968,1972,1968_1972,48,0.5526041666666667,0.6252624999999999,5.729166666666667,0.5833333333333334,0.7491666666666666,109.00737500000001,205043.0,True
samba,1969,1973,1969_1973,47,0.5705531914893617,0.6448851063829787,5.340425531914893,0.6170212765957447,0.756872340425532,111.27276595744681,203645.8085106383,True
samba,1970,1974,1970_1974,57,0.615719298245614,0.6126070175438596,4.526315789473684,0.631578947368421,0.7859473684210526,115.69200000000001,197061.40350877194,True
samba,1971,1975,1971_1975,67,0.6277014925373134,0.5898089552238807,4.567164179104478,0.5671641791044776,0.7407402985074627,116.02759701492538,197265.64179104476,True
samba,1972,1976,1972_1976,66,0.6352878787878788,0.5837757575757576,4.666666666666667,0.5454545454545454,0.7324333333333334,116.26533333333333,199296.28787878787,True
samba,1973,1977,1973_1977,63,0.6322539682539683,0.5502730158730159,4.555555555555555,0.5396825396825397,0.7029777777777777,114.81239682539682,188409.26984126985,True
samba,1974,1978,1974_1978,62,0.6318870967741935,0.5360677419354838,4.661290322580645,0.5483870967741935,0.7099612903225807,113.21037096774192,191300.2258064516,True
samba,1975,1979,1975_1979,48,0.625,0.5155166666666667,5.0625,0.5208333333333334,0.6371166666666667,111.91695833333334,190135.5625,True
samba,1976,1980,1976_1980,39,0.6083076923076923,0.5492974358974358,5.384615384615385,0.5897435897435898,0.6754871794871795,111.45825641025642,188607.41025641025,True
samba,1977,1981,1977_1981,34,0.6164117647058823,0.5320470588235294,4.852941176470588,0.7058823529411765,0.7026470588235294,110.76432352941177,185896.41176470587,True
samba,1978,1982,1978_1982,20,0.6244,0.53508,4.9,0.7,0.72045,108.83305,193280.95,True
samba,1990,1994,1990_1994,26,0.6135,0.6180000000000001,4.8076923076923075,0.6153846153846154,0.7187307692307693,113.74384615384616,218103.3076923077,True
samba,1991,1995,1991_1995,31,0.6115483870967743,0.6286129032258064,4.903225806451613,0.6129032258064516,0.7357096774193548,113.76309677419354,212313.38709677418,True
samba,1992,1996,1992_1996,33,0.6050909090909091,0.6114242424242424,4.909090909090909,0.6060606060606061,0.7261515151515152,111.73745454545455,213610.42424242425,True
samba,1993,1997,1993_1997,31,0.6009677419354839,0.6174838709677419,5.129032258064516,0.7419354838709677,0.7095806451612903,113.15670967741936,212400.32258064515,True
samba,1994,1998,1994_1998,35,0.5887142857142857,0.6129142857142856,5.057142857142857,0.7142857142857143,0.6881428571428572,111.9144,215762.17142857143,True
samba,1995,1999,1995_1999,53,0.5976792452830189,0.606622641509434,5.39622641509434,0.6792452830188679,0.7629811320754717,104.95545283018868,204493.98113207548,True
samba,1996,2000,1996_2000,66,0.602560606060606,0.5913181818181819,5.2272727272727275,0.696969696969697,0.7456969696969697,107.84937878787879,209122.86363636365,True
samba,1997,2001,1997_2001,77,0.6143636363636363,0.586948051948052,5.142857142857143,0.7012987012987013,0.7305064935064935,108.84483116883116,209685.36363636365,True
samba,1998,2002,1998_2002,83,0.6317469879518073,0.6030361445783132,5.385542168674699,0.6506024096385542,0.7339156626506024,106.30512048192772,214568.6746987952,True
samba,1999,2003,1999_2003,90,0.6297888888888888,0.610488888888889,5.544444444444444,0.6666666666666666,0.7498,110.29177777777778,214958.0888888889,True
samba,2000,2004,2000_2004,74,0.6356081081081081,0.6129324324324325,5.6891891891891895,0.6486486486486487,0.7248918918918918,111.49732432432432,223986.52702702704,True
samba,2001,2005,2001_2005,80,0.6251125,0.62235,6.0125,0.65,0.7383625,109.4549375,221613.0375,True
samba,2002,2006,2002_2006,80,0.627825,0.6306375,5.9375,0.575,0.7589,108.88041249999999,217429.6875,True
samba,2003,2007,2003_2007,95,0.6256842105263157,0.6196105263157895,6.136842105263158,0.5684210526315789,0.7552315789473684,113.37392631578946,212136.53684210527,True
samba,2004,2008,2004_2008,91,0.6266813186813187,0.6007032967032967,6.032967032967033,0.5274725274725275,0.7442527472527473,110.61307692307693,208723.04395604396,True
samba,2005,2009,2005_2009,86,0.6318139534883721,0.6184883720930232,5.372093023255814,0.5465116279069767,0.7596162790697675,112.41756976744186,210032.7906976744,True
samba,2006,2010,2006_2010,66,0.6531363636363636,0.6134242424242424,5.333333333333333,0.5,0.7701363636363636,114.62995454545455,212567.57575757575,True
samba,2007,2011,2007_2011,77,0.6226493506493507,0.6350779220779221,5.714285714285714,0.5844155844155844,0.7341688311688311,117.35818181818182,218275.0779220779,True
samba,2008,2012,2008_2012,71,0.6109154929577465,0.6393802816901408,5.0,0.5774647887323944,0.6945352112676056,114.82914084507041,220967.04225352113,True
samba,2009,2013,2009_2013,77,0.6208051948051948,0.6535194805194805,4.8311688311688314,0.5974025974025974,0.6890779220779221,116.12322077922077,223545.18181818182,True
samba,2010,2014,2010_2014,90,0.6249,0.6398777777777778,5.311111111111111,0.5333333333333333,0.6912644444444445,117.76825555555556,215166.34444444443,True
samba,2011,2015,2011_2015,109,0.6266238532110092,0.6319357798165137,5.376146788990826,0.5321100917431193,0.6752,116.52819266055046,216281.88990825688,True
samba,2012,2016,2012_2016,110,0.6148818181818182,0.6203881818181818,5.054545454545455,0.509090909090909,0.6467799999999999,118.54468181818183,222309.16363636364,True
samba,2013,2017,2013_2017,110,0.623890909090909,0.5932518181818182,4.9818181818181815,0.5454545454545454,0.6465527272727273,118.4021090909091,219717.43636363637,True
samba,2014,2018,2014_2018,120,0.6096166666666666,0.5931175,5.208333333333333,0.575,0.6376791666666667,118.99983333333333,219785.73333333334,True
samba,2015,2019,2015_2019,106,0.6014528301886792,0.5787556603773585,5.0754716981132075,0.6132075471698113,0.6223556603773586,118.95616037735849,219300.62264150943,True
shoegaze,1981,1985,1981_1985,25,0.334968,0.66476,5.36,0.64,0.33528399999999997,133.32716,199160.48,True
shoegaze,1982,1986,1982_1986,28,0.34465,0.6447857142857144,5.642857142857143,0.6071428571428571,0.35671785714285714,133.6985357142857,198784.7142857143,True
shoegaze,1983,1987,1983_1987,33,0.3755818181818182,0.6459393939393939,6.03030303030303,0.696969696969697,0.3887909090909091,130.3360606060606,197060.0909090909,True
shoegaze,1984,1988,1984_1988,47,0.36194468085106385,0.7005106382978723,5.382978723404255,0.723404255319149,0.3801595744680851,130.5718510638298,198961.89361702127,True
shoegaze,1985,1989,1985_1989,53,0.36255471698113206,0.7169056603773585,5.754716981132075,0.7924528301886793,0.37240943396226417,129.47462264150943,203049.49056603774,True
shoegaze,1986,1990,1986_1990,92,0.35836304347826087,0.7567717391304348,5.3478260869565215,0.7717391304347826,0.38857065217391307,128.16890217391304,223805.38043478262,True
shoegaze,1987,1991,1987_1991,123,0.32510162601626014,0.7221382113821138,5.634146341463414,0.7723577235772358,0.34300650406504063,127.43337398373984,241426.80487804877,True
shoegaze,1988,1992,1988_1992,158,0.3289056962025317,0.7240886075949368,5.4113924050632916,0.7278481012658228,0.3588658227848101,127.28587974683545,252091.8670886076,True
shoegaze,1989,1993,1989_1993,191,0.34085811518324605,0.6807225130890052,5.476439790575916,0.7068062827225131,0.3609612565445026,125.22314136125654,255293.65968586388,True
shoegaze,1990,1994,1990_1994,215,0.3522041860465116,0.6808837209302325,5.674418604651163,0.6511627906976745,0.3718055813953488,125.09220930232559,257176.72558139535,True
shoegaze,1991,1995,1991_1995,191,0.3489020942408377,0.6131811518324607,5.806282722513089,0.6492146596858639,0.3365471204188482,122.9140104712042,272181.0418848168,True
shoegaze,1992,1996,1992_1996,176,0.3763721590909091,0.6238403409090909,5.482954545454546,0.6363636363636364,0.3807284090909091,122.25996590909091,265194.5681818182,True
shoegaze,1993,1997,1993_1997,141,0.37367304964539005,0.5882758865248227,5.680851063829787,0.6453900709219859,0.3521560283687943,121.57329787234042,264834.43262411345,True
shoegaze,1994,1998,1994_1998,100,0.38421900000000003,0.598299,5.91,0.67,0.35702799999999996,122.71808000000001,274098.54,True
shoegaze,1995,1999,1995_1999,66,0.36599848484848485,0.5486045454545455,5.46969696969697,0.7727272727272727,0.3233939393939394,121.36813636363637,283062.2121212121,True
shoegaze,1996,2000,1996_2000,48,0.42302708333333333,0.6487770833333334,5.541666666666667,0.7083333333333334,0.42944999999999994,121.39402083333333,262425.5625,True
shoegaze,1997,2001,1997_2001,40,0.403275,0.66575,6.175,0.725,0.315735,123.49952499999999,272361.675,True
shoegaze,1998,2002,1998_2002,32,0.42246875,0.69884375,6.15625,0.6875,0.35664375,123.30821875,263412.09375,True
shoegaze,1999,2003,1999_2003,50,0.37634799999999996,0.6554954399999999,5.4,0.68,0.295696,122.36206,270955.74,True
shoegaze,2000,2004,2000_2004,64,0.371378125,0.6857151875,5.328125,0.734375,0.2839171875,120.12353125,282872.953125,True
shoegaze,2001,2005,2001_2005,69,0.3451768115942029,0.6831995942028986,5.115942028985507,0.7536231884057971,0.23563043478260867,122.04698550724638,282089.0869565217,True
shoegaze,2002,2006,2002_2006,93,0.3650021505376344,0.6583815268817204,5.129032258064516,0.7741935483870968,0.2619913978494624,123.36861290322581,276059.22580645164,True
shoegaze,2003,2007,2003_2007,132,0.34972424242424244,0.6711097121212122,5.5,0.7045454545454546,0.26931969696969693,122.57495454545455,273287.5833333333,True
shoegaze,2004,2008,2004_2008,151,0.355253642384106,0.6715013907284768,5.6490066225165565,0.7218543046357616,0.27505827814569533,121.63201324503312,275681.1986754967,True
shoegaze,2005,2009,2005_2009,180,0.35582,0.6808539444444445,5.866666666666666,0.6888888888888889,0.2936211111111111,124.68852222222223,264165.7944444445,True
shoegaze,2006,2010,2006_2010,242,0.37054008264462807,0.7014992148760331,5.822314049586777,0.6694214876033058,0.32692727272727273,123.72669008264462,259113.17768595042,True
shoegaze,2007,2011,2007_2011,297,0.3808037037037037,0.7149114478114478,5.7272727272727275,0.6599326599326599,0.334262962962963,124.6088148148148,251817.06397306398,True
shoegaze,2008,2012,2008_2012,348,0.3937939655172414,0.7138155172413794,5.712643678160919,0.6580459770114943,0.34905,124.81493390804599,245558.7787356322,True
shoegaze,2009,2013,2009_2013,362,0.3906966850828729,0.7063088397790055,5.616022099447513,0.6519337016574586,0.3460812154696133,124.66440607734806,240171.01657458564,True
shoegaze,2010,2014,2010_2014,402,0.39502462686567164,0.6840114427860696,5.462686567164179,0.6666666666666666,0.3323268656716418,122.85588059701492,245512.8184079602,True
shoegaze,2011,2015,2011_2015,424,0.4027049528301887,0.6837966981132075,5.297169811320755,0.6957547169811321,0.3292330188679245,124.28220518867924,241666.27594339623,True
shoegaze,2012,2016,2012_2016,455,0.40733604395604395,0.6709279120879121,5.446153846153846,0.6901098901098901,0.32620153846153843,123.53702197802198,251480.74285714285,True
shoegaze,2013,2017,2013_2017,494,0.42066882591093113,0.6658890688259109,5.248987854251012,0.7246963562753036,0.3255067004048583,123.62852834008098,257859.61336032388,True
shoegaze,2014,2018,2014_2018,562,0.434253024911032,0.6767537366548043,5.1138790035587185,0.7153024911032029,0.33704752669039145,124.2124590747331,260193.22597864768,True
shoegaze,2015,2019,2015_2019,524,0.44000019083969466,0.6880606870229007,5.099236641221374,0.7137404580152672,0.3497649045801527,125.47897900763358,256199.25572519083,True
singer-songwriter,1960,1964,1960_1964,20,0.47185,0.304945,5.2,0.9,0.4835,131.35340000000002,220086.25,True
singer-songwriter,1961,1965,1961_1965,36,0.4693333333333334,0.29697222222222225,4.888888888888889,0.8888888888888888,0.46311111111111114,127.3047777777778,216401.80555555556,True
singer-songwriter,1962,1966,1962_1966,43,0.4576511627906976,0.3143953488372093,5.0,0.8604651162790697,0.4444651162790697,125.84788372093023,223251.44186046513,True
singer-songwriter,1963,1967,1963_1967,63,0.4474603174603175,0.3078063492063492,5.126984126984127,0.7777777777777778,0.4143650793650794,124.9574126984127,226942.82539682538,True
singer-songwriter,1964,1968,1964_1968,72,0.4440694444444444,0.3159763888888889,4.930555555555555,0.7083333333333334,0.39255277777777775,119.46558333333334,227450.84722222222,True
singer-songwriter,1965,1969,1965_1969,101,0.43297029702970297,0.2924841584158416,4.712871287128713,0.7227722772277227,0.3722188118811881,114.36559405940594,225958.55445544556,True
singer-songwriter,1966,1970,1966_1970,127,0.4512283464566929,0.2994984251968504,4.7952755905511815,0.6771653543307087,0.416551968503937,112.71011023622047,220026.29133858267,True
singer-songwriter,1967,1971,1967_1971,160,0.46476875,0.2879775,4.775,0.7,0.426463125,113.12906875000002,220391.875,True
singer-songwriter,1968,1972,1968_1972,157,0.485624203821656,0.2973968152866242,4.796178343949045,0.7261146496815286,0.44865668789808916,112.13351592356688,215296.82165605095,True
singer-songwriter,1969,1973,1969_1973,164,0.48812804878048777,0.3108548780487805,4.9573170731707314,0.7621951219512195,0.4599341463414634,113.98648780487805,218050.83536585365,True
singer-songwriter,1970,1974,1970_1974,141,0.513468085106383,0.32253971631205675,5.163120567375887,0.7304964539007093,0.4825950354609929,113.54455319148936,214262.73758865247,True
singer-songwriter,1971,1975,1971_1975,109,0.5168440366972477,0.3267678899082569,5.128440366972477,0.7706422018348624,0.4552926605504587,114.47350458715596,223181.11009174312,True
singer-songwriter,1972,1976,1972_1976,82,0.5241341463414634,0.3776414634146341,5.2073170731707314,0.7439024390243902,0.46263292682926827,116.44845121951218,239434.06097560975,True
singer-songwriter,1973,1977,1973_1977,71,0.4995915492957747,0.3817507042253521,4.985915492957746,0.7323943661971831,0.43637887323943664,117.29888732394366,255833.77464788733,True
singer-songwriter,1974,1978,1974_1978,68,0.5101764705882353,0.3459794117647059,4.617647058823529,0.6176470588235294,0.41343676470588236,118.05575,250871.35294117648,True
singer-songwriter,1975,1979,1975_1979,56,0.5020535714285714,0.3751625,4.071428571428571,0.6607142857142857,0.4360660714285714,122.13414285714285,263147.33928571426,True
singer-songwriter,1976,1980,1976_1980,53,0.5143773584905661,0.3788075471698113,4.320754716981132,0.6037735849056604,0.4570811320754717,120.28266037735848,255229.15094339623,True
singer-songwriter,1977,1981,1977_1981,41,0.5155121951219512,0.3431170731707317,4.146341463414634,0.6097560975609756,0.45015365853658534,116.75899999999999,225480.29268292684,True
singer-songwriter,1978,1982,1978_1982,38,0.5327894736842106,0.3226684210526316,3.8157894736842106,0.5789473684210527,0.4564815789473684,113.2122105263158,215918.94736842104,True
singer-songwriter,1979,1983,1979_1983,24,0.57625,0.38647499999999996,3.4583333333333335,0.7083333333333334,0.5154833333333333,105.84937500000001,225423.33333333334,True
singer-songwriter,1980,1984,1980_1984,20,0.5703,0.35537,3.8,0.65,0.49218,104.9114,216819.4,True
singer-songwriter,1981,1985,1981_1985,29,0.5630689655172414,0.3638,3.6206896551724137,0.6551724137931034,0.48087931034482756,108.0149655172414,228250.58620689655,True
singer-songwriter,1982,1986,1982_1986,31,0.5758709677419355,0.3918129032258065,4.161290322580645,0.6129032258064516,0.5092741935483871,110.42632258064516,233523.0,True
singer-songwriter,1983,1987,1983_1987,38,0.5645526315789473,0.38413684210526317,4.631578947368421,0.631578947368421,0.49156578947368423,115.61842105263158,232181.02631578947,True
singer-songwriter,1984,1988,1984_1988,50,0.5708,0.37231400000000003,5.12,0.64,0.498476,118.29505999999999,240991.18,True
singer-songwriter,1985,1989,1985_1989,68,0.5620147058823529,0.41228382352941173,4.926470588235294,0.6911764705882353,0.5144088235294118,119.46695588235293,242633.58823529413,True
singer-songwriter,1986,1990,1986_1990,54,0.5703703703703704,0.4437425925925926,5.166666666666667,0.7407407407407407,0.5409685185185185,121.69938888888889,244680.33333333334,True
singer-songwriter,1987,1991,1987_1991,61,0.5771967213114755,0.4300672131147541,4.721311475409836,0.7704918032786885,0.5159360655737705,121.59714754098361,254413.83606557376,True
singer-songwriter,1988,1992,1988_1992,75,0.5656933333333334,0.42755066666666663,4.986666666666666,0.8,0.49501599999999996,118.29641333333333,265449.1066666667,True
singer-songwriter,1989,1993,1989_1993,85,0.5483058823529412,0.47345411764705886,4.752941176470588,0.7529411764705882,0.4928811764705882,118.01052941176471,265456.4588235294,True
singer-songwriter,1990,1994,1990_1994,112,0.5287946428571428,0.42048491071428573,5.116071428571429,0.6964285714285714,0.4182330357142857,120.1964107142857,270405.9910714286,True
singer-songwriter,1991,1995,1991_1995,153,0.525797385620915,0.41952620915032685,5.163398692810458,0.7124183006535948,0.4161313725490196,119.50911111111111,262513.82352941175,True
singer-songwriter,1992,1996,1992_1996,175,0.5240057142857143,0.42658577142857146,5.1085714285714285,0.7085714285714285,0.4165845714285714,119.4327942857143,263865.48,True
singer-songwriter,1993,1997,1993_1997,178,0.5207865168539326,0.4224843258426966,4.938202247191011,0.6797752808988764,0.4070511235955056,120.84494943820226,256168.79775280898,True
singer-songwriter,1994,1998,1994_1998,216,0.5178472222222222,0.4224574537037037,5.12037037037037,0.6759259259259259,0.39554490740740744,118.50824074074073,250255.7685185185,True
singer-songwriter,1995,1999,1995_1999,200,0.521225,0.450665,5.215,0.675,0.412896,118.63797500000001,245052.33,True
singer-songwriter,1996,2000,1996_2000,211,0.5081137440758294,0.46448246445497626,5.208530805687204,0.6398104265402843,0.40038104265402846,118.06512322274882,244561.55924170616,True
singer-songwriter,1997,2001,1997_2001,241,0.5149917012448133,0.47489958506224067,5.352697095435684,0.6431535269709544,0.39770207468879665,116.65741078838175,241754.77593360996,True
singer-songwriter,1998,2002,1998_2002,283,0.5175229681978799,0.4925727915194346,5.374558303886926,0.6607773851590106,0.4072095406360424,117.2945335689046,247558.13074204946,True
singer-songwriter,1999,2003,1999_2003,299,0.5177023411371238,0.49747892976588626,5.103678929765886,0.6923076923076923,0.40546220735785954,118.20651505016723,249731.47157190635,True
singer-songwriter,2000,2004,2000_2004,391,0.522386189258312,0.4815061381074169,5.143222506393862,0.6879795396419437,0.41184168797953963,117.39524296675192,243563.51406649617,True
singer-songwriter,2001,2005,2001_2005,510,0.5262078431372549,0.4769546470588235,5.13921568627451,0.6980392156862745,0.4139907843137255,118.24526470588235,243852.12352941177,True
singer-songwriter,2002,2006,2002_2006,587,0.523229982964225,0.45761868824531515,4.9880749574105625,0.706984667802385,0.4075366269165247,118.56949914821125,240305.24531516185,True
singer-songwriter,2003,2007,2003_2007,735,0.5287360544217686,0.4652517959183673,4.974149659863945,0.7183673469387755,0.40776408163265304,119.16060952380951,234924.9836734694,True
singer-songwriter,2004,2008,2004_2008,780,0.5323051282051282,0.45947944871794877,4.9743589743589745,0.717948717948718,0.4069969230769231,120.15822307692308,232506.48846153845,True
singer-songwriter,2005,2009,2005_2009,777,0.5298728442728443,0.4647394723294723,4.895752895752896,0.7348777348777349,0.3991401544401544,120.90651994851994,233739.67696267695,True
singer-songwriter,2006,2010,2006_2010,692,0.5321751445086705,0.46292059393063584,4.848265895953757,0.7514450867052023,0.40076979768786125,121.08503034682082,232596.2789017341,True
singer-songwriter,2007,2011,2007_2011,673,0.5341340267459138,0.46855698514115895,5.078751857355126,0.7429420505200595,0.3944476968796434,122.01835661218426,234637.11144130758,True
singer-songwriter,2008,2012,2008_2012,579,0.5326526770293609,0.4611743540587219,5.117443868739206,0.7478411053540587,0.3885283246977547,121.16142141623489,237873.42659758203,True
singer-songwriter,2009,2013,2009_2013,587,0.5238158432708688,0.4610012793867121,5.187393526405452,0.7529812606473595,0.37592180579216355,120.64548892674617,243533.0800681431,True
singer-songwriter,2010,2014,2010_2014,637,0.5244056514913658,0.4518383846153846,5.065934065934066,0.7378335949764521,0.36934411302982734,119.26310361067503,243452.169544741,True
singer-songwriter,2011,2015,2011_2015,708,0.5267703389830508,0.4490062146892655,5.149717514124294,0.7076271186440678,0.35758531073446326,118.83462288135593,239004.86440677967,True
singer-songwriter,2012,2016,2012_2016,794,0.5216654911838791,0.44746397984886654,5.109571788413098,0.698992443324937,0.35423098236775824,117.5121007556675,237476.87783375315,True
singer-songwriter,2013,2017,2013_2017,991,0.5254780020181634,0.4456318869828456,5.130171543895056,0.6922300706357215,0.3574021190716448,116.42536730575178,235444.0958627649,True
singer-songwriter,2014,2018,2014_2018,1287,0.5347923076923077,0.4531882672882673,5.239316239316239,0.6767676767676768,0.36525415695415697,116.88871017871017,233052.30613830613,True
singer-songwriter,2015,2019,2015_2019,1302,0.5383970814132105,0.46242841781874044,5.327956989247312,0.6766513056835638,0.37087734254992316,117.18789016897081,234116.61290322582,True
soft rock,1967,1971,1967_1971,21,0.5297619047619048,0.4004857142857143,5.428571428571429,0.8095238095238095,0.5474285714285715,112.02738095238094,197901.42857142858,True
soft rock,1968,1972,1968_1972,42,0.5324047619047619,0.44870000000000004,5.666666666666667,0.6904761904761905,0.5541666666666666,118.14409523809523,210282.5,True
soft rock,1969,1973,1969_1973,49,0.521326530612245,0.43788571428571427,5.428571428571429,0.7142857142857143,0.5426530612244898,120.85644897959185,216110.4693877551,True
soft rock,1970,1974,1970_1974,56,0.5323749999999999,0.4350428571428572,5.267857142857143,0.7321428571428571,0.5492857142857143,120.44323214285714,214887.82142857142,True
soft rock,1971,1975,1971_1975,63,0.5377301587301587,0.4525746031746032,5.555555555555555,0.7619047619047619,0.5401873015873015,120.89979365079365,229683.9365079365,True
soft rock,1972,1976,1972_1976,67,0.5465522388059701,0.47410746268656717,5.373134328358209,0.7611940298507462,0.5505492537313433,121.7166567164179,239682.10447761195,True
soft rock,1973,1977,1973_1977,56,0.5615178571428572,0.46925,4.982142857142857,0.8392857142857143,0.5408053571428572,118.19192857142858,250265.3392857143,True
soft rock,1974,1978,1974_1978,66,0.5946212121212121,0.48457575757575755,5.121212121212121,0.8181818181818182,0.5644560606060606,114.81556060606061,257120.72727272726,True
soft rock,1975,1979,1975_1979,80,0.5865375,0.48315,5.0375,0.8,0.5474887500000001,116.44955,262535.225,True
soft rock,1976,1980,1976_1980,83,0.5892168674698796,0.5008915662650603,4.891566265060241,0.8072289156626506,0.5693289156626506,117.27895180722892,256956.10843373495,True
soft rock,1977,1981,1977_1981,77,0.5816103896103896,0.4873376623376623,4.818181818181818,0.7532467532467533,0.5451597402597402,118.8407922077922,253696.42857142858,True
soft rock,1978,1982,1978_1982,70,0.5849857142857142,0.4899714285714286,4.785714285714286,0.7285714285714285,0.5478528571428571,119.84898571428572,254105.14285714287,True
soft rock,1979,1983,1979_1983,54,0.5701851851851851,0.514074074074074,4.5,0.7407407407407407,0.5330685185185184,123.29201851851852,251764.62962962964,True
soft rock,1980,1984,1980_1984,37,0.572027027027027,0.5547027027027027,4.648648648648648,0.7297297297297297,0.5579648648648649,125.22286486486487,244342.72972972973,True
soft rock,1981,1985,1981_1985,32,0.56571875,0.563625,4.3125,0.625,0.526709375,123.05615625,261593.78125,True
soft rock,1982,1986,1982_1986,38,0.5875263157894737,0.5618157894736843,5.184210526315789,0.7368421052631579,0.5678868421052631,115.63444736842106,266105.2105263158,True
soft rock,1983,1987,1983_1987,42,0.5831904761904761,0.5509999999999999,4.904761904761905,0.7380952380952381,0.5830214285714286,118.49495238095237,261878.30952380953,True
soft rock,1984,1988,1984_1988,46,0.5896956521739131,0.5342173913043478,5.239130434782608,0.7391304347826086,0.578345652173913,117.38545652173913,261226.26086956522,True
soft rock,1985,1989,1985_1989,64,0.594703125,0.522375,5.375,0.703125,0.53033125,115.22109375,275975.734375,True
soft rock,1986,1990,1986_1990,56,0.605125,0.51325,5.696428571428571,0.7321428571428571,0.5309321428571429,115.1044107142857,270026.8035714286,True
soft rock,1987,1991,1987_1991,47,0.5924680851063829,0.5226808510638298,5.361702127659575,0.723404255319149,0.492131914893617,118.81565957446809,270104.91489361704,True
soft rock,1988,1992,1988_1992,39,0.5898974358974359,0.5207179487179487,5.871794871794871,0.7435897435897436,0.45728974358974356,118.7038717948718,278263.2051282051,True
soft rock,1989,1993,1989_1993,43,0.5689069767441861,0.48872093023255814,5.186046511627907,0.6976744186046512,0.4106232558139535,118.02790697674418,273469.3953488372,True
soft rock,1990,1994,1990_1994,23,0.5274782608695652,0.4412608695652174,4.826086956521739,0.782608695652174,0.34889130434782606,121.37573913043478,247381.95652173914,True
soft rock,1991,1995,1991_1995,26,0.5276923076923077,0.4591538461538462,4.576923076923077,0.7307692307692307,0.37840384615384615,125.16503846153847,242958.42307692306,True
soft rock,1992,1996,1992_1996,25,0.55244,0.4718,4.88,0.72,0.41822000000000004,124.8082,238127.4,True
soft rock,1993,1997,1993_1997,32,0.5690625,0.50171875,4.5,0.78125,0.442171875,121.26671875,249083.71875,True
soft rock,1994,1998,1994_1998,22,0.5752272727272728,0.5478636363636363,4.363636363636363,0.8636363636363636,0.4677272727272727,123.62895454545455,260472.13636363635,True
soft rock,1995,1999,1995_1999,24,0.5597083333333334,0.573375,4.291666666666667,0.75,0.5065000000000001,128.20020833333334,256851.66666666666,True
soft rock,1996,2000,1996_2000,20,0.5629,0.56275,4.35,0.75,0.48755,124.83465000000001,265006.65,True
soft rock,1997,2001,1997_2001,24,0.5519166666666667,0.5720833333333334,3.4166666666666665,0.7083333333333334,0.48220833333333335,120.86399999999999,260649.375,True
soft rock,1998,2002,1998_2002,24,0.5185000000000001,0.5993333333333334,3.5833333333333335,0.7083333333333334,0.4430083333333333,123.33191666666666,256089.875,True
soft rock,1999,2003,1999_2003,27,0.511,0.5805185185185185,4.148148148148148,0.6666666666666666,0.4195259259259259,125.67414814814816,245896.1851851852,True
soft rock,2000,2004,2000_2004,30,0.5207333333333334,0.5506333333333333,4.3,0.7333333333333333,0.40607333333333334,123.11503333333333,253819.5,True
soft rock,2001,2005,2001_2005,36,0.5302777777777777,0.5459444444444445,4.027777777777778,0.7222222222222222,0.45050555555555555,119.88175000000001,243153.27777777778,True
soft rock,2002,2006,2002_2006,37,0.5330270270270271,0.5763783783783784,4.621621621621622,0.7567567567567568,0.46508648648648654,120.90616216216218,245169.72972972973,True
soft rock,2003,2007,2003_2007,32,0.53671875,0.5535625,4.84375,0.71875,0.509625,123.34790625,238989.1875,True
soft rock,2004,2008,2004_2008,32,0.541625,0.5680625,4.71875,0.6875,0.5194375,120.75615625,241017.4375,True
soft rock,2005,2009,2005_2009,33,0.5614545454545454,0.5950000000000001,4.666666666666667,0.7272727272727273,0.5373333333333333,120.187,237659.72727272726,True
soft rock,2006,2010,2006_2010,31,0.5518709677419354,0.6229032258064515,5.096774193548387,0.7419354838709677,0.505225806451613,124.22464516129033,243541.25806451612,True
soft rock,2007,2011,2007_2011,34,0.5389117647058823,0.6115294117647059,5.411764705882353,0.7058823529411765,0.48072941176470585,126.39455882352941,247620.23529411765,True
soft rock,2008,2012,2008_2012,46,0.5647826086956522,0.5927826086956521,4.521739130434782,0.6956521739130435,0.46221304347826087,123.88067391304348,249890.4347826087,True
soft rock,2009,2013,2009_2013,44,0.5606136363636364,0.5868181818181818,4.795454545454546,0.7272727272727273,0.45597272727272725,125.74195454545453,250334.61363636365,True
soft rock,2010,2014,2010_2014,49,0.562795918367347,0.6040408163265306,4.857142857142857,0.7346938775510204,0.46131020408163265,122.34491836734693,239613.0612244898,True
soft rock,2011,2015,2011_2015,53,0.5649056603773586,0.5990377358490566,4.9245283018867925,0.7924528301886793,0.4658150943396227,122.43290566037737,244446.4150943396,True
soft rock,2012,2016,2012_2016,52,0.5907884615384615,0.5879807692307693,4.903846153846154,0.8269230769230769,0.48033461538461536,120.96651923076924,236461.86538461538,True
soft rock,2013,2017,2013_2017,56,0.5798571428571428,0.6146428571428572,5.785714285714286,0.8571428571428571,0.5214089285714286,117.56641071428571,227796.4107142857,True
soft rock,2014,2018,2014_2018,73,0.5959452054794521,0.6162328767123287,5.671232876712328,0.7945205479452054,0.5371219178082192,117.4737808219178,232930.02739726027,True
soft rock,2015,2019,2015_2019,64,0.594171875,0.6020156249999999,5.640625,0.75,0.5325046875,119.391984375,235268.84375,True
soul,1955,1959,1955_1959,20,0.49119999999999997,0.38338,6.05,0.9,0.47245,125.47265,188492.45,True
soul,1956,1960,1956_1960,29,0.5262413793103448,0.40564137931034483,5.896551724137931,0.896551724137931,0.5532413793103449,122.82034482758621,178781.93103448275,True
soul,1957,1961,1957_1961,34,0.5364411764705883,0.4272235294117647,5.794117647058823,0.8823529411764706,0.583764705882353,125.70008823529412,174968.5,True
soul,1958,1962,1958_1962,31,0.5323870967741936,0.4364064516129032,5.870967741935484,0.9032258064516129,0.6124516129032258,118.47487096774194,171736.5806451613,True
soul,1959,1963,1959_1963,32,0.5249375000000001,0.475875,5.53125,0.90625,0.6718125,113.62503125,169439.5,True
soul,1960,1964,1960_1964,63,0.5652698412698413,0.49907936507936507,5.603174603174603,0.9047619047619048,0.7165238095238095,115.6145873015873,163903.49206349207,True
soul,1961,1965,1961_1965,73,0.5691369863013698,0.4949178082191781,5.027397260273973,0.8904109589041096,0.695890410958904,114.65571232876712,170677.2602739726,True
soul,1962,1966,1962_1966,87,0.5855057471264368,0.48728735632183906,4.827586206896552,0.8620689655172413,0.7007241379310345,114.00845977011495,172412.8620689655,True
soul,1963,1967,1963_1967,110,0.5985545454545455,0.47942727272727276,4.718181818181818,0.8272727272727273,0.6966636363636364,115.4905,172645.95454545456,True
soul,1964,1968,1964_1968,144,0.6022708333333333,0.4816666666666667,4.944444444444445,0.8194444444444444,0.7003263888888889,118.98827083333335,172885.88888888888,True
soul,1965,1969,1965_1969,133,0.5874135338345865,0.46933383458646616,4.7368421052631575,0.7894736842105263,0.6660676691729324,117.46690977443609,179737.48872180452,True
soul,1966,1970,1966_1970,153,0.5641045751633987,0.487362091503268,5.026143790849673,0.7712418300653595,0.6531084967320262,116.90501960784314,188834.22222222222,True
soul,1967,1971,1967_1971,150,0.5504466666666666,0.48876933333333333,4.96,0.7733333333333333,0.6323706666666666,115.83613333333332,193403.00666666665,True
soul,1968,1972,1968_1972,164,0.549469512195122,0.48739878048780494,5.024390243902439,0.75,0.615040243902439,116.48714024390243,211648.34146341463,True
soul,1969,1973,1969_1973,152,0.5343355263157894,0.4866190789473684,5.0394736842105265,0.6973684210526315,0.5768796052631578,115.94913815789474,227905.51315789475,True
soul,1970,1974,1970_1974,140,0.5448642857142858,0.49231928571428574,5.3,0.6785714285714286,0.5753907142857143,117.91554285714285,235768.07857142857,True
soul,1971,1975,1971_1975,123,0.5646016260162602,0.4889081300813008,5.32520325203252,0.6341463414634146,0.571659349593496,119.13244715447154,242843.84552845528,True
soul,1972,1976,1972_1976,122,0.5675573770491804,0.4865303278688525,5.30327868852459,0.5983606557377049,0.5639926229508198,119.56245901639343,251360.26229508198,True
soul,1973,1977,1973_1977,93,0.5543440860215054,0.491663440860215,5.67741935483871,0.5698924731182796,0.552463440860215,118.21039784946235,257437.33333333334,True
soul,1974,1978,1974_1978,79,0.5740379746835442,0.5004050632911392,5.3544303797468356,0.5443037974683544,0.5618987341772151,116.39727848101266,275663.746835443,True
soul,1975,1979,1975_1979,84,0.5794523809523809,0.48596190476190476,4.964285714285714,0.5357142857142857,0.5581190476190476,114.02888095238094,279667.90476190473,True
soul,1976,1980,1976_1980,75,0.59416,0.4739173333333333,4.946666666666666,0.5733333333333334,0.5599333333333333,112.47833333333334,287556.86666666664,True
soul,1977,1981,1977_1981,74,0.6003513513513514,0.48860540540540537,5.27027027027027,0.5675675675675675,0.5877702702702703,112.10302702702703,290188.9054054054,True
soul,1978,1982,1978_1982,83,0.619,0.48991325301204813,4.662650602409639,0.5783132530120482,0.5876746987951807,110.95979518072289,280777.1084337349,True
soul,1979,1983,1979_1983,75,0.6285466666666667,0.4797706666666666,4.693333333333333,0.6266666666666667,0.5823773333333333,109.57144,270683.4533333333,True
soul,1980,1984,1980_1984,70,0.6443714285714286,0.5170428571428571,4.728571428571429,0.6,0.6162471428571429,108.84762857142857,270286.0,True
soul,1981,1985,1981_1985,82,0.6282073170731707,0.48642317073170727,4.878048780487805,0.5853658536585366,0.5736621951219513,108.22521951219512,272309.4512195122,True
soul,1982,1986,1982_1986,87,0.6444712643678161,0.469467816091954,4.747126436781609,0.632183908045977,0.559187356321839,107.6820459770115,266437.275862069,True
soul,1983,1987,1983_1987,95,0.6437368421052632,0.48697578947368425,4.957894736842105,0.6842105263157895,0.5472589473684211,108.2648947368421,274631.9052631579,True
soul,1984,1988,1984_1988,105,0.6355047619047619,0.49700666666666665,5.180952380952381,0.6761904761904762,0.5614152380952381,108.88850476190476,275365.77142857143,True
soul,1985,1989,1985_1989,121,0.6305950413223141,0.5020471074380165,5.066115702479339,0.7107438016528925,0.5477818181818181,110.61955371900827,269753.5041322314,True
soul,1986,1990,1986_1990,120,0.6293416666666667,0.513725,5.016666666666667,0.75,0.5557633333333333,111.11224166666666,269187.4166666667,True
soul,1987,1991,1987_1991,132,0.6293106060606061,0.5416515151515152,5.204545454545454,0.7424242424242424,0.5670651515151515,112.84053787878788,271107.0227272727,True
soul,1988,1992,1988_1992,137,0.6235474452554745,0.5616715328467153,5.094890510948905,0.6861313868613139,0.590048905109489,114.54724817518247,262151.4160583942,True
soul,1989,1993,1989_1993,149,0.6294026845637584,0.5555436241610738,4.899328859060403,0.7114093959731543,0.5717825503355705,115.7388120805369,261475.9731543624,True
soul,1990,1994,1990_1994,157,0.6295414012738854,0.5505350318471337,5.1847133757961785,0.6560509554140127,0.5669273885350318,116.73070700636944,264605.62420382164,True
soul,1991,1995,1991_1995,166,0.6291807228915662,0.5533433734939759,5.475903614457831,0.6325301204819277,0.5571662650602409,117.47247590361447,263152.4457831325,True
soul,1992,1996,1992_1996,178,0.6277191011235955,0.5324719101123595,5.370786516853933,0.601123595505618,0.5378179775280899,117.50233146067416,266229.48876404495,True
soul,1993,1997,1993_1997,186,0.6380376344086022,0.5154462365591398,5.602150537634409,0.5752688172043011,0.49861935483870967,115.67801075268818,271662.79032258067,True
soul,1994,1998,1994_1998,214,0.6378831775700935,0.5262056074766356,5.630841121495327,0.5,0.5012476635514018,113.80405607476635,273908.45327102806,True
soul,1995,1999,1995_1999,225,0.6418222222222222,0.5331688888888889,5.751111111111111,0.5244444444444445,0.5020106666666666,113.31888444444445,273442.7911111111,True
soul,1996,2000,1996_2000,228,0.6507236842105264,0.5301622807017544,5.671052631578948,0.49122807017543857,0.5104271929824561,113.34286842105263,268906.9868421053,True
soul,1997,2001,1997_2001,240,0.6555416666666667,0.54895125,5.766666666666667,0.4708333333333333,0.52564375,112.60376249999999,263934.1125,True
soul,1998,2002,1998_2002,271,0.6448265682656826,0.5520239852398524,5.771217712177122,0.4797047970479705,0.5372583025830259,112.14726568265682,256011.66051660516,True
soul,1999,2003,1999_2003,274,0.6471131386861314,0.5606222627737226,5.9963503649635035,0.5145985401459854,0.5386386861313868,112.13233211678833,249338.97445255474,True
soul,2000,2004,2000_2004,270,0.6449111111111111,0.560087037037037,5.774074074074074,0.48148148148148145,0.5468985185185186,111.3796888888889,244794.6888888889,True
soul,2001,2005,2001_2005,306,0.6251176470588236,0.5637186274509803,5.745098039215686,0.5065359477124183,0.5526261437908496,113.007977124183,242201.60130718953,True
soul,2002,2006,2002_2006,326,0.615680981595092,0.5715579754601227,5.579754601226994,0.5644171779141104,0.5450966257668712,112.65428834355829,237098.0736196319,True
soul,2003,2007,2003_2007,336,0.6129583333333334,0.5786929761904762,5.440476190476191,0.5863095238095238,0.53535,114.23296726190476,236963.14583333334,True
soul,2004,2008,2004_2008,395,0.6002835443037975,0.5829874430379747,5.19746835443038,0.6050632911392405,0.5307881012658228,115.64842531645569,233902.66835443038,True
soul,2005,2009,2005_2009,430,0.5981744186046511,0.5907186976744186,5.337209302325581,0.6209302325581395,0.5204255813953488,115.5835976744186,233220.46279069767,True
soul,2006,2010,2006_2010,454,0.5973127753303965,0.5928428193832599,5.156387665198238,0.6101321585903083,0.5021008810572687,115.47864977973569,234046.15198237885,True
soul,2007,2011,2007_2011,486,0.5930905349794239,0.5925515226337448,5.226337448559671,0.6008230452674898,0.49395102880658437,116.1683559670782,236155.33333333334,True
soul,2008,2012,2008_2012,527,0.5807571157495256,0.5902901328273245,5.2960151802656545,0.5958254269449715,0.4764990512333966,116.24781593927894,235203.45920303607,True
soul,2009,2013,2009_2013,516,0.5789050387596899,0.5904044573643411,5.354651162790698,0.5794573643410853,0.4605701550387597,115.01406976744187,234450.1608527132,True
soul,2010,2014,2010_2014,592,0.56825,0.5781177364864865,5.275337837837838,0.5827702702702703,0.437633277027027,115.76704729729731,238165.4037162162,True
soul,2011,2015,2011_2015,637,0.5733108320251178,0.576895918367347,5.47723704866562,0.5682888540031397,0.43087488226059656,115.50182103610676,238983.39246467818,True
soul,2012,2016,2012_2016,769,0.569923276983095,0.5515771131339402,5.5149544863459035,0.5357607282184655,0.4161423927178154,116.04329258777634,233193.29518855657,True
soul,2013,2017,2013_2017,883,0.5773352208380521,0.5386938844847112,5.454133635334088,0.5300113250283126,0.4138858437146093,116.11289694224234,231135.8006795017,True
soul,2014,2018,2014_2018,1105,0.5845366515837104,0.5454865158371041,5.472398190045249,0.5095022624434389,0.42150615384615386,116.56940271493212,227320.05248868777,True
soul,2015,2019,2015_2019,1070,0.5907542056074766,0.543557691588785,5.489719626168224,0.505607476635514,0.4290533644859813,116.12961588785046,223082.0327102804,True
soundtrack,1965,1969,1965_1969,21,0.49290476190476185,0.49028571428571427,4.9523809523809526,0.8571428571428571,0.5926190476190476,118.43142857142857,161628.90476190476,True
soundtrack,1973,1977,1973_1977,20,0.39657,0.40347,4.05,0.55,0.433605,119.7971,206228.3,True
soundtrack,1974,1978,1974_1978,29,0.46273793103448274,0.42566896551724137,4.482758620689655,0.5862068965517241,0.4880034482758621,121.50313793103447,199980.44827586206,True
soundtrack,1975,1979,1975_1979,30,0.4864466666666667,0.45458,4.5,0.6333333333333333,0.5024033333333333,122.3794,209095.33333333334,True
soundtrack,1976,1980,1976_1980,47,0.4548595744680851,0.513931914893617,4.553191489361702,0.6595744680851063,0.42893191489361704,116.91321276595745,197187.5744680851,True
soundtrack,1977,1981,1977_1981,45,0.47492,0.5163177777777778,4.977777777777778,0.7111111111111111,0.41284,117.34324444444444,202445.0888888889,True
soundtrack,1978,1982,1978_1982,38,0.4901052631578947,0.5231289473684211,5.368421052631579,0.7368421052631579,0.3972921052631579,113.71476315789474,204361.3947368421,True
soundtrack,1979,1983,1979_1983,34,0.4730294117647058,0.5276735294117647,5.323529411764706,0.7058823529411765,0.35816176470588235,110.5540588235294,212567.0294117647,True
soundtrack,1980,1984,1980_1984,37,0.4508378378378379,0.4994837837837837,5.054054054054054,0.6486486486486487,0.3302243243243243,110.8867027027027,212011.27027027027,True
soundtrack,1981,1985,1981_1985,29,0.5480689655172414,0.5300551724137932,5.586206896551724,0.5862068965517241,0.4563310344827586,111.99041379310344,257904.75862068965,True
soundtrack,1982,1986,1982_1986,35,0.5162285714285715,0.5393600000000001,5.171428571428572,0.6571428571428571,0.43440285714285715,106.58325714285715,243678.57142857142,True
soundtrack,1983,1987,1983_1987,42,0.5333333333333333,0.5573833333333333,5.071428571428571,0.5476190476190477,0.49956428571428574,108.7782380952381,229688.95238095237,True
soundtrack,1984,1988,1984_1988,39,0.5377179487179488,0.5584897435897436,4.871794871794871,0.6153846153846154,0.4937769230769231,107.5143076923077,226708.12820512822,True
soundtrack,1985,1989,1985_1989,41,0.5277317073170732,0.5441487804878048,5.195121951219512,0.6341463414634146,0.4754926829268293,108.646,223678.65853658537,True
soundtrack,1986,1990,1986_1990,56,0.4705285714285714,0.37611607142857145,5.571428571428571,0.625,0.3457910714285714,102.97025,218869.0357142857,True
soundtrack,1987,1991,1987_1991,61,0.4388131147540984,0.3257393442622951,5.426229508196721,0.5245901639344263,0.3253245901639344,106.32775409836066,214551.83606557376,True
soundtrack,1988,1992,1988_1992,79,0.3852506329113924,0.2756493670886076,5.113924050632911,0.5949367088607594,0.2376151898734177,102.34367088607594,232511.86075949366,True
soundtrack,1989,1993,1989_1993,95,0.37328210526315786,0.2784747368421052,5.442105263157894,0.5684210526315789,0.23353894736842104,104.99896842105264,231411.67368421052,True
soundtrack,1990,1994,1990_1994,111,0.3695459459459459,0.27698783783783787,5.2342342342342345,0.5855855855855856,0.24038738738738738,103.39045945945946,239358.32432432432,True
soundtrack,1991,1995,1991_1995,114,0.3505912280701754,0.3151434210526316,5.342105263157895,0.6140350877192983,0.25297719298245613,106.0678947368421,246835.83333333334,True
soundtrack,1992,1996,1992_1996,124,0.384108064516129,0.3645060483870968,5.508064516129032,0.6451612903225806,0.2766943548387097,108.18132258064516,261380.46774193548,True
soundtrack,1993,1997,1993_1997,132,0.4009242424242424,0.3894253787878788,5.7727272727272725,0.7045454545454546,0.3201128787878788,111.20752272727273,258507.99242424243,True
soundtrack,1994,1998,1994_1998,128,0.40768671875,0.413430078125,5.40625,0.7265625,0.333809375,111.04746875,263147.8984375,True
soundtrack,1995,1999,1995_1999,135,0.44799333333333335,0.47367777777777775,5.674074074074074,0.725925925925926,0.3698962962962963,113.44094074074074,258005.92592592593,True
soundtrack,1996,2000,1996_2000,140,0.46136214285714283,0.45180978571428576,5.635714285714286,0.6785714285714286,0.34782,113.88296428571428,238250.88571428572,True
soundtrack,1997,2001,1997_2001,213,0.3912845070422535,0.36806436619718313,5.253521126760563,0.6291079812206573,0.2973530516431925,109.89494366197182,223593.779342723,True
soundtrack,1998,2002,1998_2002,242,0.3722247933884298,0.34970830578512396,5.06198347107438,0.5785123966942148,0.26977644628099173,109.03995867768595,218675.69008264464,True
soundtrack,1999,2003,1999_2003,281,0.3762469750889679,0.3608672953736655,5.124555160142349,0.5551601423487544,0.27698256227758006,109.32885765124556,211250.51957295372,True
soundtrack,2000,2004,2000_2004,311,0.36431318327974277,0.34109424437299035,5.022508038585209,0.5562700964630225,0.2669012861736334,108.23033762057878,206014.4469453376,True
soundtrack,2001,2005,2001_2005,333,0.36996816816816813,0.33810666666666667,4.900900900900901,0.5885885885885885,0.27805735735735737,108.1289069069069,205762.76876876876,True
soundtrack,2002,2006,2002_2006,298,0.39688590604026847,0.37354577181208054,4.989932885906041,0.5704697986577181,0.29575134228187916,108.72356711409395,203583.28859060403,True
soundtrack,2003,2007,2003_2007,311,0.419616077170418,0.41035864951768486,4.996784565916399,0.5852090032154341,0.3157620578778135,110.62149839228296,198582.4147909968,True
soundtrack,2004,2008,2004_2008,290,0.4263575862068965,0.4076180689655172,5.0137931034482754,0.6103448275862069,0.3133841379310345,111.12455172413793,201873.37586206896,True
soundtrack,2005,2009,2005_2009,312,0.4414980769230769,0.44954032051282056,4.964743589743589,0.6378205128205128,0.3356157051282051,112.20854166666668,206377.41346153847,True
soundtrack,2006,2010,2006_2010,384,0.43662656250000004,0.4894554427083333,5.002604166666667,0.640625,0.32014322916666665,115.27884635416666,208945.66927083334,True
soundtrack,2007,2011,2007_2011,428,0.43687453271028037,0.4900440420560748,4.759345794392523,0.6939252336448598,0.31108224299065423,115.50828271028037,206708.19859813084,True
soundtrack,2008,2012,2008_2012,443,0.43755575620767495,0.49876408577878106,4.767494356659142,0.6636568848758465,0.3096182844243792,115.91871783295711,208008.54853273137,True
soundtrack,2009,2013,2009_2013,558,0.4175062724014337,0.4525529928315412,4.960573476702509,0.6362007168458781,0.2884010752688172,112.88311290322581,210281.98387096773,True
soundtrack,2010,2014,2010_2014,591,0.40495008460236886,0.42092245346869717,5.094754653130288,0.5989847715736041,0.2631226734348562,112.04228257191201,207688.56175972926,True
soundtrack,2011,2015,2011_2015,567,0.401900176366843,0.41206592592592595,5.116402116402116,0.5537918871252204,0.26026067019400356,110.85909876543211,210371.02116402116,True
soundtrack,2012,2016,2012_2016,604,0.4168341059602649,0.40837650662251657,5.364238410596027,0.5165562913907285,0.28770844370860926,112.17749503311258,198961.59437086093,True
soundtrack,2013,2017,2013_2017,605,0.4136523966942149,0.39064375206611573,5.337190082644628,0.547107438016529,0.28174413223140493,110.66339504132233,197501.3950413223,True
soundtrack,2014,2018,2014_2018,549,0.4287821493624772,0.414681766848816,5.17304189435337,0.5610200364298725,0.28817650273224044,112.27193624772313,193048.0364298725,True
soundtrack,2015,2019,2015_2019,480,0.4337964583333333,0.4223577708333333,5.1125,0.5770833333333333,0.2915227083333333,112.79608125,193769.07708333334,True
synthpop,1975,1979,1975_1979,20,0.61495,0.69795,3.75,0.6,0.5416000000000001,120.63050000000001,281360.6,True
synthpop,1976,1980,1976_1980,20,0.61495,0.69795,3.75,0.6,0.5416000000000001,120.63050000000001,281360.6,True
synthpop,1977,1981,1977_1981,27,0.6253703703703705,0.6588888888888889,4.2592592592592595,0.6666666666666666,0.5623703703703703,122.37748148148148,273872.51851851854,True
synthpop,1978,1982,1978_1982,29,0.6147931034482759,0.6689310344827587,4.379310344827586,0.6551724137931034,0.5427758620689654,121.28889655172415,270287.8620689655,True
synthpop,1979,1983,1979_1983,30,0.6132333333333333,0.6275999999999999,4.733333333333333,0.7666666666666667,0.5768833333333333,121.12989999999999,265944.6,True
synthpop,1980,1984,1980_1984,21,0.6492857142857142,0.5987142857142858,5.571428571428571,0.8571428571428571,0.6359761904761905,120.4145238095238,260135.33333333334,True
synthpop,1981,1985,1981_1985,26,0.659,0.5993076923076923,5.076923076923077,0.8461538461538461,0.6619807692307693,123.2916923076923,255730.34615384616,True
synthpop,1982,1986,1982_1986,35,0.6517142857142857,0.6923142857142858,4.6,0.7428571428571429,0.6265371428571428,123.72185714285715,259018.05714285714,True
synthpop,1983,1987,1983_1987,38,0.6606842105263159,0.7096315789473685,4.315789473684211,0.7631578947368421,0.6625868421052632,123.17894736842106,262156.55263157893,True
synthpop,1984,1988,1984_1988,36,0.6356111111111111,0.7482222222222222,4.138888888888889,0.7222222222222222,0.638425,124.12916666666666,268694.05555555556,True
synthpop,1985,1989,1985_1989,35,0.6281428571428571,0.7264571428571428,4.428571428571429,0.6571428571428571,0.60138,125.52317142857142,271102.9142857143,True
synthpop,1986,1990,1986_1990,44,0.6030909090909091,0.7390454545454546,5.068181818181818,0.5681818181818182,0.5787795454545455,121.49959090909091,281369.29545454547,True
synthpop,1987,1991,1987_1991,38,0.6032368421052631,0.7203684210526317,5.342105263157895,0.6052631578947368,0.5939736842105263,119.3641052631579,296201.1842105263,True
synthpop,1988,1992,1988_1992,35,0.5988857142857142,0.7136285714285714,5.628571428571429,0.5714285714285714,0.5739714285714286,120.90068571428573,295619.5714285714,True
synthpop,1989,1993,1989_1993,37,0.5984324324324324,0.7340810810810812,5.216216216216216,0.6216216216216216,0.6006486486486486,120.32283783783782,279885.5135135135,True
synthpop,1990,1994,1990_1994,36,0.5979444444444444,0.7521944444444445,4.916666666666667,0.6666666666666666,0.6240833333333333,120.10394444444445,274261.25,True
synthpop,1991,1995,1991_1995,28,0.6063928571428571,0.7778571428571429,4.535714285714286,0.8214285714285714,0.68875,122.57807142857143,257414.67857142858,True
synthpop,1992,1996,1992_1996,22,0.5826818181818182,0.8092727272727273,4.5,0.7272727272727273,0.7205909090909091,122.42868181818181,232633.95454545456,True
synthpop,1993,1997,1993_1997,25,0.55908,0.78084,5.24,0.68,0.6812,119.15440000000001,246506.16,True
synthpop,1994,1998,1994_1998,22,0.5678181818181818,0.7413636363636363,5.909090909090909,0.6818181818181818,0.6620909090909092,116.41854545454545,252767.5,True
synthpop,1995,1999,1995_1999,27,0.5676296296296296,0.7661111111111111,4.962962962962963,0.6666666666666666,0.6124814814814814,113.82203703703705,257660.55555555556,True
synthpop,1996,2000,1996_2000,25,0.56804,0.7702800000000001,5.12,0.6,0.55432,114.10204,266462.16,True
synthpop,1997,2001,1997_2001,33,0.5812424242424242,0.7492424242424243,5.454545454545454,0.5757575757575758,0.5738181818181818,118.96787878787879,271577.1212121212,True
synthpop,1998,2002,1998_2002,42,0.6031666666666667,0.7698333333333333,5.476190476190476,0.5476190476190477,0.5715,124.19964285714286,284573.4285714286,True
synthpop,1999,2003,1999_2003,58,0.6144137931034483,0.7690517241379311,5.4655172413793105,0.4827586206896552,0.5779655172413792,129.38605172413793,270187.7586206897,True
synthpop,2000,2004,2000_2004,60,0.61785,0.7632166666666667,6.183333333333334,0.5,0.5832499999999999,132.50806666666668,280511.6666666667,True
synthpop,2001,2005,2001_2005,63,0.6168253968253968,0.7556507936507937,5.920634920634921,0.49206349206349204,0.5686507936507937,132.1926984126984,281689.85714285716,True
synthpop,2002,2006,2002_2006,90,0.5795222222222222,0.7446533333333333,5.622222222222222,0.4888888888888889,0.5154255555555556,129.29616666666666,277885.55555555556,True
synthpop,2003,2007,2003_2007,95,0.5651684210526317,0.7329242105263157,5.7894736842105265,0.45263157894736844,0.5125610526315789,130.87421052631578,267208.7894736842,True
synthpop,2004,2008,2004_2008,103,0.5557766990291262,0.7442019417475728,5.805825242718447,0.4854368932038835,0.49959223300970873,128.3516504854369,266183.1650485437,True
synthpop,2005,2009,2005_2009,160,0.5801999999999999,0.7456765812499999,5.53125,0.46875,0.5209718750000001,124.93870625,254828.0375,True
synthpop,2006,2010,2006_2010,195,0.5884615384615385,0.7461910410256409,5.712820512820513,0.4666666666666667,0.5373717948717949,124.45146666666666,249174.6512820513,True
synthpop,2007,2011,2007_2011,230,0.5845391304347826,0.7512237086956521,5.547826086956522,0.49130434782608695,0.5288213043478261,123.83253478260869,245108.03913043477,True
synthpop,2008,2012,2008_2012,308,0.5848733766233766,0.7541345876623377,5.425324675324675,0.5292207792207793,0.5053996753246753,123.08794155844157,245212.26623376625,True
synthpop,2009,2013,2009_2013,445,0.5768494382022471,0.7412549505617978,5.4584269662921345,0.550561797752809,0.4747458426966292,123.15825617977528,249529.02696629215,True
synthpop,2010,2014,2010_2014,518,0.5741891891891892,0.7249862934362934,5.297297297297297,0.5501930501930502,0.444211583011583,123.46635714285713,252285.40733590734,True
synthpop,2011,2015,2011_2015,645,0.5771054263565891,0.7193300775193798,5.257364341085271,0.5441860465116279,0.43402480620155043,122.17103255813954,250844.7441860465,True
synthpop,2012,2016,2012_2016,771,0.5846329442282749,0.705722308690013,5.2347600518806745,0.5551232166018158,0.4231188067444877,121.55844747081711,248088.81712062258,True
synthpop,2013,2017,2013_2017,867,0.5913598615916954,0.6894335640138408,5.129181084198385,0.5640138408304498,0.42826943483275665,120.76603806228374,246578.34371395616,True
synthpop,2014,2018,2014_2018,974,0.598041067761807,0.6761479466119096,5.075975359342916,0.5605749486652978,0.43262823408624235,120.24429158110883,238595.66529774127,True
synthpop,2015,2019,2015_2019,947,0.6001890179514255,0.6816285110876452,5.0876451953537485,0.5723336853220697,0.4421414994720169,120.13163885955649,235358.08870116156,True
thrash metal,1979,1983,1979_1983,24,0.257625,0.92175,4.416666666666667,0.875,0.2845583333333333,151.98020833333334,275720.0,True
thrash metal,1980,1984,1980_1984,52,0.3062692307692308,0.9224423076923076,4.365384615384615,0.7115384615384616,0.26050769230769233,135.26749999999998,299904.6346153846,True
thrash metal,1981,1985,1981_1985,80,0.2926125,0.9313625,4.925,0.65,0.24678375,131.868875,293433.8,True
thrash metal,1982,1986,1982_1986,131,0.3015801526717557,0.9253129770992365,5.175572519083969,0.6183206106870229,0.24773969465648854,128.1517938931298,292848.5496183206,True
thrash metal,1983,1987,1983_1987,155,0.3013096774193549,0.9177225806451612,5.193548387096774,0.6,0.25415290322580647,127.84643225806451,292458.8193548387,True
thrash metal,1984,1988,1984_1988,175,0.32493714285714287,0.9093314285714287,5.577142857142857,0.5542857142857143,0.2838131428571428,120.97380000000001,295026.6857142857,True
thrash metal,1985,1989,1985_1989,196,0.3183877551020408,0.9141632653061224,5.913265306122449,0.5102040816326531,0.2839979591836735,121.85228571428571,281229.5306122449,True
thrash metal,1986,1990,1986_1990,209,0.3359282296650718,0.9062870813397128,5.942583732057416,0.5311004784688995,0.3027014354066986,121.0797894736842,280159.6937799043,True
thrash metal,1987,1991,1987_1991,193,0.3614559585492228,0.8943523316062175,6.227979274611399,0.5544041450777202,0.3340849740932642,119.03975129533679,276227.0,True
thrash metal,1988,1992,1988_1992,195,0.3774717948717949,0.8937897435897435,6.143589743589744,0.5538461538461539,0.3590851282051282,118.26095897435897,275692.0307692308,True
thrash metal,1989,1993,1989_1993,170,0.3782705882352941,0.8952588235294117,5.958823529411765,0.5647058823529412,0.3369917647058824,119.48441176470587,271254.4705882353,True
thrash metal,1990,1994,1990_1994,147,0.4035238095238095,0.8800408163265305,5.707482993197279,0.6258503401360545,0.3717095238095238,120.24606802721088,273679.67346938775,True
thrash metal,1991,1995,1991_1995,113,0.41882300884955753,0.8725663716814159,5.619469026548672,0.6106194690265486,0.3980442477876106,121.06956637168142,269408.5575221239,True
thrash metal,1992,1996,1992_1996,121,0.39745454545454545,0.8793719008264462,5.264462809917355,0.6033057851239669,0.36738429752066115,125.38461157024794,270374.6033057851,True
thrash metal,1993,1997,1993_1997,115,0.4021304347826087,0.8851304347826088,5.4,0.6434782608695652,0.3574391304347826,126.6514,273288.64347826084,True
thrash metal,1994,1998,1994_1998,110,0.4081909090909091,0.8919727272727274,5.390909090909091,0.6272727272727273,0.38392272727272725,126.71321818181818,274272.5272727273,True
thrash metal,1995,1999,1995_1999,98,0.40614285714285714,0.8992448979591837,5.285714285714286,0.6428571428571429,0.3652183673469388,124.10901020408163,286276.4081632653,True
thrash metal,1996,2000,1996_2000,107,0.40941121495327104,0.9103831775700935,5.168224299065421,0.6728971962616822,0.34791028037383176,121.69386915887851,289562.57009345794,True
thrash metal,1997,2001,1997_2001,87,0.4083793103448276,0.9318850574712644,4.862068965517241,0.6436781609195402,0.3436344827586207,119.89452873563219,285337.1494252874,True
thrash metal,1998,2002,1998_2002,69,0.3873333333333333,0.9378985507246377,4.753623188405797,0.6376811594202898,0.3079304347826087,118.2351884057971,278874.97101449274,True
thrash metal,1999,2003,1999_2003,82,0.37721951219512195,0.9230487804878048,4.829268292682927,0.6341463414634146,0.28604756097560974,121.79465853658537,291925.39024390245,True
thrash metal,2000,2004,2000_2004,87,0.38770114942528733,0.9247241379310344,5.275862068965517,0.632183908045977,0.31250574712643675,120.99910344827586,275231.632183908,True
thrash metal,2001,2005,2001_2005,95,0.3893368421052632,0.9192210526315788,5.2631578947368425,0.6,0.3246936842105263,124.21207368421054,276444.2631578947,True
thrash metal,2002,2006,2002_2006,101,0.4047623762376238,0.9264752475247524,5.227722772277228,0.6039603960396039,0.3109752475247525,122.2358217821782,270606.8118811881,True
thrash metal,2003,2007,2003_2007,131,0.3951374045801527,0.9358778625954198,5.3816793893129775,0.6106870229007634,0.2984381679389313,125.06538167938932,276678.7099236641,True
thrash metal,2004,2008,2004_2008,143,0.38708391608391607,0.949972027972028,5.699300699300699,0.6013986013986014,0.3194678321678322,126.69540559440559,279307.4755244755,True
thrash metal,2005,2009,2005_2009,156,0.3798076923076923,0.9547628205128204,5.653846153846154,0.5833333333333334,0.30296217948717946,126.88732051282051,275302.17307692306,True
thrash metal,2006,2010,2006_2010,137,0.3708102189781022,0.9555620437956205,5.671532846715328,0.5912408759124088,0.2894175182481752,126.57989781021898,273517.12408759125,True
thrash metal,2007,2011,2007_2011,144,0.36811805555555555,0.950326388888889,6.013888888888889,0.5833333333333334,0.3141527777777778,129.31257638888889,282933.99305555556,True
thrash metal,2008,2012,2008_2012,119,0.37546218487394956,0.9490168067226891,5.915966386554622,0.5714285714285714,0.3276268907563025,129.32894957983194,281358.14285714284,True
thrash metal,2009,2013,2009_2013,103,0.3936504854368932,0.9428252427184466,5.368932038834951,0.5631067961165048,0.3137611650485437,128.48293203883495,257683.46601941748,True
thrash metal,2010,2014,2010_2014,85,0.3915411764705882,0.9351882352941177,5.235294117647059,0.5764705882352941,0.3276529411764706,131.8310705882353,267351.5176470588,True
thrash metal,2011,2015,2011_2015,106,0.3847933962264151,0.9364528301886792,5.1415094339622645,0.5471698113207547,0.3209,129.8111603773585,261777.84905660377,True
thrash metal,2012,2016,2012_2016,118,0.3676449152542373,0.9504830508474575,5.008474576271187,0.5508474576271186,0.2927127118644068,128.5137033898305,282077.72033898305,True
thrash metal,2013,2017,2013_2017,158,0.3596715189873418,0.9414556962025317,5.39873417721519,0.5569620253164557,0.28999240506329116,125.33501265822785,272035.7594936709,True
thrash metal,2014,2018,2014_2018,200,0.3560305,0.94233,5.51,0.59,0.27096,125.2836,278736.21,True
thrash metal,2015,2019,2015_2019,212,0.3534768867924528,0.9424716981132075,5.330188679245283,0.5801886792452831,0.26042830188679245,126.54036320754717,281123.1603773585,True
