genre,window_start,window_end,window_label,n_tracks,major_share
alternative rock,1979,1983,1979_1983,30,0.7333333333333333
alternative rock,1980,1984,1980_1984,44,0.7045454545454546
alternative rock,1981,1985,1981_1985,55,0.7090909090909091
alternative rock,1982,1986,1982_1986,60,0.7333333333333333
alternative rock,1983,1987,1983_1987,79,0.6835443037974683
alternative rock,1984,1988,1984_1988,66,0.7121212121212122
alternative rock,1985,1989,1985_1989,64,0.703125
alternative rock,1986,1990,1986_1990,76,0.6973684210526315
alternative rock,1987,1991,1987_1991,125,0.72
alternative rock,1988,1992,1988_1992,140,0.7714285714285715
alternative rock,1989,1993,1989_1993,175,0.7771428571428571
alternative rock,1990,1994,1990_1994,222,0.7792792792792793
alternative rock,1991,1995,1991_1995,279,0.7813620071684588
alternative rock,1992,1996,1992_1996,307,0.7719869706840391
alternative rock,1993,1997,1993_1997,336,0.7678571428571429
alternative rock,1994,1998,1994_1998,389,0.7352185089974294
alternative rock,1995,1999,1995_1999,426,0.704225352112676
alternative rock,1996,2000,1996_2000,455,0.6879120879120879
alternative rock,1997,2001,1997_2001,479,0.6743215031315241
alternative rock,1998,2002,1998_2002,503,0.6640159045725647
alternative rock,1999,2003,1999_2003,528,0.6496212121212122
alternative rock,2000,2004,2000_2004,518,0.6428571428571429
alternative rock,2001,2005,2001_2005,551,0.631578947368421
alternative rock,2002,2006,2002_2006,602,0.6112956810631229
alternative rock,2003,2007,2003_2007,656,0.6219512195121951
alternative rock,2004,2008,2004_2008,653,0.6385911179173047
alternative rock,2005,2009,2005_2009,741,0.650472334682861
alternative rock,2006,2010,2006_2010,717,0.6596931659693166
alternative rock,2007,2011,2007_2011,738,0.6666666666666666
alternative rock,2008,2012,2008_2012,757,0.6393659180977543
alternative rock,2009,2013,2009_2013,793,0.6330390920554855
alternative rock,2010,2014,2010_2014,751,0.6324900133155792
alternative rock,2011,2015,2011_2015,769,0.6176853055916776
alternative rock,2012,2016,2012_2016,684,0.6111111111111112
alternative rock,2013,2017,2013_2017,678,0.6032448377581121
alternative rock,2014,2018,2014_2018,682,0.5821114369501467
alternative rock,2015,2019,2015_2019,605,0.5702479338842975
ambient,1971,1975,1971_1975,20,0.65
ambient,1972,1976,1972_1976,22,0.6363636363636364
ambient,1973,1977,1973_1977,35,0.6285714285714286
ambient,1974,1978,1974_1978,36,0.6388888888888888
ambient,1975,1979,1975_1979,34,0.6176470588235294
ambient,1976,1980,1976_1980,25,0.56
ambient,1977,1981,1977_1981,23,0.6086956521739131
ambient,1980,1984,1980_1984,28,0.75
ambient,1981,1985,1981_1985,31,0.7741935483870968
ambient,1982,1986,1982_1986,34,0.7352941176470589
ambient,1983,1987,1983_1987,43,0.5813953488372093
ambient,1984,1988,1984_1988,51,0.5490196078431373
ambient,1985,1989,1985_1989,35,0.5142857142857142
ambient,1986,1990,1986_1990,48,0.4791666666666667
ambient,1987,1991,1987_1991,64,0.59375
ambient,1988,1992,1988_1992,67,0.5970149253731343
ambient,1989,1993,1989_1993,88,0.6477272727272727
ambient,1990,1994,1990_1994,123,0.5853658536585366
ambient,1991,1995,1991_1995,143,0.6293706293706294
ambient,1992,1996,1992_1996,159,0.559748427672956
ambient,1993,1997,1993_1997,159,0.5471698113207547
ambient,1994,1998,1994_1998,165,0.4909090909090909
ambient,1995,1999,1995_1999,179,0.5418994413407822
ambient,1996,2000,1996_2000,184,0.5163043478260869
ambient,1997,2001,1997_2001,218,0.5229357798165137
ambient,1998,2002,1998_2002,277,0.5595667870036101
ambient,1999,2003,1999_2003,296,0.5878378378378378
ambient,2000,2004,2000_2004,297,0.569023569023569
ambient,2001,2005,2001_2005,370,0.5837837837837838
ambient,2002,2006,2002_2006,393,0.5776081424936387
ambient,2003,2007,2003_2007,419,0.5966587112171837
ambient,2004,2008,2004_2008,428,0.5911214953271028
ambient,2005,2009,2005_2009,480,0.5770833333333333
ambient,2006,2010,2006_2010,455,0.5626373626373626
ambient,2007,2011,2007_2011,546,0.5860805860805861
ambient,2008,2012,2008_2012,552,0.5507246376811594
ambient,2009,2013,2009_2013,662,0.5438066465256798
ambient,2010,2014,2010_2014,716,0.5670391061452514
ambient,2011,2015,2011_2015,742,0.568733153638814
ambient,2012,2016,2012_2016,720,0.5722222222222222
ambient,2013,2017,2013_2017,778,0.5732647814910026
ambient,2014,2018,2014_2018,827,0.5755743651753326
ambient,2015,2019,2015_2019,734,0.555858310626703
black metal,1980,1984,1980_1984,20,0.65
black metal,1981,1985,1981_1985,24,0.6666666666666666
black metal,1982,1986,1982_1986,21,0.6666666666666666
black metal,1983,1987,1983_1987,32,0.65625
black metal,1984,1988,1984_1988,31,0.6451612903225806
black metal,1985,1989,1985_1989,20,0.75
black metal,1986,1990,1986_1990,22,0.7272727272727273
black metal,1987,1991,1987_1991,31,0.7096774193548387
black metal,1988,1992,1988_1992,31,0.7096774193548387
black metal,1989,1993,1989_1993,81,0.6666666666666666
black metal,1990,1994,1990_1994,137,0.6058394160583942
black metal,1991,1995,1991_1995,155,0.5548387096774193
black metal,1992,1996,1992_1996,170,0.5352941176470588
black metal,1993,1997,1993_1997,180,0.48333333333333334
black metal,1994,1998,1994_1998,139,0.4244604316546763
black metal,1995,1999,1995_1999,113,0.415929203539823
black metal,1996,2000,1996_2000,104,0.4326923076923077
black metal,1997,2001,1997_2001,112,0.42857142857142855
black metal,1998,2002,1998_2002,114,0.47368421052631576
black metal,1999,2003,1999_2003,134,0.5
black metal,2000,2004,2000_2004,147,0.5170068027210885
black metal,2001,2005,2001_2005,157,0.5414012738853503
black metal,2002,2006,2002_2006,171,0.5380116959064327
black metal,2003,2007,2003_2007,201,0.5522388059701493
black metal,2004,2008,2004_2008,209,0.5598086124401914
black metal,2005,2009,2005_2009,239,0.5690376569037657
black metal,2006,2010,2006_2010,283,0.558303886925795
black metal,2007,2011,2007_2011,278,0.5719424460431655
black metal,2008,2012,2008_2012,272,0.5772058823529411
black metal,2009,2013,2009_2013,305,0.5704918032786885
black metal,2010,2014,2010_2014,259,0.5714285714285714
black metal,2011,2015,2011_2015,229,0.5720524017467249
black metal,2012,2016,2012_2016,284,0.5880281690140845
black metal,2013,2017,2013_2017,281,0.5765124555160143
black metal,2014,2018,2014_2018,335,0.5970149253731343
black metal,2015,2019,2015_2019,337,0.6053412462908012
blues,1955,1959,1955_1959,43,0.7906976744186046
blues,1956,1960,1956_1960,53,0.7358490566037735
blues,1957,1961,1957_1961,47,0.723404255319149
blues,1958,1962,1958_1962,40,0.7
blues,1959,1963,1959_1963,29,0.6896551724137931
blues,1960,1964,1960_1964,36,0.6666666666666666
blues,1961,1965,1961_1965,55,0.7272727272727273
blues,1962,1966,1962_1966,67,0.7611940298507462
blues,1963,1967,1963_1967,86,0.7674418604651163
blues,1964,1968,1964_1968,109,0.7155963302752294
blues,1965,1969,1965_1969,123,0.6991869918699187
blues,1966,1970,1966_1970,121,0.71900826446281
blues,1967,1971,1967_1971,149,0.7114093959731543
blues,1968,1972,1968_1972,137,0.7299270072992701
blues,1969,1973,1969_1973,146,0.7876712328767124
blues,1970,1974,1970_1974,142,0.8028169014084507
blues,1971,1975,1971_1975,126,0.7857142857142857
blues,1972,1976,1972_1976,103,0.7766990291262136
blues,1973,1977,1973_1977,106,0.7830188679245284
blues,1974,1978,1974_1978,82,0.7439024390243902
blues,1975,1979,1975_1979,69,0.6956521739130435
blues,1976,1980,1976_1980,66,0.7121212121212122
blues,1977,1981,1977_1981,47,0.7021276595744681
blues,1978,1982,1978_1982,34,0.6176470588235294
blues,1979,1983,1979_1983,29,0.6206896551724138
blues,1980,1984,1980_1984,25,0.68
blues,1981,1985,1981_1985,32,0.65625
blues,1982,1986,1982_1986,38,0.631578947368421
blues,1983,1987,1983_1987,50,0.58
blues,1984,1988,1984_1988,48,0.5833333333333334
blues,1985,1989,1985_1989,58,0.6379310344827587
blues,1986,1990,1986_1990,54,0.6296296296296297
blues,1987,1991,1987_1991,52,0.6346153846153846
blues,1988,1992,1988_1992,68,0.6176470588235294
blues,1989,1993,1989_1993,75,0.64
blues,1990,1994,1990_1994,71,0.6338028169014085
blues,1991,1995,1991_1995,74,0.6621621621621622
blues,1992,1996,1992_1996,77,0.6883116883116883
blues,1993,1997,1993_1997,65,0.676923076923077
blues,1994,1998,1994_1998,59,0.6779661016949152
blues,1995,1999,1995_1999,67,0.7164179104477612
blues,1996,2000,1996_2000,66,0.6363636363636364
blues,1997,2001,1997_2001,69,0.6666666666666666
blues,1998,2002,1998_2002,95,0.7263157894736842
blues,1999,2003,1999_2003,102,0.7352941176470589
blues,2000,2004,2000_2004,106,0.6886792452830188
blues,2001,2005,2001_2005,111,0.7477477477477478
blues,2002,2006,2002_2006,129,0.7054263565891473
blues,2003,2007,2003_2007,114,0.7192982456140351
blues,2004,2008,2004_2008,115,0.6956521739130435
blues,2005,2009,2005_2009,110,0.7
blues,2006,2010,2006_2010,113,0.6902654867256637
blues,2007,2011,2007_2011,119,0.680672268907563
blues,2008,2012,2008_2012,117,0.6666666666666666
blues,2009,2013,2009_2013,124,0.6290322580645161
blues,2010,2014,2010_2014,134,0.6194029850746269
blues,2011,2015,2011_2015,148,0.6148648648648649
blues,2012,2016,2012_2016,167,0.6167664670658682
blues,2013,2017,2013_2017,178,0.601123595505618
blues,2014,2018,2014_2018,251,0.6175298804780877
blues,2015,2019,2015_2019,276,0.6268115942028986
bossa nova,1960,1964,1960_1964,20,0.35
bossa nova,1961,1965,1961_1965,31,0.3225806451612903
bossa nova,1962,1966,1962_1966,36,0.3611111111111111
bossa nova,1963,1967,1963_1967,47,0.44680851063829785
bossa nova,1964,1968,1964_1968,45,0.4666666666666667
bossa nova,1965,1969,1965_1969,47,0.425531914893617
bossa nova,1966,1970,1966_1970,43,0.5116279069767442
bossa nova,1967,1971,1967_1971,50,0.5
bossa nova,1968,1972,1968_1972,44,0.45454545454545453
bossa nova,1969,1973,1969_1973,46,0.5434782608695652
bossa nova,1970,1974,1970_1974,47,0.6382978723404256
bossa nova,1971,1975,1971_1975,46,0.6739130434782609
bossa nova,1972,1976,1972_1976,38,0.7105263157894737
bossa nova,1973,1977,1973_1977,34,0.7941176470588235
bossa nova,1974,1978,1974_1978,35,0.6571428571428571
bossa nova,1975,1979,1975_1979,28,0.6071428571428571
bossa nova,1976,1980,1976_1980,26,0.46153846153846156
bossa nova,1977,1981,1977_1981,28,0.5
bossa nova,1978,1982,1978_1982,27,0.48148148148148145
bossa nova,1979,1983,1979_1983,27,0.5555555555555556
bossa nova,1980,1984,1980_1984,26,0.5384615384615384
bossa nova,1981,1985,1981_1985,23,0.6086956521739131
bossa nova,1982,1986,1982_1986,21,0.6190476190476191
bossa nova,1983,1987,1983_1987,21,0.5714285714285714
bossa nova,1986,1990,1986_1990,22,0.6818181818181818
bossa nova,1987,1991,1987_1991,22,0.7272727272727273
bossa nova,1988,1992,1988_1992,21,0.7619047619047619
bossa nova,1989,1993,1989_1993,20,0.7
bossa nova,1990,1994,1990_1994,22,0.7272727272727273
bossa nova,1991,1995,1991_1995,20,0.8
bossa nova,1992,1996,1992_1996,20,0.65
bossa nova,1993,1997,1993_1997,23,0.5652173913043478
bossa nova,1994,1998,1994_1998,25,0.64
bossa nova,1995,1999,1995_1999,25,0.56
bossa nova,1996,2000,1996_2000,32,0.5625
bossa nova,1997,2001,1997_2001,31,0.5806451612903226
bossa nova,1998,2002,1998_2002,36,0.5
bossa nova,1999,2003,1999_2003,40,0.425
bossa nova,2000,2004,2000_2004,48,0.4791666666666667
bossa nova,2001,2005,2001_2005,53,0.4716981132075472
bossa nova,2002,2006,2002_2006,74,0.5135135135135135
bossa nova,2003,2007,2003_2007,80,0.575
bossa nova,2004,2008,2004_2008,84,0.5833333333333334
bossa nova,2005,2009,2005_2009,81,0.5925925925925926
bossa nova,2006,2010,2006_2010,72,0.625
bossa nova,2007,2011,2007_2011,61,0.6229508196721312
bossa nova,2008,2012,2008_2012,49,0.5714285714285714
bossa nova,2009,2013,2009_2013,56,0.5714285714285714
bossa nova,2010,2014,2010_2014,72,0.5833333333333334
bossa nova,2011,2015,2011_2015,82,0.573170731707317
bossa nova,2012,2016,2012_2016,97,0.6391752577319587
bossa nova,2013,2017,2013_2017,103,0.6699029126213593
bossa nova,2014,2018,2014_2018,101,0.693069306930693
bossa nova,2015,2019,2015_2019,80,0.7125
brazilian rock,1982,1986,1982_1986,23,0.6521739130434783
brazilian rock,1983,1987,1983_1987,31,0.6451612903225806
brazilian rock,1984,1988,1984_1988,32,0.65625
brazilian rock,1985,1989,1985_1989,34,0.6764705882352942
brazilian rock,1986,1990,1986_1990,35,0.7428571428571429
brazilian rock,1987,1991,1987_1991,34,0.7647058823529411
brazilian rock,1988,1992,1988_1992,28,0.8214285714285714
brazilian rock,1989,1993,1989_1993,28,0.7857142857142857
brazilian rock,1990,1994,1990_1994,22,0.7727272727272727
brazilian rock,1991,1995,1991_1995,25,0.8
brazilian rock,1992,1996,1992_1996,25,0.76
brazilian rock,1993,1997,1993_1997,40,0.825
brazilian rock,1994,1998,1994_1998,45,0.8666666666666667
brazilian rock,1995,1999,1995_1999,51,0.8627450980392157
brazilian rock,1996,2000,1996_2000,48,0.8958333333333334
brazilian rock,1997,2001,1997_2001,47,0.8723404255319149
brazilian rock,1998,2002,1998_2002,35,0.8285714285714286
brazilian rock,1999,2003,1999_2003,36,0.75
brazilian rock,2000,2004,2000_2004,40,0.8
brazilian rock,2001,2005,2001_2005,49,0.673469387755102
brazilian rock,2002,2006,2002_2006,53,0.6981132075471698
brazilian rock,2003,2007,2003_2007,58,0.6724137931034483
brazilian rock,2004,2008,2004_2008,58,0.6724137931034483
brazilian rock,2005,2009,2005_2009,60,0.6166666666666667
brazilian rock,2006,2010,2006_2010,53,0.6226415094339622
brazilian rock,2007,2011,2007_2011,59,0.6271186440677966
brazilian rock,2008,2012,2008_2012,71,0.647887323943662
brazilian rock,2009,2013,2009_2013,78,0.6410256410256411
brazilian rock,2010,2014,2010_2014,82,0.6829268292682927
brazilian rock,2011,2015,2011_2015,93,0.6989247311827957
brazilian rock,2012,2016,2012_2016,86,0.686046511627907
brazilian rock,2013,2017,2013_2017,76,0.6842105263157895
brazilian rock,2014,2018,2014_2018,66,0.696969696969697
brazilian rock,2015,2019,2015_2019,49,0.6530612244897959
classic rock,1955,1959,1955_1959,26,0.9230769230769231
classic rock,1956,1960,1956_1960,28,0.9285714285714286
classic rock,1957,1961,1957_1961,26,0.8846153846153846
classic rock,1958,1962,1958_1962,32,0.9375
classic rock,1959,1963,1959_1963,48,0.9166666666666666
classic rock,1960,1964,1960_1964,83,0.8554216867469879
classic rock,1961,1965,1961_1965,188,0.824468085106383
classic rock,1962,1966,1962_1966,272,0.8014705882352942
classic rock,1963,1967,1963_1967,358,0.8044692737430168
classic rock,1964,1968,1964_1968,448,0.8080357142857143
classic rock,1965,1969,1965_1969,491,0.8024439918533605
classic rock,1966,1970,1966_1970,535,0.822429906542056
classic rock,1967,1971,1967_1971,521,0.8445297504798465
classic rock,1968,1972,1968_1972,508,0.8582677165354331
classic rock,1969,1973,1969_1973,506,0.8458498023715415
classic rock,1970,1974,1970_1974,474,0.8523206751054853
classic rock,1971,1975,1971_1975,397,0.8337531486146096
classic rock,1972,1976,1972_1976,381,0.8083989501312336
classic rock,1973,1977,1973_1977,364,0.782967032967033
classic rock,1974,1978,1974_1978,308,0.7792207792207793
classic rock,1975,1979,1975_1979,291,0.7560137457044673
classic rock,1976,1980,1976_1980,265,0.7509433962264151
classic rock,1977,1981,1977_1981,239,0.7531380753138075
classic rock,1978,1982,1978_1982,214,0.7336448598130841
classic rock,1979,1983,1979_1983,182,0.7362637362637363
classic rock,1980,1984,1980_1984,182,0.7747252747252747
classic rock,1981,1985,1981_1985,175,0.7428571428571429
classic rock,1982,1986,1982_1986,172,0.7441860465116279
classic rock,1983,1987,1983_1987,172,0.7674418604651163
classic rock,1984,1988,1984_1988,179,0.7877094972067039
classic rock,1985,1989,1985_1989,175,0.7657142857142857
classic rock,1986,1990,1986_1990,147,0.8095238095238095
classic rock,1987,1991,1987_1991,143,0.7902097902097902
classic rock,1988,1992,1988_1992,108,0.7777777777777778
classic rock,1989,1993,1989_1993,87,0.7241379310344828
classic rock,1990,1994,1990_1994,63,0.7777777777777778
classic rock,1991,1995,1991_1995,66,0.7575757575757576
classic rock,1992,1996,1992_1996,51,0.8235294117647058
classic rock,1993,1997,1993_1997,65,0.7846153846153846
classic rock,1994,1998,1994_1998,67,0.8208955223880597
classic rock,1995,1999,1995_1999,67,0.8059701492537313
classic rock,1996,2000,1996_2000,69,0.7536231884057971
classic rock,1997,2001,1997_2001,71,0.7183098591549296
classic rock,1998,2002,1998_2002,81,0.7037037037037037
classic rock,1999,2003,1999_2003,90,0.6666666666666666
classic rock,2000,2004,2000_2004,100,0.68
classic rock,2001,2005,2001_2005,100,0.72
classic rock,2002,2006,2002_2006,101,0.7623762376237624
classic rock,2003,2007,2003_2007,92,0.7717391304347826
classic rock,2004,2008,2004_2008,82,0.8048780487804879
classic rock,2005,2009,2005_2009,83,0.7951807228915663
classic rock,2006,2010,2006_2010,81,0.7901234567901234
classic rock,2007,2011,2007_2011,76,0.7631578947368421
classic rock,2008,2012,2008_2012,66,0.8181818181818182
classic rock,2009,2013,2009_2013,63,0.8095238095238095
classic rock,2010,2014,2010_2014,68,0.8088235294117647
classic rock,2011,2015,2011_2015,65,0.8461538461538461
classic rock,2012,2016,2012_2016,73,0.863013698630137
classic rock,2013,2017,2013_2017,79,0.8481012658227848
classic rock,2014,2018,2014_2018,108,0.8240740740740741
classic rock,2015,2019,2015_2019,118,0.864406779661017
country,1955,1959,1955_1959,23,0.9565217391304348
country,1956,1960,1956_1960,30,0.9666666666666667
country,1957,1961,1957_1961,36,0.9444444444444444
country,1958,1962,1958_1962,38,0.9473684210526315
country,1959,1963,1959_1963,37,0.9459459459459459
country,1960,1964,1960_1964,25,0.96
country,1961,1965,1961_1965,20,0.95
country,1964,1968,1964_1968,24,1.0
country,1965,1969,1965_1969,32,1.0
country,1966,1970,1966_1970,43,0.9767441860465116
country,1967,1971,1967_1971,52,0.9807692307692307
country,1968,1972,1968_1972,65,0.9538461538461539
country,1969,1973,1969_1973,61,0.9344262295081968
country,1970,1974,1970_1974,67,0.9104477611940298
country,1971,1975,1971_1975,65,0.9076923076923077
country,1972,1976,1972_1976,61,0.9016393442622951
country,1973,1977,1973_1977,52,0.8846153846153846
country,1974,1978,1974_1978,51,0.9019607843137255
country,1975,1979,1975_1979,41,0.9024390243902439
country,1976,1980,1976_1980,32,0.90625
country,1977,1981,1977_1981,27,0.8518518518518519
country,1978,1982,1978_1982,21,0.9047619047619048
country,1985,1989,1985_1989,20,0.95
country,1986,1990,1986_1990,24,0.9583333333333334
country,1987,1991,1987_1991,37,0.918918918918919
country,1988,1992,1988_1992,37,0.918918918918919
country,1989,1993,1989_1993,46,0.9347826086956522
country,1990,1994,1990_1994,50,0.92
country,1991,1995,1991_1995,69,0.8985507246376812
country,1992,1996,1992_1996,80,0.8875
country,1993,1997,1993_1997,105,0.9047619047619048
country,1994,1998,1994_1998,114,0.9035087719298246
country,1995,1999,1995_1999,120,0.9166666666666666
country,1996,2000,1996_2000,122,0.9180327868852459
country,1997,2001,1997_2001,114,0.9210526315789473
country,1998,2002,1998_2002,136,0.8823529411764706
country,1999,2003,1999_2003,129,0.8837209302325582
country,2000,2004,2000_2004,133,0.8646616541353384
country,2001,2005,2001_2005,147,0.8707482993197279
country,2002,2006,2002_2006,180,0.8888888888888888
country,2003,2007,2003_2007,174,0.896551724137931
country,2004,2008,2004_2008,208,0.9086538461538461
country,2005,2009,2005_2009,234,0.9145299145299145
country,2006,2010,2006_2010,269,0.9219330855018587
country,2007,2011,2007_2011,275,0.9127272727272727
country,2008,2012,2008_2012,299,0.919732441471572
country,2009,2013,2009_2013,325,0.9046153846153846
country,2010,2014,2010_2014,363,0.8953168044077136
country,2011,2015,2011_2015,352,0.8806818181818182
country,2012,2016,2012_2016,367,0.8719346049046321
country,2013,2017,2013_2017,394,0.8553299492385786
country,2014,2018,2014_2018,461,0.824295010845987
country,2015,2019,2015_2019,435,0.8022988505747126
death metal,1983,1987,1983_1987,20,0.8
death metal,1984,1988,1984_1988,21,0.8095238095238095
death metal,1985,1989,1985_1989,40,0.725
death metal,1986,1990,1986_1990,68,0.7058823529411765
death metal,1987,1991,1987_1991,120,0.725
death metal,1988,1992,1988_1992,134,0.6940298507462687
death metal,1989,1993,1989_1993,156,0.6987179487179487
death metal,1990,1994,1990_1994,167,0.7065868263473054
death metal,1991,1995,1991_1995,171,0.6842105263157895
death metal,1992,1996,1992_1996,142,0.647887323943662
death metal,1993,1997,1993_1997,130,0.6384615384615384
death metal,1994,1998,1994_1998,147,0.5986394557823129
death metal,1995,1999,1995_1999,131,0.5954198473282443
death metal,1996,2000,1996_2000,123,0.6016260162601627
death metal,1997,2001,1997_2001,111,0.5945945945945946
death metal,1998,2002,1998_2002,144,0.5486111111111112
death metal,1999,2003,1999_2003,157,0.5987261146496815
death metal,2000,2004,2000_2004,181,0.580110497237569
death metal,2001,2005,2001_2005,202,0.594059405940594
death metal,2002,2006,2002_2006,242,0.6322314049586777
death metal,2003,2007,2003_2007,229,0.6724890829694323
death metal,2004,2008,2004_2008,212,0.6698113207547169
death metal,2005,2009,2005_2009,228,0.6447368421052632
death metal,2006,2010,2006_2010,199,0.6381909547738693
death metal,2007,2011,2007_2011,173,0.6127167630057804
death metal,2008,2012,2008_2012,188,0.6117021276595744
death metal,2009,2013,2009_2013,207,0.5990338164251208
death metal,2010,2014,2010_2014,201,0.6069651741293532
death metal,2011,2015,2011_2015,219,0.6118721461187214
death metal,2012,2016,2012_2016,234,0.6068376068376068
death metal,2013,2017,2013_2017,295,0.6474576271186441
death metal,2014,2018,2014_2018,370,0.6459459459459459
death metal,2015,2019,2015_2019,355,0.6366197183098592
disco,1970,1974,1970_1974,20,0.75
disco,1971,1975,1971_1975,31,0.6774193548387096
disco,1972,1976,1972_1976,52,0.6153846153846154
disco,1973,1977,1973_1977,90,0.5888888888888889
disco,1974,1978,1974_1978,113,0.5929203539823009
disco,1975,1979,1975_1979,157,0.5987261146496815
disco,1976,1980,1976_1980,172,0.6046511627906976
disco,1977,1981,1977_1981,169,0.591715976331361
disco,1978,1982,1978_1982,146,0.5821917808219178
disco,1979,1983,1979_1983,123,0.5609756097560976
disco,1980,1984,1980_1984,77,0.4935064935064935
disco,1981,1985,1981_1985,64,0.4375
disco,1982,1986,1982_1986,52,0.46153846153846156
disco,1983,1987,1983_1987,41,0.4634146341463415
disco,1984,1988,1984_1988,41,0.5121951219512195
disco,1985,1989,1985_1989,37,0.4864864864864865
disco,1986,1990,1986_1990,27,0.4444444444444444
disco,1987,1991,1987_1991,26,0.4230769230769231
disco,1988,1992,1988_1992,26,0.46153846153846156
disco,1989,1993,1989_1993,28,0.4642857142857143
disco,1990,1994,1990_1994,33,0.42424242424242425
disco,1991,1995,1991_1995,37,0.5405405405405406
disco,1992,1996,1992_1996,38,0.5263157894736842
disco,1993,1997,1993_1997,40,0.5
disco,1994,1998,1994_1998,41,0.4878048780487805
disco,1995,1999,1995_1999,42,0.5714285714285714
disco,1996,2000,1996_2000,49,0.4489795918367347
disco,1997,2001,1997_2001,55,0.43636363636363634
disco,1998,2002,1998_2002,49,0.46938775510204084
disco,1999,2003,1999_2003,48,0.4583333333333333
disco,2000,2004,2000_2004,56,0.375
disco,2001,2005,2001_2005,53,0.37735849056603776
disco,2002,2006,2002_2006,48,0.3958333333333333
disco,2003,2007,2003_2007,64,0.390625
disco,2004,2008,2004_2008,78,0.38461538461538464
disco,2005,2009,2005_2009,73,0.4246575342465753
disco,2006,2010,2006_2010,89,0.47191011235955055
disco,2007,2011,2007_2011,103,0.4854368932038835
disco,2008,2012,2008_2012,114,0.4824561403508772
disco,2009,2013,2009_2013,115,0.4782608695652174
disco,2010,2014,2010_2014,135,0.4740740740740741
disco,2011,2015,2011_2015,125,0.44
disco,2012,2016,2012_2016,129,0.4186046511627907
disco,2013,2017,2013_2017,124,0.43548387096774194
disco,2014,2018,2014_2018,128,0.4375
disco,2015,2019,2015_2019,114,0.43859649122807015
doom metal,1983,1987,1983_1987,21,0.8571428571428571
doom metal,1984,1988,1984_1988,21,0.8095238095238095
doom metal,1985,1989,1985_1989,21,0.7142857142857143
doom metal,1986,1990,1986_1990,25,0.76
doom metal,1987,1991,1987_1991,32,0.75
doom metal,1988,1992,1988_1992,35,0.6285714285714286
doom metal,1989,1993,1989_1993,65,0.7538461538461538
doom metal,1990,1994,1990_1994,68,0.75
doom metal,1991,1995,1991_1995,92,0.6304347826086957
doom metal,1992,1996,1992_1996,106,0.5849056603773585
doom metal,1993,1997,1993_1997,106,0.5660377358490566
doom metal,1994,1998,1994_1998,95,0.37894736842105264
doom metal,1995,1999,1995_1999,122,0.4016393442622951
doom metal,1996,2000,1996_2000,97,0.4020618556701031
doom metal,1997,2001,1997_2001,97,0.422680412371134
doom metal,1998,2002,1998_2002,99,0.40404040404040403
doom metal,1999,2003,1999_2003,117,0.5042735042735043
doom metal,2000,2004,2000_2004,103,0.5048543689320388
doom metal,2001,2005,2001_2005,119,0.5210084033613446
doom metal,2002,2006,2002_2006,142,0.5352112676056338
doom metal,2003,2007,2003_2007,173,0.5433526011560693
doom metal,2004,2008,2004_2008,168,0.5238095238095238
doom metal,2005,2009,2005_2009,198,0.4898989898989899
doom metal,2006,2010,2006_2010,203,0.4827586206896552
doom metal,2007,2011,2007_2011,183,0.4918032786885246
doom metal,2008,2012,2008_2012,176,0.4943181818181818
doom metal,2009,2013,2009_2013,182,0.5
doom metal,2010,2014,2010_2014,159,0.5534591194968553
doom metal,2011,2015,2011_2015,217,0.5207373271889401
doom metal,2012,2016,2012_2016,234,0.47435897435897434
doom metal,2013,2017,2013_2017,270,0.45925925925925926
doom metal,2014,2018,2014_2018,305,0.5049180327868853
doom metal,2015,2019,2015_2019,301,0.5049833887043189
dream pop,1982,1986,1982_1986,23,0.7391304347826086
dream pop,1983,1987,1983_1987,24,0.7083333333333334
dream pop,1984,1988,1984_1988,28,0.7857142857142857
dream pop,1985,1989,1985_1989,35,0.8
dream pop,1986,1990,1986_1990,52,0.8076923076923077
dream pop,1987,1991,1987_1991,45,0.8444444444444444
dream pop,1988,1992,1988_1992,47,0.8723404255319149
dream pop,1989,1993,1989_1993,61,0.8524590163934426
dream pop,1990,1994,1990_1994,54,0.8518518518518519
dream pop,1991,1995,1991_1995,36,0.8333333333333334
dream pop,1992,1996,1992_1996,49,0.8775510204081632
dream pop,1993,1997,1993_1997,48,0.875
dream pop,1994,1998,1994_1998,34,0.8529411764705882
dream pop,1995,1999,1995_1999,30,0.8333333333333334
dream pop,1996,2000,1996_2000,37,0.7567567567567568
dream pop,1997,2001,1997_2001,31,0.6774193548387096
dream pop,1998,2002,1998_2002,29,0.6551724137931034
dream pop,1999,2003,1999_2003,28,0.6071428571428571
dream pop,2000,2004,2000_2004,30,0.6333333333333333
dream pop,2001,2005,2001_2005,26,0.7307692307692307
dream pop,2002,2006,2002_2006,28,0.6785714285714286
dream pop,2003,2007,2003_2007,52,0.5769230769230769
dream pop,2004,2008,2004_2008,59,0.6271186440677966
dream pop,2005,2009,2005_2009,65,0.6307692307692307
dream pop,2006,2010,2006_2010,98,0.6632653061224489
dream pop,2007,2011,2007_2011,142,0.704225352112676
dream pop,2008,2012,2008_2012,176,0.7045454545454546
dream pop,2009,2013,2009_2013,245,0.7020408163265306
dream pop,2010,2014,2010_2014,330,0.706060606060606
dream pop,2011,2015,2011_2015,413,0.6731234866828087
dream pop,2012,2016,2012_2016,447,0.6599552572706935
dream pop,2013,2017,2013_2017,543,0.6758747697974218
dream pop,2014,2018,2014_2018,674,0.6572700296735905
dream pop,2015,2019,2015_2019,642,0.661993769470405
easy listening,1959,1963,1959_1963,23,0.6956521739130435
easy listening,1960,1964,1960_1964,26,0.7307692307692307
easy listening,1961,1965,1961_1965,29,0.7586206896551724
easy listening,1962,1966,1962_1966,31,0.7419354838709677
easy listening,1963,1967,1963_1967,32,0.71875
easy listening,1964,1968,1964_1968,24,0.75
easy listening,1965,1969,1965_1969,22,0.7272727272727273
easy listening,1966,1970,1966_1970,23,0.7391304347826086
easy listening,1967,1971,1967_1971,26,0.8076923076923077
easy listening,1968,1972,1968_1972,23,0.9130434782608695
easy listening,1969,1973,1969_1973,27,0.8148148148148148
easy listening,1970,1974,1970_1974,29,0.8620689655172413
easy listening,1971,1975,1971_1975,31,0.8387096774193549
easy listening,1972,1976,1972_1976,34,0.8235294117647058
easy listening,1973,1977,1973_1977,29,0.7586206896551724
easy listening,1974,1978,1974_1978,29,0.7931034482758621
easy listening,1975,1979,1975_1979,29,0.7931034482758621
easy listening,1976,1980,1976_1980,35,0.6285714285714286
easy listening,1977,1981,1977_1981,30,0.6
easy listening,1978,1982,1978_1982,32,0.65625
easy listening,1979,1983,1979_1983,29,0.6206896551724138
easy listening,1980,1984,1980_1984,26,0.5384615384615384
easy listening,1986,1990,1986_1990,20,0.85
easy listening,1987,1991,1987_1991,22,0.7272727272727273
easy listening,1988,1992,1988_1992,20,0.75
easy listening,1994,1998,1994_1998,21,0.8095238095238095
easy listening,1995,1999,1995_1999,25,0.84
easy listening,1996,2000,1996_2000,29,0.8620689655172413
easy listening,1997,2001,1997_2001,34,0.7647058823529411
easy listening,1998,2002,1998_2002,40,0.775
easy listening,1999,2003,1999_2003,54,0.7962962962962963
easy listening,2000,2004,2000_2004,51,0.803921568627451
easy listening,2001,2005,2001_2005,58,0.7586206896551724
easy listening,2002,2006,2002_2006,54,0.7592592592592593
easy listening,2003,2007,2003_2007,60,0.7166666666666667
easy listening,2004,2008,2004_2008,46,0.6521739130434783
easy listening,2005,2009,2005_2009,51,0.6666666666666666
easy listening,2006,2010,2006_2010,45,0.6666666666666666
easy listening,2007,2011,2007_2011,50,0.72
easy listening,2008,2012,2008_2012,44,0.75
easy listening,2009,2013,2009_2013,50,0.76
easy listening,2010,2014,2010_2014,58,0.7586206896551724
easy listening,2011,2015,2011_2015,57,0.7894736842105263
easy listening,2012,2016,2012_2016,52,0.7884615384615384
easy listening,2013,2017,2013_2017,50,0.78
easy listening,2014,2018,2014_2018,52,0.8076923076923077
easy listening,2015,2019,2015_2019,38,0.8421052631578947
electronic,1971,1975,1971_1975,20,0.65
electronic,1972,1976,1972_1976,21,0.6666666666666666
electronic,1973,1977,1973_1977,29,0.6896551724137931
electronic,1974,1978,1974_1978,29,0.6896551724137931
electronic,1975,1979,1975_1979,30,0.6
electronic,1976,1980,1976_1980,26,0.5769230769230769
electronic,1977,1981,1977_1981,33,0.5151515151515151
electronic,1978,1982,1978_1982,26,0.5
electronic,1979,1983,1979_1983,28,0.5357142857142857
electronic,1980,1984,1980_1984,22,0.5454545454545454
electronic,1981,1985,1981_1985,23,0.5652173913043478
electronic,1982,1986,1982_1986,25,0.56
electronic,1983,1987,1983_1987,27,0.48148148148148145
electronic,1984,1988,1984_1988,21,0.47619047619047616
electronic,1985,1989,1985_1989,22,0.5
electronic,1986,1990,1986_1990,23,0.4782608695652174
electronic,1987,1991,1987_1991,27,0.5185185185185185
electronic,1988,1992,1988_1992,40,0.6
electronic,1989,1993,1989_1993,60,0.6333333333333333
electronic,1990,1994,1990_1994,97,0.6185567010309279
electronic,1991,1995,1991_1995,125,0.656
electronic,1992,1996,1992_1996,154,0.6363636363636364
electronic,1993,1997,1993_1997,198,0.6363636363636364
electronic,1994,1998,1994_1998,241,0.6099585062240664
electronic,1995,1999,1995_1999,264,0.5833333333333334
electronic,1996,2000,1996_2000,296,0.5337837837837838
electronic,1997,2001,1997_2001,362,0.5359116022099447
electronic,1998,2002,1998_2002,385,0.548051948051948
electronic,1999,2003,1999_2003,434,0.5368663594470046
electronic,2000,2004,2000_2004,456,0.5328947368421053
electronic,2001,2005,2001_2005,556,0.5323741007194245
electronic,2002,2006,2002_2006,553,0.5135623869801085
electronic,2003,2007,2003_2007,682,0.501466275659824
electronic,2004,2008,2004_2008,797,0.5056461731493099
electronic,2005,2009,2005_2009,958,0.5219206680584552
electronic,2006,2010,2006_2010,1157,0.5350043215211755
electronic,2007,2011,2007_2011,1423,0.5382993675333801
electronic,2008,2012,2008_2012,1518,0.5316205533596838
electronic,2009,2013,2009_2013,1707,0.5260691271236086
electronic,2010,2014,2010_2014,1955,0.519693094629156
electronic,2011,2015,2011_2015,2036,0.5127701375245579
electronic,2012,2016,2012_2016,2171,0.5071395670198066
electronic,2013,2017,2013_2017,2464,0.5008116883116883
electronic,2014,2018,2014_2018,2692,0.5033432392273403
electronic,2015,2019,2015_2019,2463,0.5006090133982948
experimental,1964,1968,1964_1968,24,0.7083333333333334
experimental,1965,1969,1965_1969,29,0.7241379310344828
experimental,1966,1970,1966_1970,37,0.6756756756756757
experimental,1967,1971,1967_1971,38,0.6578947368421053
experimental,1968,1972,1968_1972,35,0.6571428571428571
experimental,1969,1973,1969_1973,24,0.625
experimental,1970,1974,1970_1974,29,0.6896551724137931
experimental,1971,1975,1971_1975,22,0.7727272727272727
experimental,1972,1976,1972_1976,24,0.875
experimental,1973,1977,1973_1977,23,0.8695652173913043
experimental,1974,1978,1974_1978,23,0.9130434782608695
experimental,1975,1979,1975_1979,21,0.8095238095238095
experimental,1976,1980,1976_1980,22,0.7727272727272727
experimental,1977,1981,1977_1981,21,0.7619047619047619
experimental,1978,1982,1978_1982,30,0.6666666666666666
experimental,1979,1983,1979_1983,33,0.696969696969697
experimental,1980,1984,1980_1984,28,0.6785714285714286
experimental,1981,1985,1981_1985,27,0.7037037037037037
experimental,1982,1986,1982_1986,28,0.6428571428571429
experimental,1983,1987,1983_1987,20,0.7
experimental,1984,1988,1984_1988,22,0.5909090909090909
experimental,1985,1989,1985_1989,22,0.5909090909090909
experimental,1986,1990,1986_1990,28,0.6428571428571429
experimental,1987,1991,1987_1991,31,0.7419354838709677
experimental,1988,1992,1988_1992,32,0.8125
experimental,1989,1993,1989_1993,30,0.8333333333333334
experimental,1990,1994,1990_1994,36,0.8055555555555556
experimental,1991,1995,1991_1995,56,0.7678571428571429
experimental,1992,1996,1992_1996,60,0.7666666666666667
experimental,1993,1997,1993_1997,80,0.6875
experimental,1994,1998,1994_1998,89,0.6629213483146067
experimental,1995,1999,1995_1999,98,0.6632653061224489
experimental,1996,2000,1996_2000,87,0.6436781609195402
experimental,1997,2001,1997_2001,118,0.5847457627118644
experimental,1998,2002,1998_2002,117,0.5982905982905983
experimental,1999,2003,1999_2003,155,0.6258064516129033
experimental,2000,2004,2000_2004,196,0.6224489795918368
experimental,2001,2005,2001_2005,229,0.5807860262008734
experimental,2002,2006,2002_2006,253,0.5573122529644269
experimental,2003,2007,2003_2007,308,0.5584415584415584
experimental,2004,2008,2004_2008,305,0.5573770491803278
experimental,2005,2009,2005_2009,333,0.5735735735735735
experimental,2006,2010,2006_2010,400,0.595
experimental,2007,2011,2007_2011,464,0.6056034482758621
experimental,2008,2012,2008_2012,478,0.5983263598326359
experimental,2009,2013,2009_2013,547,0.5959780621572212
experimental,2010,2014,2010_2014,592,0.589527027027027
experimental,2011,2015,2011_2015,623,0.5698234349919743
experimental,2012,2016,2012_2016,653,0.5834609494640123
experimental,2013,2017,2013_2017,724,0.5787292817679558
experimental,2014,2018,2014_2018,817,0.5813953488372093
experimental,2015,2019,2015_2019,767,0.5788787483702738
folk,1959,1963,1959_1963,20,0.6
folk,1960,1964,1960_1964,29,0.7241379310344828
folk,1961,1965,1961_1965,31,0.8064516129032258
folk,1962,1966,1962_1966,39,0.7692307692307693
folk,1963,1967,1963_1967,37,0.7837837837837838
folk,1964,1968,1964_1968,40,0.775
folk,1965,1969,1965_1969,46,0.6956521739130435
folk,1966,1970,1966_1970,55,0.7636363636363637
folk,1967,1971,1967_1971,56,0.8035714285714286
folk,1968,1972,1968_1972,60,0.8166666666666667
folk,1969,1973,1969_1973,52,0.8076923076923077
folk,1970,1974,1970_1974,43,0.8372093023255814
folk,1971,1975,1971_1975,36,0.8333333333333334
folk,1972,1976,1972_1976,31,0.8064516129032258
folk,1973,1977,1973_1977,23,0.7391304347826086
folk,1974,1978,1974_1978,31,0.7741935483870968
folk,1975,1979,1975_1979,33,0.7878787878787878
folk,1976,1980,1976_1980,25,0.72
folk,1977,1981,1977_1981,25,0.72
folk,1978,1982,1978_1982,23,0.6956521739130435
folk,1979,1983,1979_1983,20,0.65
folk,1980,1984,1980_1984,20,0.7
folk,1981,1985,1981_1985,28,0.75
folk,1982,1986,1982_1986,27,0.7777777777777778
folk,1983,1987,1983_1987,27,0.8148148148148148
folk,1984,1988,1984_1988,29,0.7241379310344828
folk,1985,1989,1985_1989,29,0.6206896551724138
folk,1986,1990,1986_1990,27,0.5925925925925926
folk,1987,1991,1987_1991,38,0.5789473684210527
folk,1988,1992,1988_1992,39,0.5897435897435898
folk,1989,1993,1989_1993,34,0.6470588235294118
folk,1990,1994,1990_1994,33,0.7272727272727273
folk,1991,1995,1991_1995,38,0.7368421052631579
folk,1992,1996,1992_1996,36,0.7777777777777778
folk,1993,1997,1993_1997,41,0.7560975609756098
folk,1994,1998,1994_1998,71,0.7746478873239436
folk,1995,1999,1995_1999,77,0.7272727272727273
folk,1996,2000,1996_2000,76,0.6842105263157895
folk,1997,2001,1997_2001,91,0.6923076923076923
folk,1998,2002,1998_2002,112,0.7232142857142857
folk,1999,2003,1999_2003,102,0.6666666666666666
folk,2000,2004,2000_2004,116,0.6982758620689655
folk,2001,2005,2001_2005,150,0.7333333333333333
folk,2002,2006,2002_2006,169,0.7396449704142012
folk,2003,2007,2003_2007,216,0.7129629629629629
folk,2004,2008,2004_2008,282,0.7340425531914894
folk,2005,2009,2005_2009,376,0.7367021276595744
folk,2006,2010,2006_2010,454,0.7268722466960352
folk,2007,2011,2007_2011,600,0.7183333333333334
folk,2008,2012,2008_2012,731,0.7359781121751026
folk,2009,2013,2009_2013,823,0.7253948967193196
folk,2010,2014,2010_2014,851,0.7203290246768508
folk,2011,2015,2011_2015,910,0.7241758241758242
folk,2012,2016,2012_2016,898,0.7249443207126949
folk,2013,2017,2013_2017,946,0.7071881606765328
folk,2014,2018,2014_2018,1025,0.72
folk,2015,2019,2015_2019,959,0.7194994786235662
funk,1965,1969,1965_1969,20,0.75
funk,1966,1970,1966_1970,44,0.6136363636363636
funk,1967,1971,1967_1971,75,0.6
funk,1968,1972,1968_1972,95,0.5894736842105263
funk,1969,1973,1969_1973,125,0.584
funk,1970,1974,1970_1974,141,0.5673758865248227
funk,1971,1975,1971_1975,142,0.5915492957746479
funk,1972,1976,1972_1976,120,0.5666666666666667
funk,1973,1977,1973_1977,108,0.5277777777777778
funk,1974,1978,1974_1978,90,0.5333333333333333
funk,1975,1979,1975_1979,72,0.5694444444444444
funk,1976,1980,1976_1980,60,0.55
funk,1977,1981,1977_1981,65,0.6
funk,1978,1982,1978_1982,66,0.6363636363636364
funk,1979,1983,1979_1983,62,0.6129032258064516
funk,1980,1984,1980_1984,72,0.5972222222222222
funk,1981,1985,1981_1985,73,0.6301369863013698
funk,1982,1986,1982_1986,64,0.625
funk,1983,1987,1983_1987,74,0.6486486486486487
funk,1984,1988,1984_1988,67,0.6716417910447762
funk,1985,1989,1985_1989,62,0.6290322580645161
funk,1986,1990,1986_1990,52,0.5961538461538461
funk,1987,1991,1987_1991,78,0.6410256410256411
funk,1988,1992,1988_1992,65,0.6615384615384615
funk,1989,1993,1989_1993,81,0.6296296296296297
funk,1990,1994,1990_1994,75,0.6533333333333333
funk,1991,1995,1991_1995,90,0.6777777777777778
funk,1992,1996,1992_1996,70,0.6142857142857143
funk,1993,1997,1993_1997,79,0.6075949367088608
funk,1994,1998,1994_1998,70,0.6
funk,1995,1999,1995_1999,86,0.6162790697674418
funk,1996,2000,1996_2000,83,0.5301204819277109
funk,1997,2001,1997_2001,82,0.5609756097560976
funk,1998,2002,1998_2002,81,0.5555555555555556
funk,1999,2003,1999_2003,90,0.5666666666666667
funk,2000,2004,2000_2004,72,0.5138888888888888
funk,2001,2005,2001_2005,70,0.5857142857142857
funk,2002,2006,2002_2006,102,0.5980392156862745
funk,2003,2007,2003_2007,118,0.5932203389830508
funk,2004,2008,2004_2008,117,0.6068376068376068
funk,2005,2009,2005_2009,131,0.6335877862595419
funk,2006,2010,2006_2010,151,0.5960264900662252
funk,2007,2011,2007_2011,131,0.5572519083969466
funk,2008,2012,2008_2012,135,0.5407407407407407
funk,2009,2013,2009_2013,150,0.5333333333333333
funk,2010,2014,2010_2014,204,0.4852941176470588
funk,2011,2015,2011_2015,226,0.504424778761062
funk,2012,2016,2012_2016,294,0.5408163265306123
funk,2013,2017,2013_2017,353,0.5439093484419264
funk,2014,2018,2014_2018,435,0.5540229885057472
funk,2015,2019,2015_2019,404,0.5767326732673267
glam rock,1967,1971,1967_1971,36,0.8055555555555556
glam rock,1968,1972,1968_1972,69,0.7971014492753623
glam rock,1969,1973,1969_1973,114,0.7719298245614035
glam rock,1970,1974,1970_1974,159,0.7672955974842768
glam rock,1971,1975,1971_1975,162,0.7839506172839507
glam rock,1972,1976,1972_1976,153,0.7712418300653595
glam rock,1973,1977,1973_1977,134,0.753731343283582
glam rock,1974,1978,1974_1978,101,0.7524752475247525
glam rock,1975,1979,1975_1979,57,0.7368421052631579
glam rock,1976,1980,1976_1980,65,0.7230769230769231
glam rock,1977,1981,1977_1981,54,0.7407407407407407
glam rock,1978,1982,1978_1982,47,0.8085106382978723
glam rock,1979,1983,1979_1983,43,0.813953488372093
glam rock,1980,1984,1980_1984,41,0.8292682926829268
glam rock,1981,1985,1981_1985,25,0.84
glam rock,1982,1986,1982_1986,28,0.8214285714285714
glam rock,1983,1987,1983_1987,23,0.782608695652174
glam rock,1985,1989,1985_1989,20,0.8
glam rock,1986,1990,1986_1990,21,0.8571428571428571
glam rock,1987,1991,1987_1991,22,0.7727272727272727
glam rock,1988,1992,1988_1992,20,0.75
glam rock,1989,1993,1989_1993,29,0.7586206896551724
glam rock,1990,1994,1990_1994,22,0.7727272727272727
glam rock,1991,1995,1991_1995,24,0.7916666666666666
glam rock,1993,1997,1993_1997,20,0.85
glam rock,2000,2004,2000_2004,20,0.65
glam rock,2001,2005,2001_2005,23,0.6956521739130435
glam rock,2002,2006,2002_2006,27,0.7037037037037037
glam rock,2003,2007,2003_2007,27,0.7037037037037037
glam rock,2004,2008,2004_2008,21,0.6190476190476191
glam rock,2005,2009,2005_2009,21,0.5714285714285714
glam rock,2006,2010,2006_2010,24,0.5416666666666666
glam rock,2009,2013,2009_2013,25,0.52
glam rock,2010,2014,2010_2014,25,0.64
glam rock,2011,2015,2011_2015,20,0.6
glam rock,2012,2016,2012_2016,27,0.5555555555555556
glam rock,2013,2017,2013_2017,39,0.5128205128205128
glam rock,2014,2018,2014_2018,67,0.5970149253731343
glam rock,2015,2019,2015_2019,65,0.6307692307692307
gothic rock,1977,1981,1977_1981,31,0.5483870967741935
gothic rock,1978,1982,1978_1982,47,0.5957446808510638
gothic rock,1979,1983,1979_1983,49,0.5510204081632653
gothic rock,1980,1984,1980_1984,55,0.5636363636363636
gothic rock,1981,1985,1981_1985,50,0.54
gothic rock,1982,1986,1982_1986,44,0.5454545454545454
gothic rock,1983,1987,1983_1987,37,0.5135135135135135
gothic rock,1984,1988,1984_1988,32,0.5625
gothic rock,1985,1989,1985_1989,26,0.5384615384615384
gothic rock,1986,1990,1986_1990,21,0.5714285714285714
gothic rock,1992,1996,1992_1996,23,0.4782608695652174
gothic rock,1993,1997,1993_1997,31,0.5483870967741935
gothic rock,1994,1998,1994_1998,28,0.5357142857142857
gothic rock,1995,1999,1995_1999,33,0.5757575757575758
gothic rock,1996,2000,1996_2000,36,0.6388888888888888
gothic rock,1997,2001,1997_2001,29,0.6551724137931034
gothic rock,1998,2002,1998_2002,26,0.5769230769230769
gothic rock,1999,2003,1999_2003,38,0.4473684210526316
gothic rock,2000,2004,2000_2004,43,0.3953488372093023
gothic rock,2001,2005,2001_2005,59,0.3728813559322034
gothic rock,2002,2006,2002_2006,72,0.3194444444444444
gothic rock,2003,2007,2003_2007,91,0.3076923076923077
gothic rock,2004,2008,2004_2008,84,0.2976190476190476
gothic rock,2005,2009,2005_2009,84,0.32142857142857145
gothic rock,2006,2010,2006_2010,71,0.323943661971831
gothic rock,2007,2011,2007_2011,80,0.4375
gothic rock,2008,2012,2008_2012,71,0.4647887323943662
gothic rock,2009,2013,2009_2013,72,0.5138888888888888
gothic rock,2010,2014,2010_2014,99,0.47474747474747475
gothic rock,2011,2015,2011_2015,101,0.4752475247524752
gothic rock,2012,2016,2012_2016,94,0.4148936170212766
gothic rock,2013,2017,2013_2017,119,0.3865546218487395
gothic rock,2014,2018,2014_2018,133,0.41353383458646614
gothic rock,2015,2019,2015_2019,102,0.4117647058823529
grunge,1984,1988,1984_1988,20,0.7
grunge,1985,1989,1985_1989,20,0.6
grunge,1986,1990,1986_1990,54,0.7592592592592593
grunge,1987,1991,1987_1991,128,0.7109375
grunge,1988,1992,1988_1992,200,0.735
grunge,1989,1993,1989_1993,256,0.7421875
grunge,1990,1994,1990_1994,318,0.7641509433962265
grunge,1991,1995,1991_1995,341,0.7448680351906158
grunge,1992,1996,1992_1996,315,0.765079365079365
grunge,1993,1997,1993_1997,267,0.7602996254681648
grunge,1994,1998,1994_1998,223,0.7668161434977578
grunge,1995,1999,1995_1999,191,0.7643979057591623
grunge,1996,2000,1996_2000,148,0.7837837837837838
grunge,1997,2001,1997_2001,117,0.7948717948717948
grunge,1998,2002,1998_2002,132,0.7575757575757576
grunge,1999,2003,1999_2003,116,0.7413793103448276
grunge,2000,2004,2000_2004,85,0.7058823529411765
grunge,2001,2005,2001_2005,91,0.7252747252747253
grunge,2002,2006,2002_2006,88,0.7045454545454546
grunge,2003,2007,2003_2007,76,0.7894736842105263
grunge,2004,2008,2004_2008,82,0.8048780487804879
grunge,2005,2009,2005_2009,114,0.7543859649122807
grunge,2006,2010,2006_2010,109,0.7614678899082569
grunge,2007,2011,2007_2011,105,0.7523809523809524
grunge,2008,2012,2008_2012,90,0.7
grunge,2009,2013,2009_2013,109,0.7155963302752294
grunge,2010,2014,2010_2014,88,0.75
grunge,2011,2015,2011_2015,108,0.6851851851851852
grunge,2012,2016,2012_2016,117,0.7008547008547008
grunge,2013,2017,2013_2017,141,0.6666666666666666
grunge,2014,2018,2014_2018,177,0.6214689265536724
grunge,2015,2019,2015_2019,195,0.6461538461538462
hard rock,1965,1969,1965_1969,41,0.8048780487804879
hard rock,1966,1970,1966_1970,64,0.828125
hard rock,1967,1971,1967_1971,91,0.8021978021978022
hard rock,1968,1972,1968_1972,116,0.7844827586206896
hard rock,1969,1973,1969_1973,159,0.779874213836478
hard rock,1970,1974,1970_1974,178,0.7471910112359551
hard rock,1971,1975,1971_1975,226,0.6991150442477876
hard rock,1972,1976,1972_1976,254,0.6889763779527559
hard rock,1973,1977,1973_1977,269,0.6654275092936803
hard rock,1974,1978,1974_1978,263,0.6273764258555133
hard rock,1975,1979,1975_1979,275,0.6254545454545455
hard rock,1976,1980,1976_1980,262,0.6526717557251909
hard rock,1977,1981,1977_1981,260,0.6423076923076924
hard rock,1978,1982,1978_1982,261,0.6398467432950191
hard rock,1979,1983,1979_1983,264,0.6515151515151515
hard rock,1980,1984,1980_1984,277,0.6245487364620939
hard rock,1981,1985,1981_1985,247,0.5910931174089069
hard rock,1982,1986,1982_1986,260,0.5884615384615385
hard rock,1983,1987,1983_1987,265,0.6226415094339622
hard rock,1984,1988,1984_1988,270,0.6444444444444445
hard rock,1985,1989,1985_1989,258,0.6782945736434108
hard rock,1986,1990,1986_1990,269,0.6988847583643123
hard rock,1987,1991,1987_1991,248,0.7137096774193549
hard rock,1988,1992,1988_1992,241,0.7053941908713693
hard rock,1989,1993,1989_1993,203,0.6798029556650246
hard rock,1990,1994,1990_1994,159,0.6855345911949685
hard rock,1991,1995,1991_1995,141,0.6808510638297872
hard rock,1992,1996,1992_1996,101,0.6831683168316832
hard rock,1993,1997,1993_1997,82,0.7073170731707317
hard rock,1994,1998,1994_1998,81,0.7530864197530864
hard rock,1995,1999,1995_1999,83,0.7831325301204819
hard rock,1996,2000,1996_2000,84,0.7261904761904762
hard rock,1997,2001,1997_2001,131,0.7480916030534351
hard rock,1998,2002,1998_2002,181,0.712707182320442
hard rock,1999,2003,1999_2003,216,0.6898148148148148
hard rock,2000,2004,2000_2004,271,0.6974169741697417
hard rock,2001,2005,2001_2005,324,0.691358024691358
hard rock,2002,2006,2002_2006,364,0.6510989010989011
hard rock,2003,2007,2003_2007,372,0.6290322580645161
hard rock,2004,2008,2004_2008,387,0.627906976744186
hard rock,2005,2009,2005_2009,398,0.6055276381909548
hard rock,2006,2010,2006_2010,423,0.607565011820331
hard rock,2007,2011,2007_2011,400,0.625
hard rock,2008,2012,2008_2012,391,0.6445012787723785
hard rock,2009,2013,2009_2013,375,0.64
hard rock,2010,2014,2010_2014,332,0.6506024096385542
hard rock,2011,2015,2011_2015,294,0.6394557823129252
hard rock,2012,2016,2012_2016,276,0.6268115942028986
hard rock,2013,2017,2013_2017,294,0.6156462585034014
hard rock,2014,2018,2014_2018,376,0.5904255319148937
hard rock,2015,2019,2015_2019,366,0.5683060109289617
hardcore,1977,1981,1977_1981,20,0.75
hardcore,1978,1982,1978_1982,27,0.7777777777777778
hardcore,1979,1983,1979_1983,30,0.7666666666666667
hardcore,1980,1984,1980_1984,32,0.78125
hardcore,1981,1985,1981_1985,31,0.8064516129032258
hardcore,1982,1986,1982_1986,25,0.84
hardcore,1983,1987,1983_1987,24,0.7916666666666666
hardcore,1984,1988,1984_1988,24,0.75
hardcore,1985,1989,1985_1989,25,0.68
hardcore,1986,1990,1986_1990,27,0.5925925925925926
hardcore,1987,1991,1987_1991,25,0.52
hardcore,1988,1992,1988_1992,21,0.5238095238095238
hardcore,1989,1993,1989_1993,21,0.5238095238095238
hardcore,1990,1994,1990_1994,26,0.5
hardcore,1991,1995,1991_1995,28,0.5714285714285714
hardcore,1992,1996,1992_1996,27,0.5925925925925926
hardcore,1993,1997,1993_1997,29,0.5862068965517241
hardcore,1994,1998,1994_1998,42,0.6190476190476191
hardcore,1995,1999,1995_1999,47,0.6808510638297872
hardcore,1996,2000,1996_2000,54,0.7037037037037037
hardcore,1997,2001,1997_2001,72,0.7083333333333334
hardcore,1998,2002,1998_2002,90,0.7111111111111111
hardcore,1999,2003,1999_2003,106,0.6792452830188679
hardcore,2000,2004,2000_2004,150,0.5933333333333334
hardcore,2001,2005,2001_2005,181,0.580110497237569
hardcore,2002,2006,2002_2006,238,0.5630252100840336
hardcore,2003,2007,2003_2007,288,0.5451388888888888
hardcore,2004,2008,2004_2008,325,0.5353846153846153
hardcore,2005,2009,2005_2009,361,0.5789473684210527
hardcore,2006,2010,2006_2010,394,0.5786802030456852
hardcore,2007,2011,2007_2011,411,0.5571776155717761
hardcore,2008,2012,2008_2012,443,0.5756207674943566
hardcore,2009,2013,2009_2013,466,0.572961373390558
hardcore,2010,2014,2010_2014,456,0.5526315789473685
hardcore,2011,2015,2011_2015,478,0.5502092050209205
hardcore,2012,2016,2012_2016,543,0.572744014732965
hardcore,2013,2017,2013_2017,693,0.56998556998557
hardcore,2014,2018,2014_2018,895,0.5776536312849162
hardcore,2015,2019,2015_2019,914,0.5700218818380745
hardcore punk,1976,1980,1976_1980,20,0.7
hardcore punk,1977,1981,1977_1981,23,0.6521739130434783
hardcore punk,1978,1982,1978_1982,35,0.6571428571428571
hardcore punk,1979,1983,1979_1983,46,0.6956521739130435
hardcore punk,1980,1984,1980_1984,68,0.75
hardcore punk,1981,1985,1981_1985,56,0.7321428571428571
hardcore punk,1982,1986,1982_1986,58,0.7413793103448276
hardcore punk,1983,1987,1983_1987,58,0.7931034482758621
hardcore punk,1984,1988,1984_1988,50,0.8
hardcore punk,1985,1989,1985_1989,34,0.7941176470588235
hardcore punk,1986,1990,1986_1990,28,0.8571428571428571
hardcore punk,1987,1991,1987_1991,23,0.9130434782608695
hardcore punk,1995,1999,1995_1999,22,0.6818181818181818
hardcore punk,1997,2001,1997_2001,33,0.6363636363636364
hardcore punk,1998,2002,1998_2002,31,0.6451612903225806
hardcore punk,1999,2003,1999_2003,33,0.7272727272727273
hardcore punk,2000,2004,2000_2004,31,0.6451612903225806
hardcore punk,2001,2005,2001_2005,34,0.6764705882352942
hardcore punk,2002,2006,2002_2006,25,0.64
hardcore punk,2003,2007,2003_2007,29,0.5862068965517241
hardcore punk,2004,2008,2004_2008,25,0.52
hardcore punk,2005,2009,2005_2009,23,0.5652173913043478
hardcore punk,2006,2010,2006_2010,27,0.5925925925925926
hardcore punk,2007,2011,2007_2011,32,0.6875
hardcore punk,2008,2012,2008_2012,44,0.6590909090909091
hardcore punk,2009,2013,2009_2013,58,0.6896551724137931
hardcore punk,2010,2014,2010_2014,73,0.684931506849315
hardcore punk,2011,2015,2011_2015,92,0.6847826086956522
hardcore punk,2012,2016,2012_2016,114,0.6228070175438597
hardcore punk,2013,2017,2013_2017,143,0.6223776223776224
hardcore punk,2014,2018,2014_2018,170,0.6352941176470588
hardcore punk,2015,2019,2015_2019,170,0.6588235294117647
indie rock,1983,1987,1983_1987,20,0.7
indie rock,1984,1988,1984_1988,30,0.7666666666666667
indie rock,1985,1989,1985_1989,36,0.8055555555555556
indie rock,1986,1990,1986_1990,32,0.8125
indie rock,1987,1991,1987_1991,35,0.8285714285714286
indie rock,1988,1992,1988_1992,42,0.7857142857142857
indie rock,1989,1993,1989_1993,53,0.8113207547169812
indie rock,1990,1994,1990_1994,88,0.7613636363636364
indie rock,1991,1995,1991_1995,119,0.773109243697479
indie rock,1992,1996,1992_1996,149,0.7651006711409396
indie rock,1993,1997,1993_1997,183,0.7978142076502732
indie rock,1994,1998,1994_1998,215,0.7674418604651163
indie rock,1995,1999,1995_1999,234,0.7777777777777778
indie rock,1996,2000,1996_2000,269,0.7546468401486989
indie rock,1997,2001,1997_2001,336,0.7470238095238095
indie rock,1998,2002,1998_2002,384,0.734375
indie rock,1999,2003,1999_2003,493,0.7505070993914807
indie rock,2000,2004,2000_2004,601,0.7237936772046589
indie rock,2001,2005,2001_2005,776,0.6997422680412371
indie rock,2002,2006,2002_2006,841,0.6872770511296076
indie rock,2003,2007,2003_2007,1033,0.6766698935140368
indie rock,2004,2008,2004_2008,1106,0.6573236889692586
indie rock,2005,2009,2005_2009,1185,0.6624472573839663
indie rock,2006,2010,2006_2010,1192,0.6677852348993288
indie rock,2007,2011,2007_2011,1342,0.676602086438152
indie rock,2008,2012,2008_2012,1341,0.6778523489932886
indie rock,2009,2013,2009_2013,1471,0.6804894629503739
indie rock,2010,2014,2010_2014,1579,0.6776440785307156
indie rock,2011,2015,2011_2015,1611,0.6697703289882061
indie rock,2012,2016,2012_2016,1578,0.6749049429657795
indie rock,2013,2017,2013_2017,1661,0.6664659843467791
indie rock,2014,2018,2014_2018,1806,0.667220376522702
indie rock,2015,2019,2015_2019,1661,0.6646598434677905
industrial,1981,1985,1981_1985,23,0.6521739130434783
industrial,1982,1986,1982_1986,34,0.6764705882352942
industrial,1983,1987,1983_1987,40,0.7
industrial,1984,1988,1984_1988,50,0.68
industrial,1985,1989,1985_1989,63,0.6507936507936508
industrial,1986,1990,1986_1990,58,0.6896551724137931
industrial,1987,1991,1987_1991,49,0.673469387755102
industrial,1988,1992,1988_1992,58,0.6379310344827587
industrial,1989,1993,1989_1993,44,0.6136363636363636
industrial,1990,1994,1990_1994,57,0.7017543859649122
industrial,1991,1995,1991_1995,83,0.6265060240963856
industrial,1992,1996,1992_1996,101,0.6435643564356436
industrial,1993,1997,1993_1997,107,0.616822429906542
industrial,1994,1998,1994_1998,135,0.5925925925925926
industrial,1995,1999,1995_1999,138,0.5869565217391305
industrial,1996,2000,1996_2000,143,0.6083916083916084
industrial,1997,2001,1997_2001,167,0.6287425149700598
industrial,1998,2002,1998_2002,158,0.6265822784810127
industrial,1999,2003,1999_2003,164,0.6585365853658537
industrial,2000,2004,2000_2004,151,0.6225165562913907
industrial,2001,2005,2001_2005,158,0.6139240506329114
industrial,2002,2006,2002_2006,132,0.553030303030303
industrial,2003,2007,2003_2007,178,0.601123595505618
industrial,2004,2008,2004_2008,181,0.6132596685082873
industrial,2005,2009,2005_2009,203,0.6206896551724138
industrial,2006,2010,2006_2010,188,0.6223404255319149
industrial,2007,2011,2007_2011,203,0.625615763546798
industrial,2008,2012,2008_2012,173,0.6127167630057804
industrial,2009,2013,2009_2013,187,0.5935828877005348
industrial,2010,2014,2010_2014,159,0.5911949685534591
industrial,2011,2015,2011_2015,176,0.6022727272727273
industrial,2012,2016,2012_2016,179,0.6256983240223464
industrial,2013,2017,2013_2017,208,0.6394230769230769
industrial,2014,2018,2014_2018,235,0.6553191489361702
industrial,2015,2019,2015_2019,247,0.6518218623481782
jazz,1955,1959,1955_1959,179,0.5698324022346368
jazz,1956,1960,1956_1960,172,0.5232558139534884
jazz,1957,1961,1957_1961,149,0.5302013422818792
jazz,1958,1962,1958_1962,126,0.5317460317460317
jazz,1959,1963,1959_1963,113,0.48672566371681414
jazz,1960,1964,1960_1964,78,0.5128205128205128
jazz,1961,1965,1961_1965,84,0.5238095238095238
jazz,1962,1966,1962_1966,79,0.46835443037974683
jazz,1963,1967,1963_1967,84,0.5119047619047619
jazz,1964,1968,1964_1968,72,0.625
jazz,1965,1969,1965_1969,70,0.6142857142857143
jazz,1966,1970,1966_1970,67,0.6119402985074627
jazz,1967,1971,1967_1971,77,0.6233766233766234
jazz,1968,1972,1968_1972,78,0.5769230769230769
jazz,1969,1973,1969_1973,83,0.5301204819277109
jazz,1970,1974,1970_1974,81,0.5061728395061729
jazz,1971,1975,1971_1975,74,0.581081081081081
jazz,1972,1976,1972_1976,63,0.5873015873015873
jazz,1973,1977,1973_1977,56,0.6428571428571429
jazz,1974,1978,1974_1978,45,0.6888888888888889
jazz,1975,1979,1975_1979,38,0.7105263157894737
jazz,1976,1980,1976_1980,36,0.7222222222222222
jazz,1977,1981,1977_1981,31,0.6774193548387096
jazz,1978,1982,1978_1982,26,0.6538461538461539
jazz,1979,1983,1979_1983,22,0.6818181818181818
jazz,1980,1984,1980_1984,26,0.7307692307692307
jazz,1981,1985,1981_1985,28,0.6428571428571429
jazz,1982,1986,1982_1986,31,0.7419354838709677
jazz,1983,1987,1983_1987,41,0.6585365853658537
jazz,1984,1988,1984_1988,49,0.5918367346938775
jazz,1985,1989,1985_1989,57,0.543859649122807
jazz,1986,1990,1986_1990,52,0.5
jazz,1987,1991,1987_1991,56,0.48214285714285715
jazz,1988,1992,1988_1992,64,0.5
jazz,1989,1993,1989_1993,69,0.5072463768115942
jazz,1990,1994,1990_1994,65,0.5076923076923077
jazz,1991,1995,1991_1995,70,0.5571428571428572
jazz,1992,1996,1992_1996,73,0.5753424657534246
jazz,1993,1997,1993_1997,88,0.6022727272727273
jazz,1994,1998,1994_1998,90,0.6111111111111112
jazz,1995,1999,1995_1999,106,0.6320754716981132
jazz,1996,2000,1996_2000,126,0.6349206349206349
jazz,1997,2001,1997_2001,125,0.624
jazz,1998,2002,1998_2002,111,0.6126126126126126
jazz,1999,2003,1999_2003,145,0.6068965517241379
jazz,2000,2004,2000_2004,147,0.6190476190476191
jazz,2001,2005,2001_2005,134,0.6119402985074627
jazz,2002,2006,2002_2006,160,0.60625
jazz,2003,2007,2003_2007,174,0.6379310344827587
jazz,2004,2008,2004_2008,150,0.5933333333333334
jazz,2005,2009,2005_2009,169,0.5680473372781065
jazz,2006,2010,2006_2010,187,0.5347593582887701
jazz,2007,2011,2007_2011,193,0.533678756476684
jazz,2008,2012,2008_2012,206,0.49514563106796117
jazz,2009,2013,2009_2013,226,0.5309734513274337
jazz,2010,2014,2010_2014,267,0.5056179775280899
jazz,2011,2015,2011_2015,307,0.504885993485342
jazz,2012,2016,2012_2016,339,0.5162241887905604
jazz,2013,2017,2013_2017,382,0.5235602094240838
jazz,2014,2018,2014_2018,438,0.5182648401826484
jazz,2015,2019,2015_2019,380,0.5342105263157895
latin,1965,1969,1965_1969,20,0.45
latin,1966,1970,1966_1970,21,0.42857142857142855
latin,1967,1971,1967_1971,23,0.4782608695652174
latin,1968,1972,1968_1972,22,0.45454545454545453
latin,1969,1973,1969_1973,20,0.4
latin,1974,1978,1974_1978,24,0.5416666666666666
latin,1975,1979,1975_1979,20,0.55
latin,1976,1980,1976_1980,21,0.5714285714285714
latin,1984,1988,1984_1988,25,0.84
latin,1985,1989,1985_1989,28,0.8214285714285714
latin,1986,1990,1986_1990,38,0.7894736842105263
latin,1987,1991,1987_1991,46,0.7391304347826086
latin,1988,1992,1988_1992,56,0.75
latin,1989,1993,1989_1993,54,0.7222222222222222
latin,1990,1994,1990_1994,64,0.71875
latin,1991,1995,1991_1995,83,0.7108433734939759
latin,1992,1996,1992_1996,83,0.7228915662650602
latin,1993,1997,1993_1997,102,0.6862745098039216
latin,1994,1998,1994_1998,118,0.7033898305084746
latin,1995,1999,1995_1999,144,0.6527777777777778
latin,1996,2000,1996_2000,141,0.6453900709219859
latin,1997,2001,1997_2001,171,0.631578947368421
latin,1998,2002,1998_2002,189,0.6084656084656085
latin,1999,2003,1999_2003,195,0.6051282051282051
latin,2000,2004,2000_2004,209,0.6172248803827751
latin,2001,2005,2001_2005,235,0.625531914893617
latin,2002,2006,2002_2006,257,0.6381322957198443
latin,2003,2007,2003_2007,254,0.6062992125984252
latin,2004,2008,2004_2008,258,0.6085271317829457
latin,2005,2009,2005_2009,241,0.6058091286307054
latin,2006,2010,2006_2010,230,0.5956521739130435
latin,2007,2011,2007_2011,212,0.5801886792452831
latin,2008,2012,2008_2012,200,0.62
latin,2009,2013,2009_2013,202,0.599009900990099
latin,2010,2014,2010_2014,214,0.5887850467289719
latin,2011,2015,2011_2015,210,0.5761904761904761
latin,2012,2016,2012_2016,233,0.5622317596566524
latin,2013,2017,2013_2017,291,0.5773195876288659
latin,2014,2018,2014_2018,381,0.5643044619422573
latin,2015,2019,2015_2019,368,0.5570652173913043
metal,1968,1972,1968_1972,20,0.65
metal,1969,1973,1969_1973,26,0.6538461538461539
metal,1970,1974,1970_1974,26,0.6538461538461539
metal,1971,1975,1971_1975,20,0.75
metal,1972,1976,1972_1976,23,0.6956521739130435
metal,1973,1977,1973_1977,23,0.6521739130434783
metal,1974,1978,1974_1978,24,0.5833333333333334
metal,1975,1979,1975_1979,28,0.6428571428571429
metal,1976,1980,1976_1980,34,0.5882352941176471
metal,1977,1981,1977_1981,37,0.6486486486486487
metal,1978,1982,1978_1982,46,0.6086956521739131
metal,1979,1983,1979_1983,49,0.5510204081632653
metal,1980,1984,1980_1984,67,0.5223880597014925
metal,1981,1985,1981_1985,58,0.5344827586206896
metal,1982,1986,1982_1986,57,0.43859649122807015
metal,1983,1987,1983_1987,52,0.4423076923076923
metal,1984,1988,1984_1988,54,0.5
metal,1985,1989,1985_1989,40,0.45
metal,1986,1990,1986_1990,56,0.4642857142857143
metal,1987,1991,1987_1991,54,0.5185185185185185
metal,1988,1992,1988_1992,67,0.47761194029850745
metal,1989,1993,1989_1993,60,0.4666666666666667
metal,1990,1994,1990_1994,65,0.5384615384615384
metal,1991,1995,1991_1995,74,0.527027027027027
metal,1992,1996,1992_1996,75,0.49333333333333335
metal,1993,1997,1993_1997,67,0.5671641791044776
metal,1994,1998,1994_1998,105,0.580952380952381
metal,1995,1999,1995_1999,119,0.6050420168067226
metal,1996,2000,1996_2000,135,0.5777777777777777
metal,1997,2001,1997_2001,167,0.5868263473053892
metal,1998,2002,1998_2002,223,0.57847533632287
metal,1999,2003,1999_2003,240,0.5458333333333333
metal,2000,2004,2000_2004,278,0.5035971223021583
metal,2001,2005,2001_2005,307,0.5276872964169381
metal,2002,2006,2002_2006,306,0.5065359477124183
metal,2003,2007,2003_2007,308,0.4642857142857143
metal,2004,2008,2004_2008,301,0.4684385382059801
metal,2005,2009,2005_2009,310,0.4838709677419355
metal,2006,2010,2006_2010,296,0.46959459459459457
metal,2007,2011,2007_2011,307,0.4755700325732899
metal,2008,2012,2008_2012,302,0.4966887417218543
metal,2009,2013,2009_2013,328,0.4817073170731707
metal,2010,2014,2010_2014,344,0.4738372093023256
metal,2011,2015,2011_2015,373,0.4959785522788204
metal,2012,2016,2012_2016,430,0.4906976744186046
metal,2013,2017,2013_2017,450,0.4955555555555556
metal,2014,2018,2014_2018,444,0.5157657657657657
metal,2015,2019,2015_2019,404,0.5198019801980198
mpb,1963,1967,1963_1967,20,0.7
mpb,1964,1968,1964_1968,32,0.75
mpb,1965,1969,1965_1969,46,0.8043478260869565
mpb,1966,1970,1966_1970,68,0.7058823529411765
mpb,1967,1971,1967_1971,73,0.6986301369863014
mpb,1968,1972,1968_1972,89,0.6741573033707865
mpb,1969,1973,1969_1973,90,0.6666666666666666
mpb,1970,1974,1970_1974,94,0.5851063829787234
mpb,1971,1975,1971_1975,83,0.6265060240963856
mpb,1972,1976,1972_1976,88,0.6590909090909091
mpb,1973,1977,1973_1977,63,0.6825396825396826
mpb,1974,1978,1974_1978,70,0.6714285714285714
mpb,1975,1979,1975_1979,66,0.7575757575757576
mpb,1976,1980,1976_1980,69,0.7681159420289855
mpb,1977,1981,1977_1981,58,0.7586206896551724
mpb,1978,1982,1978_1982,75,0.7466666666666667
mpb,1979,1983,1979_1983,66,0.7424242424242424
mpb,1980,1984,1980_1984,56,0.7321428571428571
mpb,1981,1985,1981_1985,49,0.7346938775510204
mpb,1982,1986,1982_1986,53,0.6981132075471698
mpb,1983,1987,1983_1987,38,0.6842105263157895
mpb,1984,1988,1984_1988,30,0.7
mpb,1985,1989,1985_1989,26,0.6538461538461539
mpb,1986,1990,1986_1990,30,0.6
mpb,1987,1991,1987_1991,32,0.6875
mpb,1988,1992,1988_1992,36,0.7222222222222222
mpb,1989,1993,1989_1993,40,0.75
mpb,1990,1994,1990_1994,63,0.746031746031746
mpb,1991,1995,1991_1995,64,0.75
mpb,1992,1996,1992_1996,67,0.746268656716418
mpb,1993,1997,1993_1997,83,0.6987951807228916
mpb,1994,1998,1994_1998,96,0.6770833333333334
mpb,1995,1999,1995_1999,101,0.693069306930693
mpb,1996,2000,1996_2000,134,0.6940298507462687
mpb,1997,2001,1997_2001,138,0.7028985507246377
mpb,1998,2002,1998_2002,143,0.6853146853146853
mpb,1999,2003,1999_2003,168,0.6845238095238095
mpb,2000,2004,2000_2004,161,0.6770186335403726
mpb,2001,2005,2001_2005,178,0.6573033707865169
mpb,2002,2006,2002_2006,198,0.6464646464646465
mpb,2003,2007,2003_2007,194,0.6752577319587629
mpb,2004,2008,2004_2008,178,0.6741573033707865
mpb,2005,2009,2005_2009,205,0.6585365853658537
mpb,2006,2010,2006_2010,195,0.6564102564102564
mpb,2007,2011,2007_2011,216,0.625
mpb,2008,2012,2008_2012,281,0.604982206405694
mpb,2009,2013,2009_2013,334,0.6287425149700598
mpb,2010,2014,2010_2014,368,0.6086956521739131
mpb,2011,2015,2011_2015,399,0.6090225563909775
mpb,2012,2016,2012_2016,463,0.6414686825053996
mpb,2013,2017,2013_2017,476,0.6218487394957983
mpb,2014,2018,2014_2018,512,0.615234375
mpb,2015,2019,2015_2019,463,0.6155507559395248
new wave,1973,1977,1973_1977,27,0.6666666666666666
new wave,1974,1978,1974_1978,72,0.7638888888888888
new wave,1975,1979,1975_1979,139,0.7266187050359713
new wave,1976,1980,1976_1980,191,0.7172774869109948
new wave,1977,1981,1977_1981,271,0.7084870848708487
new wave,1978,1982,1978_1982,347,0.7175792507204611
new wave,1979,1983,1979_1983,408,0.6838235294117647
new wave,1980,1984,1980_1984,432,0.6712962962962963
new wave,1981,1985,1981_1985,498,0.6546184738955824
new wave,1982,1986,1982_1986,484,0.6446280991735537
new wave,1983,1987,1983_1987,437,0.6270022883295194
new wave,1984,1988,1984_1988,362,0.6298342541436464
new wave,1985,1989,1985_1989,316,0.6360759493670886
new wave,1986,1990,1986_1990,232,0.646551724137931
new wave,1987,1991,1987_1991,180,0.6444444444444445
new wave,1988,1992,1988_1992,147,0.6598639455782312
new wave,1989,1993,1989_1993,155,0.632258064516129
new wave,1990,1994,1990_1994,112,0.6160714285714286
new wave,1991,1995,1991_1995,98,0.6632653061224489
new wave,1992,1996,1992_1996,87,0.6781609195402298
new wave,1993,1997,1993_1997,84,0.6666666666666666
new wave,1994,1998,1994_1998,63,0.7301587301587301
new wave,1995,1999,1995_1999,71,0.7323943661971831
new wave,1996,2000,1996_2000,57,0.7192982456140351
new wave,1997,2001,1997_2001,78,0.7051282051282052
new wave,1998,2002,1998_2002,76,0.6973684210526315
new wave,1999,2003,1999_2003,70,0.7142857142857143
new wave,2000,2004,2000_2004,77,0.7142857142857143
new wave,2001,2005,2001_2005,95,0.6947368421052632
new wave,2002,2006,2002_2006,81,0.691358024691358
new wave,2003,2007,2003_2007,75,0.68
new wave,2004,2008,2004_2008,84,0.6785714285714286
new wave,2005,2009,2005_2009,84,0.6547619047619048
new wave,2006,2010,2006_2010,92,0.6413043478260869
new wave,2007,2011,2007_2011,110,0.6363636363636364
new wave,2008,2012,2008_2012,134,0.6119402985074627
new wave,2009,2013,2009_2013,132,0.553030303030303
new wave,2010,2014,2010_2014,143,0.5454545454545454
new wave,2011,2015,2011_2015,146,0.541095890410959
new wave,2012,2016,2012_2016,157,0.5477707006369427
new wave,2013,2017,2013_2017,195,0.6
new wave,2014,2018,2014_2018,227,0.6299559471365639
new wave,2015,2019,2015_2019,226,0.6415929203539823
pop,1959,1963,1959_1963,22,0.9090909090909091
pop,1960,1964,1960_1964,26,0.9230769230769231
pop,1961,1965,1961_1965,31,0.9354838709677419
pop,1962,1966,1962_1966,46,0.8913043478260869
pop,1963,1967,1963_1967,47,0.8723404255319149
pop,1964,1968,1964_1968,46,0.7608695652173914
pop,1965,1969,1965_1969,51,0.7647058823529411
pop,1966,1970,1966_1970,51,0.7450980392156863
pop,1967,1971,1967_1971,48,0.7291666666666666
pop,1968,1972,1968_1972,53,0.7358490566037735
pop,1969,1973,1969_1973,69,0.8115942028985508
pop,1970,1974,1970_1974,77,0.8181818181818182
pop,1971,1975,1971_1975,82,0.8414634146341463
pop,1972,1976,1972_1976,85,0.8705882352941177
pop,1973,1977,1973_1977,88,0.8522727272727273
pop,1974,1978,1974_1978,76,0.8552631578947368
pop,1975,1979,1975_1979,80,0.775
pop,1976,1980,1976_1980,92,0.7282608695652174
pop,1977,1981,1977_1981,105,0.6857142857142857
pop,1978,1982,1978_1982,116,0.603448275862069
pop,1979,1983,1979_1983,144,0.6388888888888888
pop,1980,1984,1980_1984,167,0.6347305389221557
pop,1981,1985,1981_1985,179,0.6368715083798883
pop,1982,1986,1982_1986,213,0.6431924882629108
pop,1983,1987,1983_1987,278,0.6798561151079137
pop,1984,1988,1984_1988,314,0.6751592356687898
pop,1985,1989,1985_1989,368,0.7146739130434783
pop,1986,1990,1986_1990,392,0.7244897959183674
pop,1987,1991,1987_1991,417,0.7266187050359713
pop,1988,1992,1988_1992,420,0.7309523809523809
pop,1989,1993,1989_1993,445,0.7146067415730337
pop,1990,1994,1990_1994,428,0.6845794392523364
pop,1991,1995,1991_1995,502,0.6553784860557769
pop,1992,1996,1992_1996,507,0.6410256410256411
pop,1993,1997,1993_1997,537,0.638733705772812
pop,1994,1998,1994_1998,568,0.6390845070422535
pop,1995,1999,1995_1999,705,0.6524822695035462
pop,1996,2000,1996_2000,770,0.6558441558441559
pop,1997,2001,1997_2001,891,0.6363636363636364
pop,1998,2002,1998_2002,948,0.6265822784810127
pop,1999,2003,1999_2003,1088,0.625
pop,2000,2004,2000_2004,1077,0.6118848653667596
pop,2001,2005,2001_2005,1150,0.6139130434782609
pop,2002,2006,2002_2006,1204,0.6295681063122923
pop,2003,2007,2003_2007,1316,0.6405775075987842
pop,2004,2008,2004_2008,1432,0.6354748603351955
pop,2005,2009,2005_2009,1593,0.6465787821720025
pop,2006,2010,2006_2010,1709,0.652428320655354
pop,2007,2011,2007_2011,1876,0.6476545842217484
pop,2008,2012,2008_2012,2017,0.6375805651958354
pop,2009,2013,2009_2013,2178,0.6340679522497704
pop,2010,2014,2010_2014,2353,0.6294092647683808
pop,2011,2015,2011_2015,2596,0.6228813559322034
pop,2012,2016,2012_2016,2811,0.6150836001422981
pop,2013,2017,2013_2017,3143,0.6029271396754693
pop,2014,2018,2014_2018,3846,0.5894435777431097
pop,2015,2019,2015_2019,3726,0.5815888352120236
pop rock,1982,1986,1982_1986,21,0.7142857142857143
pop rock,1983,1987,1983_1987,21,0.7619047619047619
pop rock,1984,1988,1984_1988,26,0.7307692307692307
pop rock,1985,1989,1985_1989,28,0.7142857142857143
pop rock,1986,1990,1986_1990,28,0.7142857142857143
pop rock,1987,1991,1987_1991,30,0.7333333333333333
pop rock,1988,1992,1988_1992,23,0.6956521739130435
pop rock,1991,1995,1991_1995,27,0.8148148148148148
pop rock,1992,1996,1992_1996,26,0.8076923076923077
pop rock,1993,1997,1993_1997,34,0.8235294117647058
pop rock,1994,1998,1994_1998,39,0.8205128205128205
pop rock,1995,1999,1995_1999,45,0.8
pop rock,1996,2000,1996_2000,37,0.7837837837837838
pop rock,1997,2001,1997_2001,55,0.7636363636363637
pop rock,1998,2002,1998_2002,78,0.717948717948718
pop rock,1999,2003,1999_2003,101,0.693069306930693
pop rock,2000,2004,2000_2004,159,0.6792452830188679
pop rock,2001,2005,2001_2005,210,0.680952380952381
pop rock,2002,2006,2002_2006,230,0.7130434782608696
pop rock,2003,2007,2003_2007,285,0.7157894736842105
pop rock,2004,2008,2004_2008,335,0.7343283582089553
pop rock,2005,2009,2005_2009,328,0.7439024390243902
pop rock,2006,2010,2006_2010,314,0.7452229299363057
pop rock,2007,2011,2007_2011,352,0.7386363636363636
pop rock,2008,2012,2008_2012,314,0.7515923566878981
pop rock,2009,2013,2009_2013,343,0.7317784256559767
pop rock,2010,2014,2010_2014,381,0.7296587926509186
pop rock,2011,2015,2011_2015,416,0.7259615384615384
pop rock,2012,2016,2012_2016,408,0.7034313725490197
pop rock,2013,2017,2013_2017,508,0.7007874015748031
pop rock,2014,2018,2014_2018,610,0.6950819672131148
pop rock,2015,2019,2015_2019,555,0.6990990990990991
post-hardcore,1981,1985,1981_1985,21,0.7142857142857143
post-hardcore,1982,1986,1982_1986,22,0.6818181818181818
post-hardcore,1983,1987,1983_1987,23,0.6521739130434783
post-hardcore,1984,1988,1984_1988,22,0.6363636363636364
post-hardcore,1985,1989,1985_1989,29,0.6896551724137931
post-hardcore,1986,1990,1986_1990,22,0.6818181818181818
post-hardcore,1987,1991,1987_1991,26,0.7307692307692307
post-hardcore,1988,1992,1988_1992,26,0.7692307692307693
post-hardcore,1989,1993,1989_1993,39,0.7692307692307693
post-hardcore,1990,1994,1990_1994,39,0.7435897435897436
post-hardcore,1991,1995,1991_1995,37,0.6756756756756757
post-hardcore,1992,1996,1992_1996,35,0.6857142857142857
post-hardcore,1993,1997,1993_1997,35,0.6571428571428571
post-hardcore,1994,1998,1994_1998,37,0.6216216216216216
post-hardcore,1995,1999,1995_1999,30,0.6666666666666666
post-hardcore,1996,2000,1996_2000,41,0.6585365853658537
post-hardcore,1997,2001,1997_2001,58,0.6896551724137931
post-hardcore,1998,2002,1998_2002,78,0.6794871794871795
post-hardcore,1999,2003,1999_2003,99,0.5656565656565656
post-hardcore,2000,2004,2000_2004,119,0.5126050420168067
post-hardcore,2001,2005,2001_2005,153,0.49673202614379086
post-hardcore,2002,2006,2002_2006,176,0.44886363636363635
post-hardcore,2003,2007,2003_2007,202,0.4158415841584158
post-hardcore,2004,2008,2004_2008,206,0.41262135922330095
post-hardcore,2005,2009,2005_2009,239,0.4225941422594142
post-hardcore,2006,2010,2006_2010,270,0.43703703703703706
post-hardcore,2007,2011,2007_2011,323,0.4582043343653251
post-hardcore,2008,2012,2008_2012,354,0.4830508474576271
post-hardcore,2009,2013,2009_2013,474,0.5
post-hardcore,2010,2014,2010_2014,547,0.5045703839122486
post-hardcore,2011,2015,2011_2015,570,0.512280701754386
post-hardcore,2012,2016,2012_2016,649,0.4946070878274268
post-hardcore,2013,2017,2013_2017,671,0.4903129657228018
post-hardcore,2014,2018,2014_2018,690,0.5043478260869565
post-hardcore,2015,2019,2015_2019,611,0.5106382978723404
post-punk,1973,1977,1973_1977,27,0.8888888888888888
post-punk,1974,1978,1974_1978,69,0.7971014492753623
post-punk,1975,1979,1975_1979,152,0.6907894736842105
post-punk,1976,1980,1976_1980,218,0.7064220183486238
post-punk,1977,1981,1977_1981,317,0.6719242902208202
post-punk,1978,1982,1978_1982,331,0.6616314199395771
post-punk,1979,1983,1979_1983,331,0.6525679758308157
post-punk,1980,1984,1980_1984,302,0.6721854304635762
post-punk,1981,1985,1981_1985,294,0.6836734693877551
post-punk,1982,1986,1982_1986,228,0.7192982456140351
post-punk,1983,1987,1983_1987,238,0.7142857142857143
post-punk,1984,1988,1984_1988,229,0.7205240174672489
post-punk,1985,1989,1985_1989,197,0.7157360406091371
post-punk,1986,1990,1986_1990,149,0.6912751677852349
post-punk,1987,1991,1987_1991,123,0.6910569105691057
post-punk,1988,1992,1988_1992,82,0.6707317073170732
post-punk,1989,1993,1989_1993,55,0.6545454545454545
post-punk,1990,1994,1990_1994,42,0.6904761904761905
post-punk,1991,1995,1991_1995,39,0.5897435897435898
post-punk,1992,1996,1992_1996,40,0.625
post-punk,1993,1997,1993_1997,34,0.6470588235294118
post-punk,1994,1998,1994_1998,34,0.6470588235294118
post-punk,1995,1999,1995_1999,37,0.6756756756756757
post-punk,1996,2000,1996_2000,37,0.7027027027027027
post-punk,1997,2001,1997_2001,56,0.6607142857142857
post-punk,1998,2002,1998_2002,67,0.6417910447761194
post-punk,1999,2003,1999_2003,68,0.6470588235294118
post-punk,2000,2004,2000_2004,89,0.6067415730337079
post-punk,2001,2005,2001_2005,115,0.5739130434782609
post-punk,2002,2006,2002_2006,118,0.576271186440678
post-punk,2003,2007,2003_2007,141,0.574468085106383
post-punk,2004,2008,2004_2008,158,0.5759493670886076
post-punk,2005,2009,2005_2009,157,0.6114649681528662
post-punk,2006,2010,2006_2010,164,0.676829268292683
post-punk,2007,2011,2007_2011,173,0.6936416184971098
post-punk,2008,2012,2008_2012,194,0.7010309278350515
post-punk,2009,2013,2009_2013,255,0.6745098039215687
post-punk,2010,2014,2010_2014,299,0.6622073578595318
post-punk,2011,2015,2011_2015,346,0.6560693641618497
post-punk,2012,2016,2012_2016,374,0.6497326203208557
post-punk,2013,2017,2013_2017,428,0.633177570093458
post-punk,2014,2018,2014_2018,488,0.6495901639344263
post-punk,2015,2019,2015_2019,479,0.6492693110647182
power metal,1981,1985,1981_1985,24,0.7083333333333334
power metal,1982,1986,1982_1986,25,0.68
power metal,1983,1987,1983_1987,33,0.5757575757575758
power metal,1984,1988,1984_1988,51,0.5490196078431373
power metal,1985,1989,1985_1989,43,0.46511627906976744
power metal,1986,1990,1986_1990,38,0.4473684210526316
power metal,1987,1991,1987_1991,37,0.4594594594594595
power metal,1988,1992,1988_1992,28,0.39285714285714285
power metal,1990,1994,1990_1994,22,0.45454545454545453
power metal,1991,1995,1991_1995,28,0.35714285714285715
power metal,1992,1996,1992_1996,45,0.37777777777777777
power metal,1993,1997,1993_1997,42,0.42857142857142855
power metal,1994,1998,1994_1998,66,0.3484848484848485
power metal,1995,1999,1995_1999,68,0.35294117647058826
power metal,1996,2000,1996_2000,77,0.37662337662337664
power metal,1997,2001,1997_2001,91,0.46153846153846156
power metal,1998,2002,1998_2002,123,0.5040650406504065
power metal,1999,2003,1999_2003,102,0.5686274509803921
power metal,2000,2004,2000_2004,136,0.5220588235294118
power metal,2001,2005,2001_2005,137,0.5255474452554745
power metal,2002,2006,2002_2006,127,0.49606299212598426
power metal,2003,2007,2003_2007,134,0.43283582089552236
power metal,2004,2008,2004_2008,150,0.4266666666666667
power metal,2005,2009,2005_2009,130,0.43846153846153846
power metal,2006,2010,2006_2010,156,0.3782051282051282
power metal,2007,2011,2007_2011,186,0.34946236559139787
power metal,2008,2012,2008_2012,172,0.37790697674418605
power metal,2009,2013,2009_2013,179,0.3575418994413408
power metal,2010,2014,2010_2014,200,0.355
power metal,2011,2015,2011_2015,205,0.4195121951219512
power metal,2012,2016,2012_2016,237,0.45147679324894513
power metal,2013,2017,2013_2017,274,0.4306569343065693
power metal,2014,2018,2014_2018,335,0.4626865671641791
power metal,2015,2019,2015_2019,343,0.46647230320699706
progressive metal,1984,1988,1984_1988,21,0.38095238095238093
progressive metal,1985,1989,1985_1989,25,0.4
progressive metal,1986,1990,1986_1990,33,0.45454545454545453
progressive metal,1987,1991,1987_1991,31,0.4838709677419355
progressive metal,1988,1992,1988_1992,33,0.5151515151515151
progressive metal,1989,1993,1989_1993,35,0.5142857142857142
progressive metal,1990,1994,1990_1994,40,0.525
progressive metal,1991,1995,1991_1995,48,0.5
progressive metal,1992,1996,1992_1996,57,0.49122807017543857
progressive metal,1993,1997,1993_1997,71,0.5492957746478874
progressive metal,1994,1998,1994_1998,85,0.5529411764705883
progressive metal,1995,1999,1995_1999,106,0.5943396226415094
progressive metal,1996,2000,1996_2000,94,0.6063829787234043
progressive metal,1997,2001,1997_2001,105,0.6476190476190476
progressive metal,1998,2002,1998_2002,113,0.6194690265486725
progressive metal,1999,2003,1999_2003,116,0.646551724137931
progressive metal,2000,2004,2000_2004,116,0.6120689655172413
progressive metal,2001,2005,2001_2005,159,0.559748427672956
progressive metal,2002,2006,2002_2006,183,0.5355191256830601
progressive metal,2003,2007,2003_2007,203,0.5270935960591133
progressive metal,2004,2008,2004_2008,223,0.4977578475336323
progressive metal,2005,2009,2005_2009,263,0.5209125475285171
progressive metal,2006,2010,2006_2010,251,0.5179282868525896
progressive metal,2007,2011,2007_2011,267,0.5131086142322098
progressive metal,2008,2012,2008_2012,300,0.5133333333333333
progressive metal,2009,2013,2009_2013,324,0.5462962962962963
progressive metal,2010,2014,2010_2014,322,0.5248447204968945
progressive metal,2011,2015,2011_2015,353,0.5240793201133145
progressive metal,2012,2016,2012_2016,412,0.5412621359223301
progressive metal,2013,2017,2013_2017,415,0.5397590361445783
progressive metal,2014,2018,2014_2018,450,0.5311111111111111
progressive metal,2015,2019,2015_2019,441,0.5260770975056689
progressive rock,1963,1967,1963_1967,25,0.6
progressive rock,1964,1968,1964_1968,34,0.6470588235294118
progressive rock,1965,1969,1965_1969,76,0.6710526315789473
progressive rock,1966,1970,1966_1970,127,0.6614173228346457
progressive rock,1967,1971,1967_1971,190,0.6421052631578947
progressive rock,1968,1972,1968_1972,231,0.670995670995671
progressive rock,1969,1973,1969_1973,259,0.667953667953668
progressive rock,1970,1974,1970_1974,264,0.6553030303030303
progressive rock,1971,1975,1971_1975,256,0.66015625
progressive rock,1972,1976,1972_1976,234,0.6581196581196581
progressive rock,1973,1977,1973_1977,219,0.6621004566210046
progressive rock,1974,1978,1974_1978,216,0.6805555555555556
progressive rock,1975,1979,1975_1979,205,0.7073170731707317
progressive rock,1976,1980,1976_1980,187,0.7112299465240641
progressive rock,1977,1981,1977_1981,169,0.727810650887574
progressive rock,1978,1982,1978_1982,168,0.6904761904761905
progressive rock,1979,1983,1979_1983,155,0.6774193548387096
progressive rock,1980,1984,1980_1984,134,0.6492537313432836
progressive rock,1981,1985,1981_1985,121,0.628099173553719
progressive rock,1982,1986,1982_1986,108,0.6759259259259259
progressive rock,1983,1987,1983_1987,83,0.7469879518072289
progressive rock,1984,1988,1984_1988,66,0.7272727272727273
progressive rock,1985,1989,1985_1989,55,0.7454545454545455
progressive rock,1986,1990,1986_1990,47,0.8085106382978723
progressive rock,1987,1991,1987_1991,42,0.7142857142857143
progressive rock,1988,1992,1988_1992,41,0.6341463414634146
progressive rock,1989,1993,1989_1993,48,0.6458333333333334
progressive rock,1990,1994,1990_1994,55,0.6181818181818182
progressive rock,1991,1995,1991_1995,64,0.59375
progressive rock,1992,1996,1992_1996,68,0.5882352941176471
progressive rock,1993,1997,1993_1997,56,0.5535714285714286
progressive rock,1994,1998,1994_1998,48,0.5208333333333334
progressive rock,1995,1999,1995_1999,47,0.574468085106383
progressive rock,1996,2000,1996_2000,57,0.6140350877192983
progressive rock,1997,2001,1997_2001,50,0.58
progressive rock,1998,2002,1998_2002,72,0.5277777777777778
progressive rock,1999,2003,1999_2003,103,0.49514563106796117
progressive rock,2000,2004,2000_2004,128,0.5078125
progressive rock,2001,2005,2001_2005,135,0.48148148148148145
progressive rock,2002,2006,2002_2006,161,0.5093167701863354
progressive rock,2003,2007,2003_2007,181,0.5414364640883977
progressive rock,2004,2008,2004_2008,175,0.5657142857142857
progressive rock,2005,2009,2005_2009,175,0.5314285714285715
progressive rock,2006,2010,2006_2010,169,0.5266272189349113
progressive rock,2007,2011,2007_2011,161,0.515527950310559
progressive rock,2008,2012,2008_2012,165,0.5393939393939394
progressive rock,2009,2013,2009_2013,176,0.5454545454545454
progressive rock,2010,2014,2010_2014,195,0.5846153846153846
progressive rock,2011,2015,2011_2015,247,0.5951417004048583
progressive rock,2012,2016,2012_2016,278,0.5611510791366906
progressive rock,2013,2017,2013_2017,298,0.5369127516778524
progressive rock,2014,2018,2014_2018,355,0.5126760563380282
progressive rock,2015,2019,2015_2019,318,0.5
psychedelic rock,1963,1967,1963_1967,104,0.7307692307692307
psychedelic rock,1964,1968,1964_1968,160,0.75
psychedelic rock,1965,1969,1965_1969,181,0.7403314917127072
psychedelic rock,1966,1970,1966_1970,207,0.7391304347826086
psychedelic rock,1967,1971,1967_1971,205,0.7317073170731707
psychedelic rock,1968,1972,1968_1972,130,0.7230769230769231
psychedelic rock,1969,1973,1969_1973,89,0.6741573033707865
psychedelic rock,1970,1974,1970_1974,82,0.7073170731707317
psychedelic rock,1971,1975,1971_1975,65,0.6461538461538462
psychedelic rock,1972,1976,1972_1976,54,0.6296296296296297
psychedelic rock,1973,1977,1973_1977,47,0.5957446808510638
psychedelic rock,1974,1978,1974_1978,35,0.5714285714285714
psychedelic rock,1975,1979,1975_1979,46,0.5217391304347826
psychedelic rock,1976,1980,1976_1980,35,0.5714285714285714
psychedelic rock,1977,1981,1977_1981,35,0.6
psychedelic rock,1978,1982,1978_1982,32,0.65625
psychedelic rock,1979,1983,1979_1983,38,0.7105263157894737
psychedelic rock,1983,1987,1983_1987,22,0.9090909090909091
psychedelic rock,1986,1990,1986_1990,20,0.85
psychedelic rock,1987,1991,1987_1991,23,0.8695652173913043
psychedelic rock,1988,1992,1988_1992,20,0.85
psychedelic rock,1989,1993,1989_1993,27,0.7407407407407407
psychedelic rock,1990,1994,1990_1994,45,0.6888888888888889
psychedelic rock,1991,1995,1991_1995,55,0.6181818181818182
psychedelic rock,1992,1996,1992_1996,62,0.5806451612903226
psychedelic rock,1993,1997,1993_1997,59,0.559322033898305
psychedelic rock,1994,1998,1994_1998,54,0.5925925925925926
psychedelic rock,1995,1999,1995_1999,43,0.5813953488372093
psychedelic rock,1996,2000,1996_2000,29,0.6206896551724138
psychedelic rock,1997,2001,1997_2001,25,0.6
psychedelic rock,1998,2002,1998_2002,30,0.5666666666666667
psychedelic rock,1999,2003,1999_2003,33,0.5151515151515151
psychedelic rock,2000,2004,2000_2004,47,0.574468085106383
psychedelic rock,2001,2005,2001_2005,48,0.5833333333333334
psychedelic rock,2002,2006,2002_2006,58,0.6206896551724138
psychedelic rock,2003,2007,2003_2007,60,0.6
psychedelic rock,2004,2008,2004_2008,71,0.647887323943662
psychedelic rock,2005,2009,2005_2009,79,0.569620253164557
psychedelic rock,2006,2010,2006_2010,118,0.6016949152542372
psychedelic rock,2007,2011,2007_2011,134,0.582089552238806
psychedelic rock,2008,2012,2008_2012,168,0.5833333333333334
psychedelic rock,2009,2013,2009_2013,215,0.586046511627907
psychedelic rock,2010,2014,2010_2014,256,0.59765625
psychedelic rock,2011,2015,2011_2015,282,0.599290780141844
psychedelic rock,2012,2016,2012_2016,329,0.6413373860182371
psychedelic rock,2013,2017,2013_2017,374,0.6363636363636364
psychedelic rock,2014,2018,2014_2018,376,0.6329787234042553
psychedelic rock,2015,2019,2015_2019,332,0.641566265060241
punk,1969,1973,1969_1973,27,0.7037037037037037
punk,1970,1974,1970_1974,21,0.7142857142857143
punk,1971,1975,1971_1975,21,0.7142857142857143
punk,1972,1976,1972_1976,42,0.7142857142857143
punk,1973,1977,1973_1977,114,0.7807017543859649
punk,1974,1978,1974_1978,147,0.7891156462585034
punk,1975,1979,1975_1979,208,0.7692307692307693
punk,1976,1980,1976_1980,224,0.78125
punk,1977,1981,1977_1981,217,0.7788018433179723
punk,1978,1982,1978_1982,192,0.75
punk,1979,1983,1979_1983,149,0.7449664429530202
punk,1980,1984,1980_1984,98,0.7551020408163265
punk,1981,1985,1981_1985,93,0.7096774193548387
punk,1982,1986,1982_1986,102,0.7450980392156863
punk,1983,1987,1983_1987,62,0.7580645161290323
punk,1984,1988,1984_1988,75,0.7733333333333333
punk,1985,1989,1985_1989,94,0.7978723404255319
punk,1986,1990,1986_1990,99,0.8181818181818182
punk,1987,1991,1987_1991,97,0.8144329896907216
punk,1988,1992,1988_1992,133,0.7744360902255639
punk,1989,1993,1989_1993,143,0.7342657342657343
punk,1990,1994,1990_1994,180,0.7444444444444445
punk,1991,1995,1991_1995,213,0.7370892018779343
punk,1992,1996,1992_1996,227,0.7444933920704846
punk,1993,1997,1993_1997,256,0.78125
punk,1994,1998,1994_1998,262,0.7977099236641222
punk,1995,1999,1995_1999,221,0.7828054298642534
punk,1996,2000,1996_2000,230,0.7739130434782608
punk,1997,2001,1997_2001,258,0.7790697674418605
punk,1998,2002,1998_2002,276,0.7898550724637681
punk,1999,2003,1999_2003,334,0.7784431137724551
punk,2000,2004,2000_2004,409,0.7775061124694377
punk,2001,2005,2001_2005,398,0.7814070351758794
punk,2002,2006,2002_2006,394,0.748730964467005
punk,2003,2007,2003_2007,355,0.6957746478873239
punk,2004,2008,2004_2008,306,0.696078431372549
punk,2005,2009,2005_2009,264,0.7045454545454546
punk,2006,2010,2006_2010,257,0.7003891050583657
punk,2007,2011,2007_2011,250,0.732
punk,2008,2012,2008_2012,251,0.7609561752988048
punk,2009,2013,2009_2013,264,0.7386363636363636
punk,2010,2014,2010_2014,266,0.7443609022556391
punk,2011,2015,2011_2015,291,0.7628865979381443
punk,2012,2016,2012_2016,348,0.764367816091954
punk,2013,2017,2013_2017,433,0.7944572748267898
punk,2014,2018,2014_2018,592,0.8091216216216216
punk,2015,2019,2015_2019,599,0.7996661101836394
rap,1984,1988,1984_1988,23,0.5652173913043478
rap,1985,1989,1985_1989,30,0.5666666666666667
rap,1986,1990,1986_1990,46,0.5217391304347826
rap,1987,1991,1987_1991,50,0.52
rap,1988,1992,1988_1992,59,0.5254237288135594
rap,1989,1993,1989_1993,67,0.5671641791044776
rap,1990,1994,1990_1994,87,0.5287356321839081
rap,1991,1995,1991_1995,100,0.52
rap,1992,1996,1992_1996,114,0.5263157894736842
rap,1993,1997,1993_1997,119,0.5378151260504201
rap,1994,1998,1994_1998,115,0.5043478260869565
rap,1995,1999,1995_1999,125,0.528
rap,1996,2000,1996_2000,127,0.5118110236220472
rap,1997,2001,1997_2001,134,0.5223880597014925
rap,1998,2002,1998_2002,162,0.5185185185185185
rap,1999,2003,1999_2003,170,0.5294117647058824
rap,2000,2004,2000_2004,198,0.5353535353535354
rap,2001,2005,2001_2005,215,0.5627906976744186
rap,2002,2006,2002_2006,215,0.5674418604651162
rap,2003,2007,2003_2007,201,0.5671641791044776
rap,2004,2008,2004_2008,206,0.5436893203883495
rap,2005,2009,2005_2009,192,0.5260416666666666
rap,2006,2010,2006_2010,231,0.5454545454545454
rap,2007,2011,2007_2011,285,0.5333333333333333
rap,2008,2012,2008_2012,349,0.5386819484240688
rap,2009,2013,2009_2013,466,0.5600858369098712
rap,2010,2014,2010_2014,556,0.5503597122302158
rap,2011,2015,2011_2015,665,0.5428571428571428
rap,2012,2016,2012_2016,985,0.5593908629441624
rap,2013,2017,2013_2017,1652,0.5478208232445521
rap,2014,2018,2014_2018,2476,0.5411954765751211
rap,2015,2019,2015_2019,2631,0.5492208285822882
reggae,1969,1973,1969_1973,28,0.7142857142857143
reggae,1970,1974,1970_1974,28,0.6428571428571429
reggae,1971,1975,1971_1975,29,0.6206896551724138
reggae,1972,1976,1972_1976,42,0.5476190476190477
reggae,1973,1977,1973_1977,63,0.5238095238095238
reggae,1974,1978,1974_1978,61,0.4426229508196721
reggae,1975,1979,1975_1979,68,0.4411764705882353
reggae,1976,1980,1976_1980,86,0.47674418604651164
reggae,1977,1981,1977_1981,76,0.5
reggae,1978,1982,1978_1982,58,0.5172413793103449
reggae,1979,1983,1979_1983,49,0.6122448979591837
reggae,1980,1984,1980_1984,43,0.627906976744186
reggae,1981,1985,1981_1985,25,0.64
reggae,1982,1986,1982_1986,23,0.6521739130434783
reggae,1983,1987,1983_1987,23,0.6086956521739131
reggae,1984,1988,1984_1988,21,0.6666666666666666
reggae,1990,1994,1990_1994,26,0.5769230769230769
reggae,1991,1995,1991_1995,30,0.5666666666666667
reggae,1992,1996,1992_1996,38,0.5789473684210527
reggae,1993,1997,1993_1997,47,0.6595744680851063
reggae,1994,1998,1994_1998,59,0.576271186440678
reggae,1995,1999,1995_1999,56,0.5178571428571429
reggae,1996,2000,1996_2000,67,0.5522388059701493
reggae,1997,2001,1997_2001,79,0.4936708860759494
reggae,1998,2002,1998_2002,93,0.4946236559139785
reggae,1999,2003,1999_2003,90,0.5444444444444444
reggae,2000,2004,2000_2004,89,0.550561797752809
reggae,2001,2005,2001_2005,98,0.4897959183673469
reggae,2002,2006,2002_2006,106,0.4811320754716981
reggae,2003,2007,2003_2007,103,0.4174757281553398
reggae,2004,2008,2004_2008,113,0.3805309734513274
reggae,2005,2009,2005_2009,123,0.4065040650406504
reggae,2006,2010,2006_2010,119,0.42016806722689076
reggae,2007,2011,2007_2011,112,0.48214285714285715
reggae,2008,2012,2008_2012,133,0.46616541353383456
reggae,2009,2013,2009_2013,164,0.4817073170731707
reggae,2010,2014,2010_2014,170,0.4588235294117647
reggae,2011,2015,2011_2015,180,0.4888888888888889
reggae,2012,2016,2012_2016,201,0.4577114427860697
reggae,2013,2017,2013_2017,208,0.46153846153846156
reggae,2014,2018,2014_2018,213,0.4694835680751174
reggae,2015,2019,2015_2019,201,0.46766169154228854
rock,1955,1959,1955_1959,22,0.9090909090909091
rock,1956,1960,1956_1960,26,0.8461538461538461
rock,1957,1961,1957_1961,21,0.8571428571428571
rock,1958,1962,1958_1962,22,0.8636363636363636
rock,1959,1963,1959_1963,22,0.7727272727272727
rock,1960,1964,1960_1964,21,0.8095238095238095
rock,1961,1965,1961_1965,25,0.76
rock,1962,1966,1962_1966,23,0.7391304347826086
rock,1963,1967,1963_1967,30,0.7
rock,1964,1968,1964_1968,26,0.6923076923076923
rock,1965,1969,1965_1969,29,0.6896551724137931
rock,1966,1970,1966_1970,32,0.71875
rock,1967,1971,1967_1971,36,0.7222222222222222
rock,1968,1972,1968_1972,39,0.7435897435897436
rock,1969,1973,1969_1973,48,0.75
rock,1970,1974,1970_1974,46,0.717391304347826
rock,1971,1975,1971_1975,39,0.7692307692307693
rock,1972,1976,1972_1976,42,0.7619047619047619
rock,1973,1977,1973_1977,36,0.7777777777777778
rock,1974,1978,1974_1978,27,0.7407407407407407
rock,1975,1979,1975_1979,37,0.7297297297297297
rock,1976,1980,1976_1980,39,0.6666666666666666
rock,1977,1981,1977_1981,46,0.717391304347826
rock,1978,1982,1978_1982,55,0.7090909090909091
rock,1979,1983,1979_1983,58,0.7413793103448276
rock,1980,1984,1980_1984,64,0.75
rock,1981,1985,1981_1985,78,0.782051282051282
rock,1982,1986,1982_1986,91,0.7582417582417582
rock,1983,1987,1983_1987,110,0.7545454545454545
rock,1984,1988,1984_1988,135,0.7333333333333333
rock,1985,1989,1985_1989,163,0.7423312883435583
rock,1986,1990,1986_1990,188,0.7287234042553191
rock,1987,1991,1987_1991,200,0.715
rock,1988,1992,1988_1992,211,0.7203791469194313
rock,1989,1993,1989_1993,247,0.728744939271255
rock,1990,1994,1990_1994,275,0.7272727272727273
rock,1991,1995,1991_1995,352,0.7357954545454546
rock,1992,1996,1992_1996,392,0.7372448979591837
rock,1993,1997,1993_1997,431,0.7354988399071926
rock,1994,1998,1994_1998,421,0.7292161520190024
rock,1995,1999,1995_1999,408,0.7205882352941176
rock,1996,2000,1996_2000,365,0.7041095890410959
rock,1997,2001,1997_2001,362,0.7099447513812155
rock,1998,2002,1998_2002,371,0.6846361185983828
rock,1999,2003,1999_2003,400,0.6775
rock,2000,2004,2000_2004,435,0.6827586206896552
rock,2001,2005,2001_2005,483,0.6811594202898551
rock,2002,2006,2002_2006,513,0.6510721247563352
rock,2003,2007,2003_2007,576,0.65625
rock,2004,2008,2004_2008,617,0.653160453808752
rock,2005,2009,2005_2009,671,0.6512667660208644
rock,2006,2010,2006_2010,669,0.6532137518684604
rock,2007,2011,2007_2011,740,0.6837837837837838
rock,2008,2012,2008_2012,742,0.6846361185983828
rock,2009,2013,2009_2013,817,0.6976744186046512
rock,2010,2014,2010_2014,825,0.6775757575757576
rock,2011,2015,2011_2015,885,0.6757062146892655
rock,2012,2016,2012_2016,928,0.6540948275862069
rock,2013,2017,2013_2017,978,0.6370143149284253
rock,2014,2018,2014_2018,1012,0.6264822134387352
rock,2015,2019,2015_2019,952,0.6407563025210085
samba,1963,1967,1963_1967,20,0.45
samba,1964,1968,1964_1968,20,0.45
samba,1965,1969,1965_1969,29,0.4827586206896552
samba,1966,1970,1966_1970,33,0.5151515151515151
samba,1967,1971,1967_1971,36,0.5555555555555556
samba,1968,1972,1968_1972,48,0.5833333333333334
samba,1969,1973,1969_1973,47,0.6170212765957447
samba,1970,1974,1970_1974,57,0.631578947368421
samba,1971,1975,1971_1975,67,0.5671641791044776
samba,1972,1976,1972_1976,66,0.5454545454545454
samba,1973,1977,1973_1977,63,0.5396825396825397
samba,1974,1978,1974_1978,62,0.5483870967741935
samba,1975,1979,1975_1979,48,0.5208333333333334
samba,1976,1980,1976_1980,39,0.5897435897435898
samba,1977,1981,1977_1981,34,0.7058823529411765
samba,1978,1982,1978_1982,20,0.7
samba,1990,1994,1990_1994,26,0.6153846153846154
samba,1991,1995,1991_1995,31,0.6129032258064516
samba,1992,1996,1992_1996,33,0.6060606060606061
samba,1993,1997,1993_1997,31,0.7419354838709677
samba,1994,1998,1994_1998,35,0.7142857142857143
samba,1995,1999,1995_1999,53,0.6792452830188679
samba,1996,2000,1996_2000,66,0.696969696969697
samba,1997,2001,1997_2001,77,0.7012987012987013
samba,1998,2002,1998_2002,83,0.6506024096385542
samba,1999,2003,1999_2003,90,0.6666666666666666
samba,2000,2004,2000_2004,74,0.6486486486486487
samba,2001,2005,2001_2005,80,0.65
samba,2002,2006,2002_2006,80,0.575
samba,2003,2007,2003_2007,95,0.5684210526315789
samba,2004,2008,2004_2008,91,0.5274725274725275
samba,2005,2009,2005_2009,86,0.5465116279069767
samba,2006,2010,2006_2010,66,0.5
samba,2007,2011,2007_2011,77,0.5844155844155844
samba,2008,2012,2008_2012,71,0.5774647887323944
samba,2009,2013,2009_2013,77,0.5974025974025974
samba,2010,2014,2010_2014,90,0.5333333333333333
samba,2011,2015,2011_2015,109,0.5321100917431193
samba,2012,2016,2012_2016,110,0.509090909090909
samba,2013,2017,2013_2017,110,0.5454545454545454
samba,2014,2018,2014_2018,120,0.575
samba,2015,2019,2015_2019,106,0.6132075471698113
shoegaze,1981,1985,1981_1985,25,0.64
shoegaze,1982,1986,1982_1986,28,0.6071428571428571
shoegaze,1983,1987,1983_1987,33,0.696969696969697
shoegaze,1984,1988,1984_1988,47,0.723404255319149
shoegaze,1985,1989,1985_1989,53,0.7924528301886793
shoegaze,1986,1990,1986_1990,92,0.7717391304347826
shoegaze,1987,1991,1987_1991,123,0.7723577235772358
shoegaze,1988,1992,1988_1992,158,0.7278481012658228
shoegaze,1989,1993,1989_1993,191,0.7068062827225131
shoegaze,1990,1994,1990_1994,215,0.6511627906976745
shoegaze,1991,1995,1991_1995,191,0.6492146596858639
shoegaze,1992,1996,1992_1996,176,0.6363636363636364
shoegaze,1993,1997,1993_1997,141,0.6453900709219859
shoegaze,1994,1998,1994_1998,100,0.67
shoegaze,1995,1999,1995_1999,66,0.7727272727272727
shoegaze,1996,2000,1996_2000,48,0.7083333333333334
shoegaze,1997,2001,1997_2001,40,0.725
shoegaze,1998,2002,1998_2002,32,0.6875
shoegaze,1999,2003,1999_2003,50,0.68
shoegaze,2000,2004,2000_2004,64,0.734375
shoegaze,2001,2005,2001_2005,69,0.7536231884057971
shoegaze,2002,2006,2002_2006,93,0.7741935483870968
shoegaze,2003,2007,2003_2007,132,0.7045454545454546
shoegaze,2004,2008,2004_2008,151,0.7218543046357616
shoegaze,2005,2009,2005_2009,180,0.6888888888888889
shoegaze,2006,2010,2006_2010,242,0.6694214876033058
shoegaze,2007,2011,2007_2011,297,0.6599326599326599
shoegaze,2008,2012,2008_2012,348,0.6580459770114943
shoegaze,2009,2013,2009_2013,362,0.6519337016574586
shoegaze,2010,2014,2010_2014,402,0.6666666666666666
shoegaze,2011,2015,2011_2015,424,0.6957547169811321
shoegaze,2012,2016,2012_2016,455,0.6901098901098901
shoegaze,2013,2017,2013_2017,494,0.7246963562753036
shoegaze,2014,2018,2014_2018,562,0.7153024911032029
shoegaze,2015,2019,2015_2019,524,0.7137404580152672
singer-songwriter,1960,1964,1960_1964,20,0.9
singer-songwriter,1961,1965,1961_1965,36,0.8888888888888888
singer-songwriter,1962,1966,1962_1966,43,0.8604651162790697
singer-songwriter,1963,1967,1963_1967,63,0.7777777777777778
singer-songwriter,1964,1968,1964_1968,72,0.7083333333333334
singer-songwriter,1965,1969,1965_1969,101,0.7227722772277227
singer-songwriter,1966,1970,1966_1970,127,0.6771653543307087
singer-songwriter,1967,1971,1967_1971,160,0.7
singer-songwriter,1968,1972,1968_1972,157,0.7261146496815286
singer-songwriter,1969,1973,1969_1973,164,0.7621951219512195
singer-songwriter,1970,1974,1970_1974,141,0.7304964539007093
singer-songwriter,1971,1975,1971_1975,109,0.7706422018348624
singer-songwriter,1972,1976,1972_1976,82,0.7439024390243902
singer-songwriter,1973,1977,1973_1977,71,0.7323943661971831
singer-songwriter,1974,1978,1974_1978,68,0.6176470588235294
singer-songwriter,1975,1979,1975_1979,56,0.6607142857142857
singer-songwriter,1976,1980,1976_1980,53,0.6037735849056604
singer-songwriter,1977,1981,1977_1981,41,0.6097560975609756
singer-songwriter,1978,1982,1978_1982,38,0.5789473684210527
singer-songwriter,1979,1983,1979_1983,24,0.7083333333333334
singer-songwriter,1980,1984,1980_1984,20,0.65
singer-songwriter,1981,1985,1981_1985,29,0.6551724137931034
singer-songwriter,1982,1986,1982_1986,31,0.6129032258064516
singer-songwriter,1983,1987,1983_1987,38,0.631578947368421
singer-songwriter,1984,1988,1984_1988,50,0.64
singer-songwriter,1985,1989,1985_1989,68,0.6911764705882353
singer-songwriter,1986,1990,1986_1990,54,0.7407407407407407
singer-songwriter,1987,1991,1987_1991,61,0.7704918032786885
singer-songwriter,1988,1992,1988_1992,75,0.8
singer-songwriter,1989,1993,1989_1993,85,0.7529411764705882
singer-songwriter,1990,1994,1990_1994,112,0.6964285714285714
singer-songwriter,1991,1995,1991_1995,153,0.7124183006535948
singer-songwriter,1992,1996,1992_1996,175,0.7085714285714285
singer-songwriter,1993,1997,1993_1997,178,0.6797752808988764
singer-songwriter,1994,1998,1994_1998,216,0.6759259259259259
singer-songwriter,1995,1999,1995_1999,200,0.675
singer-songwriter,1996,2000,1996_2000,211,0.6398104265402843
singer-songwriter,1997,2001,1997_2001,241,0.6431535269709544
singer-songwriter,1998,2002,1998_2002,283,0.6607773851590106
singer-songwriter,1999,2003,1999_2003,299,0.6923076923076923
singer-songwriter,2000,2004,2000_2004,391,0.6879795396419437
singer-songwriter,2001,2005,2001_2005,510,0.6980392156862745
singer-songwriter,2002,2006,2002_2006,587,0.706984667802385
singer-songwriter,2003,2007,2003_2007,735,0.7183673469387755
singer-songwriter,2004,2008,2004_2008,780,0.717948717948718
singer-songwriter,2005,2009,2005_2009,777,0.7348777348777349
singer-songwriter,2006,2010,2006_2010,692,0.7514450867052023
singer-songwriter,2007,2011,2007_2011,673,0.7429420505200595
singer-songwriter,2008,2012,2008_2012,579,0.7478411053540587
singer-songwriter,2009,2013,2009_2013,587,0.7529812606473595
singer-songwriter,2010,2014,2010_2014,637,0.7378335949764521
singer-songwriter,2011,2015,2011_2015,708,0.7076271186440678
singer-songwriter,2012,2016,2012_2016,794,0.698992443324937
singer-songwriter,2013,2017,2013_2017,991,0.6922300706357215
singer-songwriter,2014,2018,2014_2018,1287,0.6767676767676768
singer-songwriter,2015,2019,2015_2019,1302,0.6766513056835638
soft rock,1967,1971,1967_1971,21,0.8095238095238095
soft rock,1968,1972,1968_1972,42,0.6904761904761905
soft rock,1969,1973,1969_1973,49,0.7142857142857143
soft rock,1970,1974,1970_1974,56,0.7321428571428571
soft rock,1971,1975,1971_1975,63,0.7619047619047619
soft rock,1972,1976,1972_1976,67,0.7611940298507462
soft rock,1973,1977,1973_1977,56,0.8392857142857143
soft rock,1974,1978,1974_1978,66,0.8181818181818182
soft rock,1975,1979,1975_1979,80,0.8
soft rock,1976,1980,1976_1980,83,0.8072289156626506
soft rock,1977,1981,1977_1981,77,0.7532467532467533
soft rock,1978,1982,1978_1982,70,0.7285714285714285
soft rock,1979,1983,1979_1983,54,0.7407407407407407
soft rock,1980,1984,1980_1984,37,0.7297297297297297
soft rock,1981,1985,1981_1985,32,0.625
soft rock,1982,1986,1982_1986,38,0.7368421052631579
soft rock,1983,1987,1983_1987,42,0.7380952380952381
soft rock,1984,1988,1984_1988,46,0.7391304347826086
soft rock,1985,1989,1985_1989,64,0.703125
soft rock,1986,1990,1986_1990,56,0.7321428571428571
soft rock,1987,1991,1987_1991,47,0.723404255319149
soft rock,1988,1992,1988_1992,39,0.7435897435897436
soft rock,1989,1993,1989_1993,43,0.6976744186046512
soft rock,1990,1994,1990_1994,23,0.782608695652174
soft rock,1991,1995,1991_1995,26,0.7307692307692307
soft rock,1992,1996,1992_1996,25,0.72
soft rock,1993,1997,1993_1997,32,0.78125
soft rock,1994,1998,1994_1998,22,0.8636363636363636
soft rock,1995,1999,1995_1999,24,0.75
soft rock,1996,2000,1996_2000,20,0.75
soft rock,1997,2001,1997_2001,24,0.7083333333333334
soft rock,1998,2002,1998_2002,24,0.7083333333333334
soft rock,1999,2003,1999_2003,27,0.6666666666666666
soft rock,2000,2004,2000_2004,30,0.7333333333333333
soft rock,2001,2005,2001_2005,36,0.7222222222222222
soft rock,2002,2006,2002_2006,37,0.7567567567567568
soft rock,2003,2007,2003_2007,32,0.71875
soft rock,2004,2008,2004_2008,32,0.6875
soft rock,2005,2009,2005_2009,33,0.7272727272727273
soft rock,2006,2010,2006_2010,31,0.7419354838709677
soft rock,2007,2011,2007_2011,34,0.7058823529411765
soft rock,2008,2012,2008_2012,46,0.6956521739130435
soft rock,2009,2013,2009_2013,44,0.7272727272727273
soft rock,2010,2014,2010_2014,49,0.7346938775510204
soft rock,2011,2015,2011_2015,53,0.7924528301886793
soft rock,2012,2016,2012_2016,52,0.8269230769230769
soft rock,2013,2017,2013_2017,56,0.8571428571428571
soft rock,2014,2018,2014_2018,73,0.7945205479452054
soft rock,2015,2019,2015_2019,64,0.75
soul,1955,1959,1955_1959,20,0.9
soul,1956,1960,1956_1960,29,0.896551724137931
soul,1957,1961,1957_1961,34,0.8823529411764706
soul,1958,1962,1958_1962,31,0.9032258064516129
soul,1959,1963,1959_1963,32,0.90625
soul,1960,1964,1960_1964,63,0.9047619047619048
soul,1961,1965,1961_1965,73,0.8904109589041096
soul,1962,1966,1962_1966,87,0.8620689655172413
soul,1963,1967,1963_1967,110,0.8272727272727273
soul,1964,1968,1964_1968,144,0.8194444444444444
soul,1965,1969,1965_1969,133,0.7894736842105263
soul,1966,1970,1966_1970,153,0.7712418300653595
soul,1967,1971,1967_1971,150,0.7733333333333333
soul,1968,1972,1968_1972,164,0.75
soul,1969,1973,1969_1973,152,0.6973684210526315
soul,1970,1974,1970_1974,140,0.6785714285714286
soul,1971,1975,1971_1975,123,0.6341463414634146
soul,1972,1976,1972_1976,122,0.5983606557377049
soul,1973,1977,1973_1977,93,0.5698924731182796
soul,1974,1978,1974_1978,79,0.5443037974683544
soul,1975,1979,1975_1979,84,0.5357142857142857
soul,1976,1980,1976_1980,75,0.5733333333333334
soul,1977,1981,1977_1981,74,0.5675675675675675
soul,1978,1982,1978_1982,83,0.5783132530120482
soul,1979,1983,1979_1983,75,0.6266666666666667
soul,1980,1984,1980_1984,70,0.6
soul,1981,1985,1981_1985,82,0.5853658536585366
soul,1982,1986,1982_1986,87,0.632183908045977
soul,1983,1987,1983_1987,95,0.6842105263157895
soul,1984,1988,1984_1988,105,0.6761904761904762
soul,1985,1989,1985_1989,121,0.7107438016528925
soul,1986,1990,1986_1990,120,0.75
soul,1987,1991,1987_1991,132,0.7424242424242424
soul,1988,1992,1988_1992,137,0.6861313868613139
soul,1989,1993,1989_1993,149,0.7114093959731543
soul,1990,1994,1990_1994,157,0.6560509554140127
soul,1991,1995,1991_1995,166,0.6325301204819277
soul,1992,1996,1992_1996,178,0.601123595505618
soul,1993,1997,1993_1997,186,0.5752688172043011
soul,1994,1998,1994_1998,214,0.5
soul,1995,1999,1995_1999,225,0.5244444444444445
soul,1996,2000,1996_2000,228,0.49122807017543857
soul,1997,2001,1997_2001,240,0.4708333333333333
soul,1998,2002,1998_2002,271,0.4797047970479705
soul,1999,2003,1999_2003,274,0.5145985401459854
soul,2000,2004,2000_2004,270,0.48148148148148145
soul,2001,2005,2001_2005,306,0.5065359477124183
soul,2002,2006,2002_2006,326,0.5644171779141104
soul,2003,2007,2003_2007,336,0.5863095238095238
soul,2004,2008,2004_2008,395,0.6050632911392405
soul,2005,2009,2005_2009,430,0.6209302325581395
soul,2006,2010,2006_2010,454,0.6101321585903083
soul,2007,2011,2007_2011,486,0.6008230452674898
soul,2008,2012,2008_2012,527,0.5958254269449715
soul,2009,2013,2009_2013,516,0.5794573643410853
soul,2010,2014,2010_2014,592,0.5827702702702703
soul,2011,2015,2011_2015,637,0.5682888540031397
soul,2012,2016,2012_2016,769,0.5357607282184655
soul,2013,2017,2013_2017,883,0.5300113250283126
soul,2014,2018,2014_2018,1105,0.5095022624434389
soul,2015,2019,2015_2019,1070,0.505607476635514
soundtrack,1965,1969,1965_1969,21,0.8571428571428571
soundtrack,1973,1977,1973_1977,20,0.55
soundtrack,1974,1978,1974_1978,29,0.5862068965517241
soundtrack,1975,1979,1975_1979,30,0.6333333333333333
soundtrack,1976,1980,1976_1980,47,0.6595744680851063
soundtrack,1977,1981,1977_1981,45,0.7111111111111111
soundtrack,1978,1982,1978_1982,38,0.7368421052631579
soundtrack,1979,1983,1979_1983,34,0.7058823529411765
soundtrack,1980,1984,1980_1984,37,0.6486486486486487
soundtrack,1981,1985,1981_1985,29,0.5862068965517241
soundtrack,1982,1986,1982_1986,35,0.6571428571428571
soundtrack,1983,1987,1983_1987,42,0.5476190476190477
soundtrack,1984,1988,1984_1988,39,0.6153846153846154
soundtrack,1985,1989,1985_1989,41,0.6341463414634146
soundtrack,1986,1990,1986_1990,56,0.625
soundtrack,1987,1991,1987_1991,61,0.5245901639344263
soundtrack,1988,1992,1988_1992,79,0.5949367088607594
soundtrack,1989,1993,1989_1993,95,0.5684210526315789
soundtrack,1990,1994,1990_1994,111,0.5855855855855856
soundtrack,1991,1995,1991_1995,114,0.6140350877192983
soundtrack,1992,1996,1992_1996,124,0.6451612903225806
soundtrack,1993,1997,1993_1997,132,0.7045454545454546
soundtrack,1994,1998,1994_1998,128,0.7265625
soundtrack,1995,1999,1995_1999,135,0.725925925925926
soundtrack,1996,2000,1996_2000,140,0.6785714285714286
soundtrack,1997,2001,1997_2001,213,0.6291079812206573
soundtrack,1998,2002,1998_2002,242,0.5785123966942148
soundtrack,1999,2003,1999_2003,281,0.5551601423487544
soundtrack,2000,2004,2000_2004,311,0.5562700964630225
soundtrack,2001,2005,2001_2005,333,0.5885885885885885
soundtrack,2002,2006,2002_2006,298,0.5704697986577181
soundtrack,2003,2007,2003_2007,311,0.5852090032154341
soundtrack,2004,2008,2004_2008,290,0.6103448275862069
soundtrack,2005,2009,2005_2009,312,0.6378205128205128
soundtrack,2006,2010,2006_2010,384,0.640625
soundtrack,2007,2011,2007_2011,428,0.6939252336448598
soundtrack,2008,2012,2008_2012,443,0.6636568848758465
soundtrack,2009,2013,2009_2013,558,0.6362007168458781
soundtrack,2010,2014,2010_2014,591,0.5989847715736041
soundtrack,2011,2015,2011_2015,567,0.5537918871252204
soundtrack,2012,2016,2012_2016,604,0.5165562913907285
soundtrack,2013,2017,2013_2017,605,0.547107438016529
soundtrack,2014,2018,2014_2018,549,0.5610200364298725
soundtrack,2015,2019,2015_2019,480,0.5770833333333333
synthpop,1975,1979,1975_1979,20,0.6
synthpop,1976,1980,1976_1980,20,0.6
synthpop,1977,1981,1977_1981,27,0.6666666666666666
synthpop,1978,1982,1978_1982,29,0.6551724137931034
synthpop,1979,1983,1979_1983,30,0.7666666666666667
synthpop,1980,1984,1980_1984,21,0.8571428571428571
synthpop,1981,1985,1981_1985,26,0.8461538461538461
synthpop,1982,1986,1982_1986,35,0.7428571428571429
synthpop,1983,1987,1983_1987,38,0.7631578947368421
synthpop,1984,1988,1984_1988,36,0.7222222222222222
synthpop,1985,1989,1985_1989,35,0.6571428571428571
synthpop,1986,1990,1986_1990,44,0.5681818181818182
synthpop,1987,1991,1987_1991,38,0.6052631578947368
synthpop,1988,1992,1988_1992,35,0.5714285714285714
synthpop,1989,1993,1989_1993,37,0.6216216216216216
synthpop,1990,1994,1990_1994,36,0.6666666666666666
synthpop,1991,1995,1991_1995,28,0.8214285714285714
synthpop,1992,1996,1992_1996,22,0.7272727272727273
synthpop,1993,1997,1993_1997,25,0.68
synthpop,1994,1998,1994_1998,22,0.6818181818181818
synthpop,1995,1999,1995_1999,27,0.6666666666666666
synthpop,1996,2000,1996_2000,25,0.6
synthpop,1997,2001,1997_2001,33,0.5757575757575758
synthpop,1998,2002,1998_2002,42,0.5476190476190477
synthpop,1999,2003,1999_2003,58,0.4827586206896552
synthpop,2000,2004,2000_2004,60,0.5
synthpop,2001,2005,2001_2005,63,0.49206349206349204
synthpop,2002,2006,2002_2006,90,0.4888888888888889
synthpop,2003,2007,2003_2007,95,0.45263157894736844
synthpop,2004,2008,2004_2008,103,0.4854368932038835
synthpop,2005,2009,2005_2009,160,0.46875
synthpop,2006,2010,2006_2010,195,0.4666666666666667
synthpop,2007,2011,2007_2011,230,0.49130434782608695
synthpop,2008,2012,2008_2012,308,0.5292207792207793
synthpop,2009,2013,2009_2013,445,0.550561797752809
synthpop,2010,2014,2010_2014,518,0.5501930501930502
synthpop,2011,2015,2011_2015,645,0.5441860465116279
synthpop,2012,2016,2012_2016,771,0.5551232166018158
synthpop,2013,2017,2013_2017,867,0.5640138408304498
synthpop,2014,2018,2014_2018,974,0.5605749486652978
synthpop,2015,2019,2015_2019,947,0.5723336853220697
thrash metal,1979,1983,1979_1983,24,0.875
thrash metal,1980,1984,1980_1984,52,0.7115384615384616
thrash metal,1981,1985,1981_1985,80,0.65
thrash metal,1982,1986,1982_1986,131,0.6183206106870229
thrash metal,1983,1987,1983_1987,155,0.6
thrash metal,1984,1988,1984_1988,175,0.5542857142857143
thrash metal,1985,1989,1985_1989,196,0.5102040816326531
thrash metal,1986,1990,1986_1990,209,0.5311004784688995
thrash metal,1987,1991,1987_1991,193,0.5544041450777202
thrash metal,1988,1992,1988_1992,195,0.5538461538461539
thrash metal,1989,1993,1989_1993,170,0.5647058823529412
thrash metal,1990,1994,1990_1994,147,0.6258503401360545
thrash metal,1991,1995,1991_1995,113,0.6106194690265486
thrash metal,1992,1996,1992_1996,121,0.6033057851239669
thrash metal,1993,1997,1993_1997,115,0.6434782608695652
thrash metal,1994,1998,1994_1998,110,0.6272727272727273
thrash metal,1995,1999,1995_1999,98,0.6428571428571429
thrash metal,1996,2000,1996_2000,107,0.6728971962616822
thrash metal,1997,2001,1997_2001,87,0.6436781609195402
thrash metal,1998,2002,1998_2002,69,0.6376811594202898
thrash metal,1999,2003,1999_2003,82,0.6341463414634146
thrash metal,2000,2004,2000_2004,87,0.632183908045977
thrash metal,2001,2005,2001_2005,95,0.6
thrash metal,2002,2006,2002_2006,101,0.6039603960396039
thrash metal,2003,2007,2003_2007,131,0.6106870229007634
thrash metal,2004,2008,2004_2008,143,0.6013986013986014
thrash metal,2005,2009,2005_2009,156,0.5833333333333334
thrash metal,2006,2010,2006_2010,137,0.5912408759124088
thrash metal,2007,2011,2007_2011,144,0.5833333333333334
thrash metal,2008,2012,2008_2012,119,0.5714285714285714
thrash metal,2009,2013,2009_2013,103,0.5631067961165048
thrash metal,2010,2014,2010_2014,85,0.5764705882352941
thrash metal,2011,2015,2011_2015,106,0.5471698113207547
thrash metal,2012,2016,2012_2016,118,0.5508474576271186
thrash metal,2013,2017,2013_2017,158,0.5569620253164557
thrash metal,2014,2018,2014_2018,200,0.59
thrash metal,2015,2019,2015_2019,212,0.5801886792452831
