feature,n_tracks,n_nonzero_tracks,n_zero_tracks,nonzero_share,mean_tfidf,std_tfidf,mean_nonzero_tfidf,median_nonzero_tfidf,max_tfidf
abl,97883,1010,96873,0.010318441404533984,0.0015406976728849482,0.018516699291965023,0.1493149607079182,0.12210050016579,0.8994954806884735
accept,97883,898,96985,0.00917421819927873,0.0013728127025593615,0.017765638314401373,0.14963811332362806,0.11802579459594795,0.9812319409137618
across,97883,2176,95707,0.022230622273530645,0.002661166159990665,0.021616342081190842,0.11970722759116095,0.09977315446923725,0.770744330525168
act,97883,2296,95587,0.023456575707732703,0.002422380814664448,0.02014997214423997,0.10327086292761331,0.0793129221582401,0.8695600959966461
addict,97883,769,97114,0.007856318257511518,0.0011767692546723113,0.018421273520120664,0.149786352347321,0.0996983263795507,0.967883807349859
afraid,97883,3150,94733,0.03218127764780401,0.004151676179228878,0.029760714544223774,0.12900905379411434,0.09528914171940281,0.8880336173550964
age,97883,1416,96467,0.01446625052358428,0.0020410070829013642,0.021414350826532154,0.1410874973839225,0.11013618384378296,0.8079366768511863
ago,97883,1342,96541,0.013710245905826344,0.0017579131897312809,0.01833774728433985,0.12821893945638374,0.10247537268250885,0.7121900183334271
ah,97883,2359,95524,0.02410020126068878,0.004902118135175176,0.045008880934146574,0.20340569284669427,0.1167275216348696,0.991431129597608
ahead,97883,1359,96524,0.013883922642338302,0.0018144890912299755,0.01984122809271051,0.13068994533985553,0.0990284795841366,0.9239673765471268
ahh,97883,395,97488,0.0040354300542484395,0.0008509018709311394,0.018839081434365,0.21085779198063972,0.1256362286460355,0.9433696187810824
air,97883,3916,93967,0.04000694706946048,0.0046991614463296385,0.030772725183859484,0.11745863632560881,0.08964031227908059,0.9686109269249972
aliv,97883,3787,94096,0.03868904712769327,0.005307083247871447,0.03670913687725945,0.13717275668111986,0.0947136913685737,0.9440494921083152
almost,97883,1752,96131,0.01789892013935004,0.002459257844878996,0.02455929022919827,0.1373969952227687,0.0990464720029274,0.9378156257309674
alon,97883,10244,87639,0.10465555816638232,0.011210385287005045,0.046384210193429844,0.10711696046933958,0.07395831392211824,0.9729912188515636
along,97883,3156,94727,0.03224257531951411,0.0037809688071068787,0.02688623196782393,0.11726634022371439,0.08905056870534764,0.8758656731517591
alreadi,97883,3781,94102,0.038627749455983164,0.004813968607837291,0.031116828383365547,0.12462462027001786,0.0938654175689123,0.9581978878670836
alright,97883,3141,94742,0.032089331140238854,0.005033818785655702,0.039428181058475634,0.15686892206187109,0.0973707560177885,0.9683149486390904
also,97883,941,96942,0.009613518179867801,0.0013003066491823494,0.015940893758009427,0.1352581463782316,0.1126772439878062,0.8281830024519395
although,97883,895,96988,0.009143569363423679,0.0012651008787383758,0.0159839882047904,0.1383596305179312,0.1078554765223973,0.6856706298219922
alway,97883,13131,84752,0.13414995453756015,0.013429069774532556,0.048255785861907985,0.10010491483821264,0.0694545672831903,0.9631101508940731
angel,97883,2447,95436,0.024999233779103625,0.003953556615872904,0.03385434414680362,0.15814711165978237,0.1081572105362075,0.9866415883134622
anim,97883,880,97003,0.008990325184148423,0.0016143649905936664,0.023482911823398137,0.17956691860713622,0.12081499195967116,0.9709731539724558
anoth,97883,8197,89686,0.08374283583461888,0.00916402339079558,0.04210283918158606,0.10943053575225616,0.0764277506774111,0.9647695080962918
answer,97883,2800,95083,0.028605580131381342,0.0034601557482463034,0.026067645876695338,0.12096086610914032,0.09050333040286146,0.8890006429286642
anybodi,97883,780,97103,0.007968697322313374,0.0013984525255237594,0.02106724409103189,0.17549324173825917,0.118871390886667,1.0
anymor,97883,4072,93811,0.041600686533923154,0.006214488407248414,0.03978241181917819,0.14938427523740092,0.10576709132585645,0.9365533464108168
anyon,97883,2166,95717,0.022128459487347138,0.0030916750574039374,0.02682243922117329,0.1397148797986471,0.10181970796477405,0.9349218652226738
anyth,97883,4531,93352,0.04628995841974602,0.0057374287348993585,0.03531755989123956,0.12394542857165171,0.0866796498778901,0.961560781020896
anyway,97883,1434,96449,0.014650143538714588,0.002132621242080672,0.023099484605941474,0.1455699895666544,0.10626769894443765,0.8525499534446505
anywher,97883,892,96991,0.009112920527568628,0.0014875575321468312,0.020274487415116768,0.16323609183758775,0.1218618571941904,0.8892013093951805
apart,97883,3343,94540,0.03415301942114565,0.004155508001677632,0.0281301860486623,0.12167322456721855,0.0917418028058664,0.8692573682552627
appear,97883,966,96917,0.009868925145326564,0.0013696917917483265,0.01640278224717731,0.13878834539513607,0.11595968185825509,0.7661572394400197
arm,97883,4328,93555,0.04421605386022088,0.0051719541568513334,0.03160241246065971,0.11697005285006448,0.08727967920884865,0.9096541181719744
around,97883,12672,85211,0.12946068265173727,0.011822158957327045,0.04308769220392199,0.09131852787405645,0.06423659357969325,0.9013741471373206
arriv,97883,1558,96325,0.015916962087390046,0.0023424578034255674,0.02321235595374396,0.14716739228029835,0.1158797047005696,0.919755177410755
ash,97883,956,96927,0.009766762359143059,0.0016123078052175258,0.020395335741824363,0.16508109298965176,0.12737377922415,0.8939035189147566
ask,97883,6397,91486,0.06535353432158802,0.006853488550924253,0.03531119907461685,0.1048679099312363,0.075674334047234,0.972528159320044
asleep,97883,1275,96608,0.013025755238396861,0.0017020884488091609,0.01818567740490443,0.1306709989292448,0.1065635791997499,0.8332378073123682
ass,97883,1198,96685,0.012239101784783874,0.0013039062613934517,0.016231487499928098,0.1065361073321997,0.07260390097076665,0.8579644200921884
attack,97883,805,97078,0.008224104287772135,0.0010885260125164113,0.01587503017211027,0.132358002090862,0.1012867222812856,0.9645032863233146
attent,97883,1025,96858,0.010471685583809242,0.0012637751016963054,0.015929776203610767,0.12068497393106288,0.0890664992347405,0.8339079024090721
awak,97883,1699,96184,0.017357457372577465,0.0023301734931057494,0.022202992019604042,0.1342462460421837,0.1024607171966984,0.8428490746820521
away,97883,19065,78818,0.1947733518588519,0.019375550321646135,0.05709678402199106,0.09947741894223386,0.0676930397916173,0.9075260309888296
ay,97883,314,97569,0.0032079114861620506,0.0008325627368713695,0.020964941982402858,0.25953419864070143,0.1328020214077958,0.9943483508716398
ba,97883,109,97774,0.0011135743694002023,0.0005357184684913333,0.019103446073304137,0.4810800995535522,0.4919782474015336,0.9953101201447356
babe,97883,1737,96146,0.017745675960074783,0.002790976954733079,0.02872750641917222,0.15727645207837532,0.1030575533499116,0.913449328321309
babi,97883,13113,84770,0.13396606152242985,0.01947404351072057,0.07157984641361342,0.14536549995880896,0.0930616017836197,0.9948818543510788
back,97883,20783,77100,0.212324918525178,0.01954369516147642,0.056546676748299204,0.09204616818990503,0.0616010769601013,0.9025900585158608
bad,97883,7036,90847,0.07188173635871398,0.007998244091447804,0.04189463765907933,0.11126948925571138,0.07510033242848395,0.9929869446863572
bag,97883,1181,96702,0.012065425048271917,0.0013440419480414134,0.015852339683244687,0.11139615410680581,0.08379979224894,0.8152211972671708
ball,97883,1194,96689,0.012198236670310473,0.0014832299115827906,0.018252603653000774,0.12159379684711749,0.08852106916369851,0.8428926108872934
band,97883,1040,96843,0.010624929763084498,0.0014726212979341447,0.019939964999897537,0.13860056779393065,0.09846562220750195,0.9465826168243916
bang,97883,664,97219,0.006783609002584718,0.0014550037906159532,0.026178120262806557,0.21448815668202015,0.11539084275916026,0.9880745866604372
bar,97883,1449,96434,0.014803387717989846,0.0016828308436452884,0.017779247527845137,0.11367876567876586,0.0881593136749386,0.9596881429815324
bare,97883,1293,96590,0.01320964825352717,0.0015925791297159795,0.016576765478133446,0.12056181202938067,0.0964460908645306,0.6402150848706645
battl,97883,1056,96827,0.010788390220978106,0.0015463411450934031,0.01899170458177546,0.1433338165768727,0.111112514746118,0.9862020450267266
beach,97883,884,96999,0.009031190298621823,0.0012641779846486838,0.01754502983206765,0.13997911048797188,0.103021147218404,0.9451922956584136
bear,97883,3881,94002,0.03964937731781821,0.004910848445996617,0.032755041205698464,0.12385688699806412,0.0888443728563561,0.983750243297766
beast,97883,799,97084,0.008162806616062033,0.0012797167128259662,0.017945382353809783,0.1567741063849112,0.123108158060135,0.9127250032331616
beat,97883,4668,93215,0.04768958859046004,0.005148720396842959,0.03279918786662461,0.1079631959306297,0.07466091962790525,0.9844317438230256
beauti,97883,4708,93175,0.04809823973519406,0.006650528265818701,0.04124405520702886,0.13826968102020645,0.09350649392894306,0.9441656938496824
becom,97883,3920,93963,0.04004781218393388,0.004680386435014205,0.029545833520646887,0.11686996566798354,0.08775201118300885,0.934009783954048
bed,97883,4144,93739,0.04233625859444439,0.0042892106265655615,0.025953107964179437,0.10131293527029847,0.077901955969198,0.702453827694592
beg,97883,1555,96328,0.015886313251534997,0.0020407547862863833,0.020313197540510582,0.12845993617110618,0.0976080451655929,0.8876081908281608
begin,97883,4247,93636,0.04338853529213449,0.004861980624245974,0.029896653982618697,0.1120568046722554,0.0849701153049401,0.8978743309557675
behind,97883,5476,92407,0.05594434171408723,0.005739361011277488,0.0297650245962958,0.10259055402974328,0.07992207248028615,0.7620096526225764
believ,97883,9086,88797,0.09282510752633245,0.010735351357850234,0.04885418165204097,0.11565137540837055,0.07678883599365095,0.959618262472462
bell,97883,905,96978,0.009245732149607184,0.0014184130514400285,0.01923559791036279,0.153412734490723,0.1177988547844408,0.9572420464049582
belong,97883,1880,96003,0.019206603802498903,0.0029575134221828305,0.028514441102673767,0.15398419484229894,0.10587412883594169,0.975911993518132
bend,97883,1047,96836,0.010696443713412952,0.0014941605603798651,0.017844566594773462,0.13968760088983984,0.1094484041018337,0.9659921568826064
beneath,97883,1435,96448,0.014660359817332939,0.002064821026746161,0.020201505652686344,0.1408438164188115,0.1170467773413017,0.7482907879490744
besid,97883,1178,96705,0.012034776212416866,0.0016482927869163775,0.01849076740741962,0.13696081736989452,0.11044456805308181,0.7917441470537016
bet,97883,1308,96575,0.013362892432802427,0.0017063624666604897,0.019457203098621263,0.12769409581355406,0.09330860187128526,0.8665912506585185
beyond,97883,1775,96108,0.0181338945475721,0.0027166902487251827,0.02484262788114378,0.14981284034702372,0.1160915872459469,0.8669581802083126
big,97883,4705,93178,0.048067590899339006,0.005246750706270717,0.03321221129568572,0.10915360241910663,0.0749426447056307,0.9422323950715604
bind,97883,1017,96866,0.010389955354862437,0.0014997995168220526,0.017759137422543918,0.14435091062447686,0.1161169250060986,0.780679782382107
bird,97883,1675,96208,0.017112266685737055,0.002454853356448235,0.024531784170953617,0.14345576781446123,0.10731355084139,0.9710042712191054
bit,97883,2031,95852,0.020749261873869825,0.0028048601013014244,0.026329874619380515,0.13517878941195832,0.0915158052091658,0.9231714182570282
bitch,97883,2187,95696,0.0223430013383325,0.003954623611872865,0.03662233787996153,0.17699607818973556,0.1078319152877289,0.9955616374264148
bite,97883,1313,96570,0.01341397382589418,0.0017169143279051659,0.01976493778156681,0.12799445937421275,0.0918723412046223,0.8746706253399004
bitter,97883,1138,96745,0.011626125067682846,0.0015865992810270098,0.018206304055527037,0.13646845116411846,0.10807320220189755,0.8379722813754935
black,97883,5390,92493,0.055065741752909084,0.006557589261466583,0.03780150597027796,0.11908655096106373,0.0849925565815268,0.9438119578507892
blame,97883,2231,95652,0.02279251759753992,0.0030164832284122023,0.027199165406911176,0.1323453284834924,0.0937736814845101,0.9722329311067248
bleed,97883,2329,95554,0.02379371290213827,0.0032190356032159553,0.026287119486490193,0.1352893353154089,0.1048415150209752,0.985735380990232
bless,97883,1257,96626,0.012841862223266554,0.0017446352372767022,0.019929692434658582,0.13585531498039413,0.0995114687689792,0.9293454407216376
blind,97883,3522,94361,0.03598173329383039,0.004237736714133171,0.02863409478458381,0.11777466859440579,0.08982759890725886,0.9743133254359448
block,97883,1060,96823,0.010829255335451508,0.0011447075355055071,0.014370656702343209,0.10570510160177883,0.08122118380463025,0.8794096633451642
blood,97883,4847,93036,0.04951830246314477,0.006220000202460469,0.03613649489544951,0.12561012581337697,0.0938968441431659,1.0
blow,97883,3807,94076,0.038893372700060276,0.004284875691045005,0.028811007165499464,0.11016981541018078,0.0811169969307597,0.99205986790746
blue,97883,4835,93048,0.04939570711972457,0.006501435514976517,0.04017242102230339,0.13161944415976143,0.0909168090494481,0.9715093020857888
boat,97883,740,97143,0.007560046177579355,0.0011602025524425415,0.01751975987374568,0.15346500870369364,0.11730964911813979,0.993940604772296
bodi,97883,6092,91791,0.06223756934299112,0.006909122247299701,0.03666987682233008,0.1110120835411091,0.07983043304170684,0.932430017653047
bomb,97883,782,97101,0.007989129879550074,0.0012444972792084077,0.019629493769089273,0.15577381992424116,0.10230612953757234,0.951853352608806
bone,97883,2540,95343,0.02594934769061022,0.0032256450059135267,0.025653702545249676,0.12430543705269045,0.0964751887324664,0.9613262267873972
book,97883,1504,96379,0.015365283041999122,0.0018280163368290605,0.018311455703928958,0.11897056057037163,0.09533659671576206,0.7519764586967114
boom,97883,389,97494,0.003974132382538337,0.0009814693534902048,0.022830080731976413,0.2469644337472538,0.132365728071608,1.0
bore,97883,1019,96864,0.01041038791209914,0.0013981781461736278,0.018239447026597713,0.13430605641012094,0.0993111409458114,0.9845328556320768
bother,97883,772,97111,0.00788696709336657,0.00116044607783319,0.017150815994476765,0.14713464175718413,0.1069014251413368,0.951202863909952
bottl,97883,1166,96717,0.011912180868996659,0.0013862266355445917,0.016380572765369934,0.11637051609520695,0.08897394352248565,0.6741500332747609
bottom,97883,1109,96774,0.011329852987750681,0.0015321182679142178,0.01880006559061565,0.13522843319950167,0.097414558281623,0.9633142679923182
bounc,97883,340,97543,0.003473534730239163,0.0006661971931542581,0.016942323574500255,0.19179229369858303,0.10806543551959165,0.9862977471367296
bout,97883,2360,95523,0.024110417539307132,0.0026104095863065903,0.02330960474256443,0.10826894980357964,0.07209362511820111,0.8768626233768978
bow,97883,848,97035,0.008663404268361206,0.0013218422182205507,0.017963997860301437,0.15257769085622896,0.1172874778559158,0.8191742993672122
box,97883,803,97080,0.008203671730535435,0.0010748035255196116,0.015489894001209321,0.13101493585110355,0.1031801124746256,0.915799004779259
boy,97883,6434,91449,0.06573153663046699,0.008177904848594734,0.045956928946926566,0.12441371779530594,0.0767993384825283,0.9584494010021763
brain,97883,1991,95892,0.020340610729135806,0.002360256881853764,0.021034252353591472,0.11603667723078451,0.0910628206201119,0.7862315837940151
brand,97883,908,96975,0.009276380985462235,0.0011929774265499952,0.015777791671652296,0.1286037548931643,0.0958710727552575,0.7091086445262454
brave,97883,762,97121,0.007784804307183066,0.001210506857655757,0.01735961728943348,0.1554961190917565,0.11537982840763361,0.9374190424584392
break,97883,11395,86488,0.11641449485610371,0.011121364451151004,0.04367123096420352,0.09553247183606965,0.066191114413291,0.9447750690663952
breath,97883,6899,90984,0.07048210618799997,0.00770776054400511,0.03828651310842215,0.10935769319160055,0.078793832907553,0.9350109872697546
breez,97883,934,96949,0.009542004229539347,0.001329353616649297,0.01632670338188414,0.1393159743666843,0.11104470803069624,0.7414789544606065
bridg,97883,987,96896,0.010083466996311923,0.0015340678706986142,0.019233901321204134,0.15213694568145125,0.1170485650936968,0.8328214797407257
bright,97883,2642,95241,0.026991408109681966,0.003295358381498672,0.025144935531367287,0.122089161414169,0.0945545335003067,0.9829130627674266
bring,97883,6742,91141,0.06887815044491893,0.007528528863194316,0.03824257978920031,0.10930213448769642,0.07802403622623845,0.9730734519777317
broken,97883,2471,95412,0.025244424465944035,0.003113774655741722,0.02453669309399026,0.1233450443658304,0.0928553951947189,0.7883090544839967
brother,97883,2128,95755,0.02174024089984982,0.00278579609199023,0.02554504421095434,0.12814007465802618,0.09107879303055841,0.9683380702742084
build,97883,3068,94815,0.03134354280109927,0.0038669921873546766,0.02848519797816567,0.12337444467889107,0.0892490662758097,0.8285950248106169
bullet,97883,879,97004,0.008980108905530072,0.0013138818645412758,0.018563099067934217,0.14631023725471412,0.1055490037169135,0.8937608028520172
buri,97883,1569,96314,0.016029341152191904,0.002324261625659343,0.023088681885616896,0.14500044659299774,0.1119253244476451,0.8996952722075349
burn,97883,7820,90063,0.07989129879550075,0.009448444846269747,0.04476065556673939,0.11826625663522017,0.0829588111595056,0.9804695209830292
busi,97883,1307,96576,0.013352676154184076,0.0015526435904984956,0.01872437878952474,0.11627958115437202,0.0806683406968172,0.8721618486289949
buy,97883,2505,95378,0.02559177793896795,0.002725416396612841,0.022313991786272462,0.10649578169646895,0.0806387377941766,0.9177276394239764
bye,97883,423,97460,0.004321485855562253,0.0012554883366651328,0.02503990568604678,0.2905223755503385,0.1993909359315884,0.979280904169974
call,97883,12138,85745,0.12400518986953812,0.012291169032060095,0.04800781420393415,0.09911818243245496,0.0669184178050055,1.0
calm,97883,1319,96564,0.013475271497604283,0.002010694056395584,0.022104258835400247,0.14921362116919554,0.1168257255483109,0.9426323637028344
car,97883,3257,94626,0.033274419459967515,0.0032955682376460843,0.02351821559900419,0.0990420957339612,0.0749975259034579,0.8872260724500812
care,97883,7266,90617,0.07423148044093458,0.00815490600715096,0.04066625611023953,0.10985778484695258,0.07699501788682825,0.993498717895564
carri,97883,2779,95104,0.028391038280395985,0.003911014985342266,0.03069293807565108,0.13775526441534974,0.1006172149675275,0.9964707087880506
case,97883,1031,96852,0.010532983255519345,0.0012902612481876608,0.016744241560152844,0.12249722769772338,0.090807160501952,0.9155248269052868
cash,97883,750,97133,0.00766220896376286,0.0008073425736330398,0.012054906394924698,0.10536681751323043,0.07693050858783651,0.8390160397525048
cast,97883,1062,96821,0.01084968789268821,0.0015143273380456154,0.017322035487024722,0.13957335483043218,0.11496467785267275,0.791916384195766
cat,97883,890,96993,0.009092487970331927,0.0012952297555147807,0.018970156255292685,0.1424505327629812,0.10034520436668559,0.967101826336947
catch,97883,4908,92975,0.050141495458864156,0.005166925380870515,0.03119733222104557,0.10304689426563746,0.07327669596519146,0.9336413267394656
celebr,97883,713,97170,0.007284206654883892,0.0011696115919741104,0.018807707984664208,0.16056815071136307,0.1140548489573339,1.0
chain,97883,1685,96198,0.017214429471920558,0.0022252180492514364,0.022890206921337943,0.1292646992966637,0.0966554242698761,0.9944781584142888
chanc,97883,3796,94087,0.03878099363525842,0.004341208145039651,0.028313812478999185,0.11194164300867128,0.08211418453875666,0.8284961269988186
chang,97883,9312,88571,0.09513398649407967,0.009962280957505492,0.04316429256009981,0.10471842213955221,0.07268775551566739,0.9395357292088335
chase,97883,1877,96006,0.01917595496664385,0.002334993677992834,0.021420476215944992,0.12176674809961244,0.0923558634745738,0.7547605329017869
check,97883,1549,96334,0.015825015579824894,0.0016304643887354127,0.017642952381593507,0.10303082360399508,0.0755274366622066,0.9233940669183656
chest,97883,1525,96358,0.015579824892984482,0.0018418187739746338,0.01743543046396701,0.11821819478882564,0.0977386564263876,0.4937640899297317
child,97883,3974,93909,0.040599491229324804,0.004961573837661693,0.032641084768965274,0.12220778358123792,0.08778826107660659,0.9423991657966528
choic,97883,1192,96691,0.012177804113073771,0.0015736599571696463,0.017509786087569503,0.12922362213727892,0.1031058580254745,0.673046567709326
choos,97883,2480,95403,0.02533637097350919,0.0031415771540933206,0.02529099715423789,0.12399475668311151,0.0961910428116034,0.8998049448554114
chorus,97883,840,97043,0.008581674039414403,0.0019151612231458623,0.02376286604749265,0.22316872143474578,0.20242983749576535,0.76951583610491
christma,97883,414,97469,0.004229539347997098,0.001033510358890407,0.02218163401655307,0.24435530062625535,0.13360071895807105,0.9481672571857288
circl,97883,1344,96539,0.013730678463063044,0.0020402057655258036,0.02238674422649185,0.1485873965379183,0.11157927467528006,0.9439805341929248
citi,97883,3599,94284,0.03676838674744338,0.004652053882280759,0.03312561597390993,0.1265231981548451,0.0871560684228242,0.892046656903854
clean,97883,1547,96336,0.015804583022588192,0.0020382175874348353,0.02063032494385671,0.1289637053076173,0.1007743359525681,0.9506260671469142
clear,97883,3353,94530,0.034255182207329156,0.0037101210328453786,0.025013715741837705,0.10830831406442121,0.0846790297246663,0.9426983674304358
climb,97883,1545,96338,0.01578415046535149,0.001993724891276583,0.01975227503927853,0.12631182752933706,0.0997110588779687,0.9348249814760998
clock,97883,1302,96581,0.013301594761092324,0.001547053265098339,0.016630393431186448,0.11630584850047672,0.09157868087212775,0.8124583882489731
close,97883,9060,88823,0.09255948428225534,0.009212660736516125,0.0395380563757666,0.09953232570335627,0.0712623567003691,0.9260561636980856
cloth,97883,1853,96030,0.01893076427980344,0.002005900859212441,0.018312237329802805,0.10595984554899696,0.0832109025387068,0.7763631302152499
cloud,97883,2670,95213,0.02727746391099578,0.0033066394215314618,0.0247287227071672,0.12122239194672813,0.0969131366546215,0.9172814220780128
club,97883,858,97025,0.008765567054544711,0.0010682301931468315,0.016147207166667486,0.12186663868973346,0.0776143929088243,0.8024839355255274
cmon,97883,546,97337,0.005578088125619362,0.001007985430670204,0.01914419372059926,0.18070446503716409,0.10757190440567226,0.9784766081363055
cold,97883,6774,91109,0.06920507136070615,0.007206978279713854,0.035154727295813946,0.10413945304889742,0.07767182714474995,0.9412841837191936
color,97883,2242,95641,0.022904896662341776,0.0031235866323954843,0.027158983932684795,0.1363720028272824,0.10043375986129514,0.9953393337192076
come,97883,32507,65376,0.33210056904671903,0.029398588234898788,0.0664758574553897,0.08852314923544463,0.0587473262757623,1.0
comfort,97883,1050,96833,0.010727092549268003,0.0015404381174593368,0.018585897793956224,0.14360257547740216,0.11162147877215425,0.924278515075354
comin,97883,1001,96882,0.01022649489696883,0.0014585439095884708,0.02066230611541382,0.14262402947277553,0.0892279539939895,0.9744375947796322
complet,97883,1157,96726,0.011820234361431505,0.0016429038693009882,0.0189680664381352,0.13899080331788127,0.1064631388379961,0.9243096731914012
confess,97883,778,97105,0.007948264765076674,0.001137669939556659,0.01543885994199238,0.14313437878357899,0.1130153555419465,0.691589818693318
confus,97883,1510,96373,0.015426580713709224,0.0019604619626625895,0.020312739621467707,0.1270833763518558,0.0997248695045917,0.9212970412610668
connect,97883,751,97132,0.00767242524238121,0.00115781945210892,0.017174675065845982,0.15090657980130148,0.1123608926478936,0.9718367587263208
control,97883,3320,94563,0.033918045012923594,0.004300837974097407,0.031818906423475075,0.12680088054776398,0.08955553456586605,0.9562567315620374
cool,97883,2294,95589,0.023436143150496,0.002909733741138311,0.026986687876271395,0.124155827281535,0.08393800342896315,0.9510505107293736
corner,97883,1808,96075,0.018471031741977666,0.0022061467267951765,0.02009430081190081,0.11943819693522803,0.0926366381959592,0.6686690553448634
cos,97883,856,97027,0.00874513449730801,0.001476713577319844,0.019424557591241547,0.16886116248691388,0.13379157786890805,0.7458115113269915
could,97883,18787,79096,0.19193322640295046,0.01791583297887868,0.05316510048779237,0.09334409322784806,0.0644800793885924,0.9265824241717292
count,97883,2328,95555,0.023783496623519917,0.0029376584965208423,0.025287805969461247,0.12351667809920516,0.0897588770698072,0.9874572245873956
countri,97883,927,96956,0.009470490279210894,0.0014582115240030819,0.02043599844626638,0.15397423797626072,0.1088021159341852,0.9747825223728652
coupl,97883,922,96961,0.009419408886119142,0.0010094167462928409,0.013241983097717739,0.1071634917325186,0.08385062204939275,0.6990895584194644
cours,97883,854,97029,0.00872470194007131,0.0012285746721658218,0.016630258446665384,0.1408156611658163,0.1080152086832899,0.8456814325584046
cover,97883,2167,95716,0.02213867576596549,0.002770506844011523,0.023487026983557993,0.1251432955294785,0.0963399435443197,0.898700315365056
crack,97883,1609,96274,0.016437992296925923,0.001907057854686693,0.018747728251823127,0.1160152541891222,0.0917711571020823,0.9748703592212602
crash,97883,1359,96524,0.013883922642338302,0.0018694646939737287,0.020609288908172037,0.13464960459178107,0.0989213924204956,0.9779878438519848
crawl,97883,1458,96425,0.014895334225555,0.0020599773179804377,0.02110724519922157,0.1382968174320159,0.10938979273407101,0.8670731562032172
crazi,97883,4265,93618,0.04357242830726479,0.005286179163826469,0.03585171943009474,0.12131936110031097,0.0794220840485539,0.994589257603027
creat,97883,1052,96831,0.010747525106504705,0.001541488847799426,0.018014994764309667,0.1434273316436799,0.1169214161752777,0.7540554421635332
cri,97883,8806,89077,0.08996454951319433,0.010094613964989584,0.046083655466582,0.11220657491881393,0.07779230850176619,0.9829296252906826
crime,97883,1109,96774,0.011329852987750681,0.001562465398303968,0.019337646573622774,0.13790694371703097,0.1029179010639504,0.9734146965335077
cross,97883,2580,95303,0.02635799883534424,0.0031528442856079883,0.02438365759286574,0.11961622372409562,0.09078789118506525,0.8570512123844359
crowd,97883,1764,96119,0.018021515482770246,0.0020146273014967062,0.018921634257009493,0.11179011573265425,0.08814910434494144,0.7902236924651664
crown,97883,831,97052,0.00848972753184925,0.001241587371664618,0.016685782629906325,0.1462458444051117,0.1119958173326998,0.7247692517176728
cruel,97883,746,97137,0.007621343849289458,0.0012781748325892768,0.019201736212553788,0.16770990233020935,0.12236150036068805,0.9430289872774866
crush,97883,857,97026,0.008755350775926362,0.0014190534875323595,0.020099436566479095,0.16207842767809796,0.1196585963363541,0.9870609804158788
cup,97883,885,96998,0.009041406577240174,0.001104755544089223,0.014775787863524882,0.12218845979896656,0.0929222851882788,0.7995426037184248
curs,97883,1175,96708,0.012004127376561813,0.0017358570254958885,0.019310311963065156,0.14460501551201196,0.1155443265316108,0.9229861246459052
cut,97883,3675,94208,0.03754482392243801,0.004122239665535721,0.02817940143791143,0.10979515243037634,0.0815837783233302,0.919019674849564
cuz,97883,906,96977,0.009255948428225535,0.00145080661519795,0.019451564999888676,0.15674316105454852,0.1095905646931882,0.8746285335177084
da,97883,541,97342,0.00552700673252761,0.0019420732180189645,0.034295033095176536,0.35137884066423347,0.2355029806356775,0.997731705573532
daddi,97883,1069,96814,0.010921201843016664,0.0015615133230481243,0.020805599378002214,0.1429799893357526,0.0954236731510458,0.9213908763309878
damn,97883,2140,95743,0.021862836243270026,0.0025580822801243614,0.023575157544129456,0.11700596627355739,0.0794825925478854,0.8221289803245205
danc,97883,5995,91888,0.06124659031701112,0.009116780534196359,0.053280948924806316,0.14885368290721304,0.0904349701643919,0.9990691592805176
danger,97883,1271,96612,0.012984890123923459,0.0018261674367101956,0.02144527264880479,0.14063788135916921,0.1024224687057072,0.9427938483755254
dare,97883,1162,96721,0.011871315754523257,0.0018056913453411525,0.02219803022915712,0.15210540960071256,0.11106717028137995,0.989921133252222
dark,97883,8534,89349,0.08718572172900299,0.009389525336472346,0.0410549594232033,0.10769567711623185,0.078528311329186,0.9609504542922146
darl,97883,1387,96496,0.014169978443652115,0.002504887785215487,0.02714099462681875,0.17677428340320658,0.1240007149238106,0.8248868563809735
dawn,97883,2138,95745,0.021842403686033327,0.003046297930771737,0.02526579109433762,0.139467156388087,0.10917513020320599,0.7564689662948048
day,97883,20684,77199,0.21131350694196133,0.01880521568396147,0.05276647581889418,0.08899201928027463,0.0622604193812008,0.8643803949566902
de,97883,548,97335,0.0055985206828560626,0.0012056172812324219,0.022218367501203165,0.21534568674976856,0.13671391329756535,0.9868146810553758
dead,97883,5318,92565,0.05433016969238785,0.006860324638543518,0.03957823850556033,0.12627099597490696,0.08925243928760435,0.9961585844060948
deal,97883,1261,96622,0.012882727337739954,0.0014521571095881963,0.016577287127466634,0.11272124849946188,0.0840070917416907,0.8580829893763784
dear,97883,1763,96120,0.018011299204151895,0.00296874554310963,0.02854580550741016,0.1648268406104367,0.1213913642272416,1.0
death,97883,3965,93918,0.04050754472175965,0.005728409637922187,0.036114977428594645,0.1414158690009426,0.1065044038294665,1.0
decid,97883,1447,96436,0.014782955160753144,0.0019081074379426162,0.019548411195902705,0.1290748309247665,0.1015221876998872,0.8521253326372819
deep,97883,5421,92462,0.05538244639007795,0.005924748590253444,0.03240602974857507,0.10697881687138497,0.0801031412817849,0.9622384964066042
demon,97883,1117,96766,0.011411583216697486,0.0016892446152512678,0.020801178630893664,0.1480289442029005,0.1015992526775069,0.9277124925490648
deni,97883,1494,96389,0.015263120255815617,0.0021396505092569967,0.02155127846270262,0.14018434457670856,0.10879837070586759,0.9736533831198216
desert,97883,961,96922,0.00981784375223481,0.0014479383716170541,0.01800788978356934,0.14748028265243712,0.1185922673098823,0.7858829681205437
deserv,97883,1161,96722,0.011861099475904907,0.0016561423944023656,0.019858467586445393,0.13962806717595755,0.103940798086189,0.8744895318979602
desir,97883,1962,95921,0.02004433864920364,0.0028342962169106752,0.025730982134063603,0.14140133363907625,0.1055241380210431,0.9528588515568436
desper,97883,801,97082,0.008183239173298735,0.0011826356781739116,0.016150650776401213,0.14451926103208113,0.1122941501923003,0.7761211218104823
destini,97883,922,96961,0.009419408886119142,0.0013735629204962832,0.017427840336850436,0.14582262402053978,0.11305988568295915,0.843066965028171
destroy,97883,1173,96710,0.011983694819325113,0.0019629040974946214,0.022942008844503255,0.16379790432656952,0.1225674048857646,0.99916671409864
devil,97883,1655,96228,0.016907941113370045,0.0024255203860176744,0.025289561860237474,0.1434545087278357,0.0974944559516303,0.9649023293869816
diamond,97883,1272,96611,0.01299510640254181,0.001694672840615411,0.020891506826302374,0.13040853903927538,0.0875503381950486,0.9436323056547248
dick,97883,663,97220,0.006773392723966368,0.0007760797555576058,0.013593959247869295,0.11457769941665931,0.0757743544622552,0.906479981768021
die,97883,10020,87863,0.1023671117558718,0.011409742864517038,0.046282723648309536,0.1114590679448624,0.08034599157873909,0.9234047711791804
differ,97883,3446,94437,0.03520529611883575,0.004002925954758467,0.027834269379008927,0.11370237992734274,0.08422692772523105,0.8948411810792013
dig,97883,1118,96765,0.011421799495315837,0.0016498118852656856,0.020949071912535033,0.14444412948610116,0.10125284324267735,0.9707028735208982
direct,97883,1096,96787,0.011197041365712125,0.0015153182904903654,0.01798624161126835,0.13533202575553685,0.1061754032779136,0.79795244979245
dirt,97883,826,97057,0.008438646138757496,0.0011701592562539374,0.016267160649486988,0.13866670518148205,0.10587280021333745,0.8383135196340095
dirti,97883,1367,96516,0.013965652871285105,0.0018461076626601373,0.021756843383014802,0.1321891414368414,0.0898787146950072,0.8857612851705726
disappear,97883,1860,96023,0.019002278230131894,0.002428926580625216,0.022199666533882296,0.12782291424265485,0.0998892820878693,0.9074516429008396
distanc,97883,1158,96725,0.011830450640049856,0.0016869054275462309,0.01903800300611454,0.14259012432168197,0.11181375417994585,0.7676068426104968
do,97883,5664,92219,0.05786500209433712,0.006300242372260988,0.03483013778053205,0.1088782881574898,0.07827923879134044,0.9578130832683156
doctor,97883,661,97222,0.006752960166729667,0.0010646296655553449,0.018533405214629727,0.15765377542141273,0.1090587351668586,0.9406333463208656
dog,97883,1647,96236,0.01682621088442324,0.0023577334545201137,0.025422505581250397,0.14012266164468262,0.0980477150161965,1.0
dollar,97883,780,97103,0.007968697322313374,0.0009740000426763644,0.01474632419971916,0.12222826432985971,0.0881194793164217,0.936775345802338
doo,97883,150,97733,0.001532441792752572,0.000700675937409183,0.02187732750015798,0.4572284185428204,0.3727094670375938,0.9893217892253776
door,97883,5774,92109,0.05898879274235567,0.005508774637571707,0.028523069760402833,0.09338680080523576,0.0718701199512098,0.7618302815542245
doubt,97883,2186,95697,0.022332785059714148,0.0025672617436108976,0.021503919927205094,0.11495484046196958,0.08908947525030414,0.7017460269425052
drag,97883,1243,96640,0.012698834322609646,0.00184730142029979,0.020799135645881473,0.14547015681673722,0.1099519275780593,0.9308576196823662
draw,97883,1724,96159,0.017612864338036226,0.00223564675322656,0.02090875078626735,0.12693260507312956,0.10038799260691135,0.8448411181230633
dream,97883,13413,84470,0.13703094510793498,0.014247666658333097,0.05154628337875919,0.10397408152669935,0.0713409378317403,0.9578799976813398
dress,97883,2155,95728,0.022016080422545284,0.002433540456214829,0.020840281399396216,0.1105346823553021,0.0870427779095541,0.8999451429990774
dri,97883,1800,96083,0.018389301513030865,0.002346839121169819,0.021653775015814624,0.12761980760970298,0.1008794003601298,0.8758725882205064
drift,97883,1088,96795,0.011115311136765322,0.0016959066991535981,0.020054174328127138,0.1525739296261504,0.11942089524075675,0.8888773467515402
drink,97883,3754,94129,0.0383519099332877,0.0042089696748315855,0.028393673244083466,0.10974602522150775,0.0801069858429877,0.9322864723323434
drive,97883,3851,94032,0.0393428889592677,0.0044484571285629635,0.029898335336415695,0.113068898757499,0.0810289952675398,0.9427002663986134
drop,97883,2641,95242,0.026981191831063615,0.0030020959602842442,0.02450272937474341,0.11126624720958071,0.0785509260769841,0.9280226120631868
drown,97883,2317,95566,0.02367111755871806,0.0031637309648378776,0.026439982726600218,0.13365363747571254,0.0978749979192623,0.8576695249560726
drug,97883,1106,96777,0.01129920415189563,0.001567522507480113,0.02055758623500896,0.13872857649156953,0.0918760894044224,0.9654355387024802
drum,97883,822,97061,0.008397781024284094,0.0012076999578571977,0.017272611729733663,0.14381179437340155,0.10535759625671515,0.867541851263733
drunk,97883,1067,96816,0.010900769285779962,0.0014759222326933938,0.0189929270918752,0.1353961536108036,0.0986804902197109,0.9709043098824036
dust,97883,1611,96272,0.016458424854162622,0.002355673117048887,0.023488541938357317,0.14312870994171087,0.1072069397156512,0.8876169480440089
ear,97883,1651,96232,0.01686707599889664,0.0019906421146708903,0.018781883510986953,0.1180193955846946,0.0939871959953076,0.6833569746915586
earli,97883,943,96940,0.009633950737104503,0.00134176503285529,0.0175651472885864,0.13927464126296327,0.107488724974219,0.9710533516237616
earth,97883,2792,95091,0.02852384990243454,0.003993599688728775,0.02961840814598658,0.14000913980366714,0.10808114553105244,0.91879196287916
easi,97883,3719,94164,0.037994340181645436,0.004893491210664464,0.03440448151110293,0.12879526759168317,0.088746889344621,0.95123684693062
eat,97883,2616,95267,0.026725784865604854,0.0030933055648829587,0.025623464554708698,0.11574236567562639,0.08335130212656569,0.9660055447015492
echo,97883,982,96901,0.010032385603220171,0.0015622962836480407,0.019618302329671353,0.15572530257873848,0.12080650689623815,0.8336297373101136
edg,97883,1466,96417,0.014977064454501803,0.002104215638383467,0.022207440519696326,0.1404958658471275,0.1030523725464147,0.916592142062277
eh,97883,398,97485,0.004066078890103491,0.0011836957169488978,0.025704572609859665,0.29111479362338943,0.17190919133946955,0.9890106311733124
electr,97883,564,97319,0.005761981140749671,0.001126241550668942,0.020685963137174072,0.1954608186243405,0.12461539739537965,0.969678365245092
els,97883,4817,93066,0.04921181410459426,0.0056877156917467565,0.032851133642467494,0.11557622484020087,0.0841268006894733,0.796450717989479
embrac,97883,1039,96844,0.010614713484466149,0.0015199711694238356,0.017738767206098353,0.14319474299972407,0.1197475460356682,0.9002185022105346
emot,97883,1315,96568,0.01343440638313088,0.001857488471575999,0.020462949201478866,0.1382635316070521,0.1038811403650143,1.0
empti,97883,3478,94405,0.03553221703462297,0.004051015757688149,0.02659857879813853,0.11400965365433845,0.08808966480305644,0.8682097389230503
end,97883,11649,86234,0.11900942962516474,0.011901077187983803,0.04498937338601841,0.1000011278557317,0.0709437651022063,0.9395449040009788
endless,97883,1340,96543,0.013689813348589644,0.002044177233422868,0.021095331022694477,0.14932104487994824,0.12341761168074085,0.9862142421904068
enemi,97883,1271,96612,0.012984890123923459,0.001839030407743295,0.021393423767987828,0.1416284920543957,0.1025470822934664,0.9191150433535346
enjoy,97883,851,97032,0.008694053104216257,0.001274663104818888,0.017779133401280445,0.14661321820092504,0.1085910193920305,0.9528907856970004
enough,97883,5816,92067,0.05941787644432639,0.007137957491407342,0.04020572222760813,0.12013148093731514,0.08058984875858505,0.9426586912281332
enter,97883,848,97035,0.008663404268361206,0.0013620453446785623,0.017797863735993635,0.1572182599919478,0.12655353552869458,0.75866585247727
eras,97883,990,96893,0.010114115832166974,0.0014244800409688883,0.017232359669290157,0.14084078772743205,0.11203733708746841,0.761150547650038
escap,97883,2143,95740,0.02189348507912508,0.002833513623776511,0.024023420494226913,0.1294226850378517,0.099648553839137,0.90631499531827
etern,97883,1607,96276,0.01641755973968922,0.00259599936758043,0.024295146600890032,0.15812333920154029,0.1309066994207912,0.7585324949954991
even,97883,11642,86241,0.11893791567483629,0.011037004077584902,0.04046472797840904,0.09279634685846444,0.0677655120180822,0.9632223922087536
ever,97883,10397,87486,0.10621864879498993,0.01112520316636312,0.0452257014743934,0.10473869977234983,0.0730377877449959,0.9599816571398158
everi,97883,13098,84785,0.1338128173431546,0.012621837095738482,0.044996037270230785,0.09432457477799434,0.06641366967584855,0.9383474529803436
everybodi,97883,3382,94501,0.03455145428726132,0.004932887324563053,0.037701274636006046,0.14276931105564913,0.08870955000224626,0.9256489187435344
everyday,97883,1266,96617,0.012933808730831707,0.0017221288449652,0.020625312497518207,0.13314939789236072,0.09077618643572065,0.9720924763357136
everyon,97883,3924,93959,0.04008867729840728,0.00494982886037822,0.03256749852505569,0.12347199244148861,0.088470960882961,0.9916456247303717
everyth,97883,12223,85660,0.12487357355209791,0.013210104589787712,0.049482733072608864,0.10578783175670382,0.072542085641946,1.0
everywher,97883,1472,96411,0.015038362126211907,0.00199401284615604,0.021462281690864796,0.13259508112791552,0.0994310849288387,0.9415718031915028
evil,97883,1548,96335,0.015814799301206543,0.002444309987581837,0.025479766561411033,0.15455839438919441,0.1116826130132959,0.9430244093399524
excus,97883,772,97111,0.00788696709336657,0.0011362199645530923,0.01644046105484622,0.14406297770770768,0.1050158339248202,0.9866673973989402
exist,97883,1589,96294,0.016233666724558914,0.002323333646733458,0.02235159232304701,0.14311822992020834,0.1161153748574318,0.8094259054818927
expect,97883,1200,96683,0.012259534342020576,0.0016608106944427318,0.01924545418060678,0.13547094433678158,0.1044927948153303,0.902136689664528
explain,97883,1351,96532,0.013802192413391498,0.0017952313078933972,0.019316876495990808,0.1300685611476902,0.1018225364006127,0.8931533120545101
eye,97883,19152,78731,0.1956621680986484,0.016432245692623006,0.047608628964060866,0.08398274358453517,0.060712149067063306,0.970097749275916
face,97883,11593,86290,0.11843731802253711,0.010132857881066593,0.03725112249930636,0.08555460432782207,0.0642131983953726,0.9745988881159572
fact,97883,1267,96616,0.012944025009450058,0.0014350679908631408,0.016087292088142583,0.11086721400920033,0.0841681743651616,0.8184283289147608
fade,97883,3726,94157,0.038065854131973886,0.004546652415362656,0.030238393239244432,0.11944175479681773,0.08675201921261916,0.8295596676514088
fail,97883,1443,96440,0.014742090046279742,0.0019858394520431604,0.020596002911340908,0.13470542140286948,0.10533461573006,0.9380626614183674
fair,97883,899,96984,0.009184434477897081,0.0012755269034148814,0.017103925741690524,0.13887919898438136,0.103399314709047,0.9065332061092376
faith,97883,2457,95426,0.025101396565287128,0.003302642746703762,0.027341399195806696,0.1315720716221426,0.0954488850362186,0.9712752168114548
fake,97883,1442,96441,0.014731873767661392,0.0018268720610249139,0.020014265665270817,0.12400812617843386,0.088555253174634,0.8420235431390081
fall,97883,15376,82507,0.15708550003575697,0.015857516370196383,0.052930393713315635,0.10094831392195189,0.06971144595161476,0.9396607866393836
fame,97883,759,97124,0.007754155471328014,0.0009919098251465273,0.015428003089458435,0.127919775250089,0.0928721140616258,0.9912390568384228
famili,97883,1351,96532,0.013802192413391498,0.0016436313329518577,0.018836181573208828,0.11908480071304714,0.0863215575607769,0.9857896285185558
fantasi,97883,851,97032,0.008694053104216257,0.001235385412790391,0.017480304646818233,0.14209545283215258,0.0995436764994295,0.8466865095223585
far,97883,6829,91054,0.06976696668471542,0.007700821777825013,0.037793977757425344,0.11037919725858042,0.0811618773948721,0.884395304663203
fast,97883,3346,94537,0.034183668257000706,0.003867696371417374,0.02777875028887337,0.11314456781932061,0.0802219667346448,0.962315123202357
fate,97883,1846,96037,0.018859250329474987,0.0025120139411510672,0.022334831369942458,0.1331979743237757,0.1066671027666941,0.9119743905646488
father,97883,1939,95944,0.01980936424098158,0.0026578247485782224,0.02419628839855141,0.1341701185482631,0.1030577998242225,0.8969332663312106
fault,97883,906,96977,0.009255948428225535,0.0014911363777709323,0.02078025765383284,0.16110033340546592,0.1118407035068553,0.997083693037776
favorit,97883,788,97095,0.008050427551260179,0.0011205126243525553,0.016707308428416258,0.1391867223470827,0.10010351896123,0.8112955742780932
fear,97883,5835,92048,0.05961198573807505,0.006580459504498509,0.03411456228283833,0.11038819497494903,0.0846287835086804,0.9587329974313394
feed,97883,1680,96203,0.017163348078828806,0.0022418003515032488,0.02140034932037252,0.1306155617894003,0.09970838521012809,0.9053800196267588
feel,97883,29703,68180,0.3034541238008643,0.027120854342382067,0.06290381268543525,0.08937382034122426,0.060278735458617,1.0
feelin,97883,1200,96683,0.012259534342020576,0.0015520128960658094,0.01964589122763472,0.126596398588008,0.08273351039305785,0.8685436002099653
field,97883,1148,96735,0.011728287853866351,0.001740782423674309,0.020217373781310565,0.14842596339417455,0.1188498558182548,0.952003400782762
fight,97883,6231,91652,0.06365763207094184,0.007189880508195688,0.0384875900768409,0.1129460879126494,0.078423665168201,0.945116794640318
figur,97883,1389,96494,0.014190411000888817,0.0018215901228056817,0.01968188829747181,0.12836767889891185,0.0932098484329708,0.9733566564867676
fill,97883,3521,94362,0.03597151701521204,0.0038660122355423793,0.02505310088197342,0.1074742617584762,0.0858862673947988,0.7687597268134674
final,97883,3157,94726,0.03225279159813246,0.0038030071180506055,0.02660989839639624,0.11791249468994218,0.0910177009151023,0.932560325754735
find,97883,17655,80228,0.1803683990069777,0.016415375168444307,0.04894410693729597,0.0910102615470311,0.0652499081939312,0.8852047588748526
fine,97883,3515,94368,0.035910219343501935,0.004499543789465083,0.03225934731564835,0.12529981358299022,0.0867962013802798,0.9993899406530092
finger,97883,2187,95696,0.0223430013383325,0.0024709550030185914,0.020706550556390937,0.11059190149084078,0.0863446711391794,0.7113418216651305
fire,97883,6784,91099,0.06930723414688965,0.0085451449472303,0.04434497821498207,0.12329369440886549,0.08439622991971224,0.9681628450455212
first,97883,5048,92835,0.05157177446543322,0.0052930634046596155,0.03114188334090338,0.1026348901026738,0.07336369873566129,0.9271398954982004
fit,97883,1474,96409,0.015058794683448607,0.0018372797447903147,0.01940905638530096,0.12200709176343986,0.09206004420928085,0.913165856175213
five,97883,1753,96130,0.01790913641796839,0.0021113023494873095,0.02104844695015327,0.11788967933534875,0.0856692881596427,0.9669483703831468
fix,97883,1369,96514,0.013986085428521807,0.0017803123975092365,0.020058151511065242,0.12729168619824444,0.0940178514689445,0.9243885684312309
flame,97883,2342,95541,0.023926524524176825,0.0031576669789689436,0.025844606068825146,0.13197349141862388,0.1007658607679047,0.8142012921398131
flash,97883,969,96914,0.009899573981181615,0.0013177404359225437,0.017334921992932257,0.13311082258968662,0.1043627126951311,0.9647554910799754
flesh,97883,1305,96578,0.013332243596947376,0.002085635316961696,0.021860027100860914,0.15643543427598594,0.1254682054809579,0.7764807918157552
fli,97883,5621,92262,0.05742570211374805,0.007025786044630527,0.04012332374449598,0.12234567077149437,0.0845781475947878,0.988733354179422
float,97883,1391,96492,0.014210843558125517,0.0020894868798655643,0.021897221933324357,0.1470346831501661,0.1174600813985951,0.96348566360302
floor,97883,3493,94390,0.03568546121389823,0.0038957665330813795,0.02683594622618025,0.10916957216078003,0.0824582056064979,0.986407922486684
flow,97883,2092,95791,0.021372454869589202,0.0025063390612347523,0.02182131681265056,0.11726959193634857,0.09293222383180705,0.847879724372236
flower,97883,2031,95852,0.020749261873869825,0.0029918123303987547,0.026317758313140517,0.14418885590173378,0.1089366676059013,0.9066355678659904
focus,97883,689,97194,0.0070390159680434805,0.0009811032877989573,0.016255494499894756,0.13938074473095113,0.0977973196621196,0.9814706012857826
follow,97883,3884,93999,0.03968002615367326,0.005111898843307818,0.03402143491180426,0.1288280109370492,0.0930406431547789,0.8984387766567141
fool,97883,3276,94607,0.03346852875371617,0.004164648793506624,0.0310096275379988,0.12443477345995387,0.08629055883257886,0.9335084065987188
foot,97883,4484,93399,0.04580979332468355,0.0045720352841301555,0.026328562856913942,0.09980475685024799,0.07836413926003365,0.7344604893942768
forc,97883,1621,96262,0.01656058764034613,0.0022835595593622615,0.02157940476896028,0.13789121551453193,0.1114623950792234,0.8911116578999972
forev,97883,5183,92700,0.05295097207891054,0.007297907433723674,0.04209937317314635,0.13782386134192057,0.0967083242634521,0.9254764698461422
forget,97883,7403,90480,0.0756311106116486,0.00839032084759567,0.03994506119873903,0.11093742746524478,0.0803572804279674,0.9255205953638592
forgiv,97883,1979,95904,0.0202180153857156,0.0029042919381955037,0.026610853980361077,0.1436487154049472,0.1030597802162943,0.9400549962443367
form,97883,1051,96832,0.010737308827886354,0.0015679901258179659,0.018163100537822663,0.14603194813077067,0.1222316054297919,0.7248104700476011
forward,97883,799,97084,0.008162806616062033,0.001253299545179909,0.017661874228003475,0.15353782150293496,0.1186440328827353,0.9345581905254472
four,97883,2167,95716,0.02213867576596549,0.002470672999693605,0.02208070760281763,0.11159985474342829,0.0824871417824682,0.9662794840392108
freak,97883,754,97129,0.007703074078236262,0.0011556784227836512,0.018795589814613482,0.1500282109513689,0.09291823163588811,0.966126760953441
free,97883,6121,91762,0.06253384142292329,0.0074595093600194765,0.04022001089058584,0.11928755998803896,0.0834598119768814,0.9753945281485872
freedom,97883,1249,96634,0.012760131994319749,0.001989853769127504,0.022840381172317972,0.15594303961850078,0.1137562353301606,0.8530840073701376
freez,97883,993,96890,0.010144764668022027,0.001375739033733275,0.017150001552515046,0.13561073901199813,0.1082558556393288,0.9169454088344968
friend,97883,8723,89160,0.08911659838787124,0.008999126417420568,0.04083671935784264,0.10098148470897368,0.0702076207921789,0.9848403575082758
front,97883,2261,95622,0.023099005956090435,0.0024944954278426647,0.021327778120052463,0.10799146216874109,0.082340039892489,0.8064143669868344
fuck,97883,4910,92973,0.05016192801610086,0.007331933008144521,0.04426699034990737,0.14616529503792466,0.09852675155586019,0.962121608670625
fuckin,97883,734,97149,0.007498748505869252,0.0009492094785322801,0.01528073201623474,0.12658238608606973,0.07930391246825616,0.8562808911328792
full,97883,3527,94356,0.03603281468692214,0.0038167903974939098,0.02567895151252374,0.10592540246041857,0.0808813770727852,0.848103730682889
fun,97883,2436,95447,0.024886854714301767,0.003083481954423478,0.026875640652572905,0.12390002633203337,0.08647363588038634,0.957115503927863
funni,97883,1267,96616,0.012944025009450058,0.00158493830317041,0.01799547563906053,0.12244555321959685,0.0909986563767579,0.8552433810788225
futur,97883,2576,95307,0.026317133720870835,0.0032691409588752785,0.02611131295517211,0.12422101105496464,0.09419771528359115,0.975788086455707
game,97883,4156,93727,0.042458853937864596,0.004197785660897525,0.02728321123532819,0.09886714481367481,0.07107391956562009,0.8760076371009422
garden,97883,874,97009,0.00892902751243832,0.001513200149265389,0.02024555831642243,0.16946975996629757,0.13092454586482835,0.9396262865178188
gate,97883,908,96975,0.009276380985462235,0.0012993215730924543,0.016234819555702152,0.14006772416190386,0.11467212638284996,0.7050475183629173
get,97883,40529,57354,0.4140555561231266,0.042007970230154894,0.08055213136431913,0.10145491253271118,0.0686677720134171,1.0
gettin,97883,956,96927,0.009766762359143059,0.001200087869158034,0.017376764780111378,0.12287468713053958,0.0808468351287886,0.9783810252583196
ghost,97883,1765,96118,0.018031731761388597,0.002796875853261679,0.027424254151017433,0.15510855475626797,0.1087879736421082,0.9746097937572524
gift,97883,878,97005,0.00896989262691172,0.0012308129850508753,0.015885679563969524,0.13721602211359318,0.11007249220130735,0.7156274895010409
girl,97883,9657,88226,0.09865860261741058,0.012350078301743546,0.055068661544051226,0.12517994350311312,0.0778794581177414,0.9847208620475616
give,97883,19048,78835,0.19459967512233994,0.01912596986387019,0.0596443626237407,0.09828366800636319,0.06425504558125775,0.9736022394113444
glad,97883,945,96938,0.009654383294341203,0.0014183938121799596,0.01902369952646682,0.1469170809710169,0.1082932264740214,0.8977444059994346
glass,97883,2083,95800,0.02128050836202405,0.0025202480721955483,0.021960933877342534,0.11842988096529855,0.090924719737846,0.8392333523998557
glori,97883,838,97045,0.008561241482177701,0.001411675385639088,0.019742118947491196,0.16489143409607504,0.1232066607504339,0.9094057456699992
glow,97883,1166,96717,0.011912180868996659,0.0017477871707987417,0.019892814061694273,0.1467226857969925,0.11748864100423995,0.8166154225338008
go,97883,46590,51293,0.47597642082894887,0.04458259368584865,0.0792524735177495,0.09366555092835209,0.06246174979027145,0.9690856858555156
god,97883,6502,91381,0.06642624357651482,0.00816365807412626,0.04188527777487724,0.12289808416944029,0.08628995865564615,0.9627272185792526
gold,97883,2173,95710,0.02219997343767559,0.0029441035831344327,0.026722984658258137,0.13261743719647842,0.0947996856027549,0.9656661172979422
golden,97883,1217,96666,0.012433211078532534,0.0018470793006518352,0.02126590302208356,0.1485601176546455,0.1136713228591344,0.93043514106071
gon,97883,1242,96641,0.012688618043991295,0.001588772314558306,0.019558113910405444,0.12521239973100698,0.08201662502501614,0.8996251434497458
good,97883,15040,82843,0.15365283041999123,0.014912062157106729,0.052169875135534394,0.09705035772101582,0.0644299187780075,0.9602787586083305
goodby,97883,3174,94709,0.03242646833464442,0.0050860373802004664,0.03829381188426083,0.15684832920168945,0.10494005197831249,0.9597508753924426
grab,97883,1078,96805,0.011013148350581817,0.00123453906876793,0.015202315949005719,0.11209683457162456,0.08877487111594126,0.9124889518207144
grace,97883,1155,96728,0.011799801804194803,0.0016739647156692038,0.01924205622343281,0.14186379936263957,0.109339630272178,0.9436492456645036
grave,97883,1426,96457,0.014568413309767783,0.002041931435662113,0.021542282737495633,0.1401615530974156,0.1071983503192078,1.0
great,97883,2980,94903,0.03044451028268443,0.003787704410077871,0.02768028367852899,0.12441337945357456,0.09313718142920199,0.9096872347554156
green,97883,1626,96257,0.01661166903343788,0.0023426973017329857,0.024236534499143,0.1410272078631795,0.10320993135520565,0.9338758962615672
grey,97883,924,96959,0.009439841443355843,0.0014372777750276437,0.018051162721035418,0.15225655893185155,0.12142673890681105,0.7903541810348997
ground,97883,4449,93434,0.04545222357304128,0.005040033750663493,0.028961949113049893,0.11088640674672841,0.086559489096914,0.8750352734208885
grow,97883,5329,92554,0.05444254875718971,0.005934583853317633,0.03264036903869257,0.10900635603570834,0.0812904903150824,0.8628597291218479
guess,97883,3726,94157,0.038065854131973886,0.004227054794783767,0.028471578183004262,0.11104584124471803,0.0798120355287778,1.0
guid,97883,1102,96781,0.01125833903742223,0.0016548769164836238,0.018788437077952337,0.14699121344479724,0.1179940722118703,0.8144347072190138
guitar,97883,880,97003,0.008990325184148423,0.0012937639348602817,0.017195729389205314,0.1439062445862829,0.11114523709996141,0.8363843251465591
gun,97883,2182,95701,0.022291919945240747,0.002771222451422631,0.02551946706898643,0.12431510871338285,0.08875408605370594,0.9743470301958814
guy,97883,1979,95904,0.0202180153857156,0.0024238536110483826,0.023007097724392855,0.11988583274898877,0.086417277091997,0.9153811499712377
ha,97883,702,97181,0.007171827590082037,0.0016567980254175627,0.027770299978697975,0.2310147594329733,0.1343648856261464,0.99409730915112
hair,97883,3070,94813,0.031363975358335974,0.0033949936893843927,0.024223562460886167,0.10824500563453177,0.08578394036722085,0.8985309401440064
half,97883,1995,95888,0.020381475843609206,0.0026998653847526053,0.02508219978072475,0.13246662829861616,0.0959659715107752,0.9361626953318436
hand,97883,13570,84313,0.138634900851016,0.012278242199230271,0.04240894145680021,0.08856530443531736,0.06507475309035496,0.9437270443188492
hang,97883,3183,94700,0.032518414842209575,0.003876926567851835,0.029168154208123128,0.11922249552027683,0.0840995407915412,0.9808199199221332
happen,97883,3804,94079,0.03886272386420522,0.004974865442128862,0.03375730756826742,0.1280112392407727,0.08882028655607635,0.9286875819504457
happi,97883,4569,93314,0.04667817700724334,0.006201481509588483,0.039279880553130725,0.13285612050843718,0.0915055518136104,0.9640001456563692
hard,97883,9119,88764,0.09316224472073803,0.008817979427089609,0.03842006156400276,0.09465185659193028,0.0669428738852368,0.933654566720596
hate,97883,4523,93360,0.04620822819079922,0.0054032699556416045,0.034177520370864856,0.11693306943799849,0.0815782489259729,0.9768513106230146
haunt,97883,1172,96711,0.011973478540706762,0.0018533796180708914,0.0214339869666927,0.15479040712937975,0.1159143699488034,0.8878726354875834
head,97883,11182,86701,0.11423842751039506,0.010451352061982007,0.04155205854501263,0.09148718421418216,0.06447724518358211,0.981848967158558
heal,97883,1409,96474,0.014394736573255826,0.002088036449587007,0.022139634007599496,0.1450555513093861,0.1098330833961321,0.8839488904113099
hear,97883,13278,84605,0.13565174749445766,0.01213346502393592,0.04264085163508818,0.08944569641044736,0.06495572965905011,1.0
heart,97883,19798,78085,0.2022618840861028,0.018600520933195135,0.053262173679568564,0.0919625613952894,0.06466400812119921,0.937940447227814
heat,97883,1706,96177,0.01742897132290592,0.0022245079056543472,0.022241977949919906,0.12763277100185488,0.093847880597733,0.9949962867684418
heaven,97883,3333,94550,0.03405085663496215,0.004822974985070327,0.03543289612342382,0.14164034217330898,0.0956980328320119,0.9763314156876614
heavi,97883,1465,96418,0.014966848175883453,0.0020102365686742135,0.021790897792993674,0.1343126184652137,0.1016245697034189,0.9467433305704972
hell,97883,2874,95009,0.029361584749139278,0.003516648711075912,0.027860548865547594,0.11977039867301444,0.08198482370380505,0.9355339241898966
hello,97883,1030,96853,0.010522766976900993,0.0020895292510374345,0.028432744056535206,0.19857222493135648,0.12347168721980495,0.9946950818911302
help,97883,4948,92935,0.050550146603598176,0.005899891458774887,0.03483692415905956,0.11671363695619688,0.08264166541266016,0.9246136869358572
hero,97883,807,97076,0.008244536845008837,0.0014697767855186264,0.02208393804153099,0.1782728142464928,0.1160335124794516,0.9144091536232936
hey,97883,5512,92371,0.056312127744347844,0.009558067502760196,0.058352982221542476,0.16973373029257555,0.09642677481714675,0.9888180199071644
hide,97883,6407,91476,0.06545569710777152,0.006710668620014464,0.03323124886619253,0.10252230006756294,0.0774200921116132,0.9374256176533586
high,97883,7029,90854,0.07181022240838553,0.008001626069403033,0.04165097168866327,0.11142739572505009,0.0754590066970695,0.973610308617004
hill,97883,1125,96758,0.01149331344564429,0.0017278460259308773,0.02054098116657548,0.1503348911610596,0.1167802491462696,0.8835443852647615
hip,97883,652,97231,0.006661013659164512,0.0009197862828478248,0.016451801325834188,0.13808503178526632,0.08703502170741095,0.9759925517394792
histori,97883,1013,96870,0.010349090240389035,0.0013634779207139323,0.016715243954408262,0.1317485778018182,0.1067597476919701,0.780797954038818
hit,97883,4227,93656,0.043184209719767476,0.0043735515994907746,0.02940732259896187,0.10127663856469257,0.069439151334665,0.9872664108398004
hoe,97883,613,97270,0.006262578793048844,0.00074598681669472,0.013847580278289574,0.11911815265665461,0.0740610391279963,0.9557584362577676
hold,97883,12854,85029,0.13132004536027705,0.012986255218253836,0.04823460248335795,0.0988901213263062,0.06887003897411585,0.975334274984444
hole,97883,1854,96029,0.018940980558421788,0.0024831499219576565,0.022903720902210597,0.13109933323138148,0.10063330470110646,0.910022057913672
holi,97883,1086,96797,0.01109487857952862,0.00183448776117471,0.022785898278406116,0.16534545628643108,0.12283578629302035,0.9429153958215144
home,97883,9922,87961,0.10136591645127346,0.01160967327189276,0.049910709896332194,0.11453231695955239,0.07564050219983165,0.950248260272636
honest,97883,999,96884,0.01020606233973213,0.001384945391969502,0.01846392601679203,0.135698308110261,0.094499162598916,0.9064727921958204
honey,97883,1890,95993,0.019308766588682406,0.002993670962671786,0.028805026759702302,0.15504206076148272,0.10755344981166401,0.968280555254252
hope,97883,7808,90075,0.07976870345208055,0.008162124405616452,0.037250607438759395,0.10232239026574733,0.07429225373327966,0.8927939302735124
hors,97883,733,97150,0.007488532227250901,0.0013096923776147156,0.019748800316436922,0.174893068210179,0.1284283355323573,0.9328881269028296
hot,97883,2611,95272,0.026674703472513103,0.0030133488201264423,0.026633577143376476,0.11296653487569382,0.0739211803013608,0.9628499319800078
hour,97883,2647,95236,0.02704248950277372,0.0032684653770499684,0.025026013300792474,0.12086407121336686,0.0930982355518531,0.8977119626531519
hous,97883,3516,94367,0.035920435622120286,0.004262982307295502,0.030433109986135624,0.11867846905148055,0.08440923970281039,1.0
hug,97883,817,97066,0.008346699631192342,0.0012681282721992812,0.017557653604060443,0.15193170093963554,0.1130862392250015,0.9165543498317288
huh,97883,919,96964,0.009388760050264091,0.0013577620460022875,0.019996537954211722,0.1446156935243111,0.0892178291019848,0.9788393195420818
human,97883,1849,96034,0.018889899165330036,0.002942321197418037,0.02848290297843044,0.15576161480090303,0.1129011074473001,0.9758873579060632
hundr,97883,2407,95476,0.024590582634369605,0.002902672594248274,0.024770201804024828,0.1180400089500639,0.0842124176270969,0.90616798166533
hurri,97883,697,97186,0.007120746196990284,0.0010926782316017394,0.016934759472515208,0.15344996175591546,0.1134696399064722,0.9216834702741687
hurt,97883,5564,92319,0.05684337423250207,0.006587619933532982,0.03735239652912391,0.11589072644752138,0.07990446775881485,0.9754734782651656
ice,97883,1506,96377,0.015385715599235822,0.0019791936453965914,0.021319185326362677,0.12863838751152362,0.09507656863044045,0.9533288355819768
idea,97883,914,96969,0.009337678657172338,0.001352447253240827,0.017810920864235937,0.1448376307319167,0.11223372509088494,0.8639965851990814
ignor,97883,1336,96547,0.013648948234116241,0.0016768148039755602,0.017526068745881338,0.12285304151013453,0.09752200116955945,0.7731272627874208
illus,97883,964,96919,0.009848492588089862,0.0015071440669298447,0.018650394656205996,0.15303296960922613,0.1211671579169202,0.9346655997875846
imagin,97883,1576,96307,0.016100855102520358,0.0022314507159860706,0.02292253459132465,0.13859206245740138,0.10315511129526281,0.984422393886128
imma,97883,596,97287,0.006088902056536886,0.0008058971871071317,0.014562369895619343,0.13235509121746206,0.08538503617015261,0.805642615018436
innoc,97883,1136,96747,0.011605692510446144,0.0016407924737705665,0.01955547873389445,0.14137824798422918,0.107463023264297,0.8835705754466748
insan,97883,1367,96516,0.013965652871285105,0.0018467794152483852,0.020175445100251113,0.13223724177231724,0.0985482781771015,0.9320137207976692
insid,97883,10078,87805,0.10295965591573614,0.010217282661819828,0.040601327706551414,0.09923578872662335,0.0719638656782656,1.0
instead,97883,1322,96561,0.013505920333459334,0.0016486988856323599,0.017842266130229986,0.12207230939663562,0.0933262425927491,0.8187607527409384
jesus,97883,754,97129,0.007703074078236262,0.0013239838751998316,0.020128713659255868,0.17187733906655853,0.1180356260797367,0.8605852323257532
job,97883,938,96945,0.00958286934401275,0.0011182672650851568,0.014724171393377235,0.11669440800461664,0.09144806470198955,0.7908820383534992
join,97883,811,97072,0.00828540195948224,0.0012504143139187027,0.017706166993171554,0.1509177611458747,0.113389537348125,0.8067083690693871
joke,97883,912,96971,0.009317246099935637,0.0011941949110541394,0.015610605075687688,0.12817037333192144,0.09656275738899975,0.6475777039075925
joy,97883,1380,96503,0.014098464493323661,0.0021020127870204444,0.022784207016324033,0.14909515770429146,0.11858262328955971,0.9472210835963318
jump,97883,1731,96152,0.01768437828836468,0.0022855343055138374,0.024542753672019635,0.12924029718463947,0.0867404765274869,0.999085472080024
keep,97883,15592,82291,0.15929221621732068,0.014754808421940496,0.048978691306604684,0.09262730328147778,0.0634550973589982,0.8482885751355994
key,97883,1621,96262,0.01656058764034613,0.001995965169245952,0.019644970569053663,0.1205250207657628,0.0909717546795196,0.8079519600029658
kick,97883,1786,96097,0.018246273612373957,0.0020963739610699557,0.021734543839458494,0.1148932656390876,0.0818583727034702,0.96291221797173
kid,97883,2624,95259,0.02680751509455166,0.0032089912869166133,0.02717329784127167,0.11970491392426023,0.08131890122938745,0.8325127184711281
kill,97883,4912,92971,0.05018236057333755,0.006394723354120377,0.03951579670989242,0.1274297040047567,0.08611601557435686,1.0
killer,97883,513,97370,0.0052409509312137965,0.0009574196600141358,0.018969951353086118,0.18268052355002662,0.1153700053298792,0.9852359268434798
kind,97883,4531,93352,0.04628995841974602,0.005068942222021619,0.03203324646604975,0.10950414290844011,0.0769848008447149,0.8803071364003638
king,97883,1994,95889,0.020371259564990855,0.0030350350925893574,0.028874095225041408,0.14898612836906924,0.0995398044813844,0.9820026356455392
kiss,97883,6474,91409,0.066140187775201,0.007522957140637439,0.03977821118707155,0.11374260330506866,0.07820691162422465,0.966706294872262
knee,97883,2262,95621,0.023109222234708786,0.002676721921026256,0.02195477733776493,0.11582916525013838,0.09087112755748195,0.8415842453843417
knife,97883,1179,96704,0.012044992491035215,0.001657109503935203,0.01925020114552413,0.13757663237802328,0.1071302536020152,0.9041261725225604
knock,97883,1453,96430,0.014844252832463246,0.0020231957041516274,0.023362028343689053,0.1362948830760315,0.0936596225767247,0.9879418435576026
know,97883,44863,53020,0.4583329076550576,0.04106121584456786,0.07350779856289746,0.08958819050250398,0.0618092596218731,0.9543938584856768
la,97883,1567,96316,0.016008908594955202,0.006007646004772955,0.063254106921798,0.37526893036706516,0.2315565700239068,0.9970276353493276
ladi,97883,1836,96047,0.01875708754329148,0.0026698199632182026,0.02812709545971078,0.1423365944769539,0.0898826212927797,0.9781260392012352
land,97883,3049,94834,0.031149433507350614,0.003948689023694933,0.028427077811900996,0.12676599793582524,0.0978155559659988,0.9361790856005352
last,97883,8177,89706,0.08353851026225187,0.008644513768220924,0.03875885411961449,0.10347938622658294,0.0745077785952284,0.8156217267826297
late,97883,4508,93375,0.04605498401152396,0.0051656679859535416,0.03272625822769536,0.1121630611067193,0.0807039567765205,0.9261610874664774
later,97883,1104,96779,0.01127877159465893,0.001580493106805611,0.019548094808262896,0.14012989743972248,0.10011082629105594,0.8932396725245546
laugh,97883,3697,94186,0.03776958205204172,0.004239273180890449,0.02763089117739761,0.11224040485937241,0.0861259502708746,0.8827577093948535
law,97883,921,96962,0.009409192607500791,0.0013662055921306764,0.0188521260091874,0.14519902494519762,0.1084092752693436,0.9348058969192288
lay,97883,2451,95432,0.025040098893577025,0.0029576808587267692,0.024237730974057178,0.11811777865962969,0.0889730475205909,0.88221858510674
lead,97883,3272,94611,0.033427663639242766,0.0038961193588250252,0.02646436164881527,0.11655374425423898,0.0906619751284023,0.8147374744133266
lean,97883,835,97048,0.00853059264632265,0.0011531841803305576,0.01646685556297902,0.13518218817161193,0.1005222886659945,0.9564212522114032
learn,97883,4075,93808,0.04163133536977821,0.004924484423934136,0.031004198786354346,0.11828792855655092,0.0868053390487825,0.933067802304009
least,97883,1380,96503,0.014098464493323661,0.0017539348233276966,0.01831377971773943,0.12440608863172822,0.0974219274637581,0.7332257108761944
leav,97883,20225,77658,0.20662423505613844,0.018269161625179685,0.051556878578148974,0.08841732248986221,0.0625336255906313,0.9447002171806864
left,97883,1839,96044,0.018787736379146533,0.0022379325144864116,0.01966680100894279,0.11911666575066529,0.0969025885511214,0.7188281672337217
leg,97883,1168,96715,0.011932613426233361,0.0014713617746164825,0.016674896532871006,0.12330591145957635,0.09868271446327676,0.7698710116603156
less,97883,1613,96270,0.016478857411399324,0.002272866208030695,0.023062596726371665,0.13792620151312368,0.1002364429670417,0.9619982701038128
let,97883,23626,74257,0.24136979863714844,0.024522680359249673,0.06633524796729834,0.10159796502177414,0.0658956813828039,0.9264805566010909
letter,97883,1180,96703,0.012055208769653566,0.001694324553393095,0.019757542524466567,0.1405470934404884,0.10306807682191041,0.8877059368771837
liar,97883,579,97304,0.005915225320024928,0.00107973233627548,0.019337025158158633,0.1825344391565679,0.1273175252219919,0.9263790407210531
lie,97883,11896,85987,0.1215328504438973,0.011753562948037895,0.04516911840696746,0.09671099546425631,0.06825634069078325,0.9708070188310896
life,97883,21371,76512,0.2183320903527681,0.0203131107689971,0.05487100597607441,0.09303767822758613,0.0658582593691764,0.9686455018315168
lift,97883,1195,96688,0.012208452948928823,0.0018692680277099197,0.02251967557469698,0.1531126044822846,0.1115650914026679,0.9486747601631148
light,97883,14532,83351,0.14846296088186917,0.014248592757533695,0.04811030029943047,0.09597405758915983,0.06812218455904145,0.9558273535656184
like,97883,37780,60103,0.3859710062012811,0.03326278402769791,0.06537896999330262,0.08617948885609195,0.059665137907565446,0.9004764331181475
line,97883,5827,92056,0.059530255509128244,0.006151044040136105,0.032750853143314766,0.10332635039997294,0.0756787159472848,0.979219638988564
lip,97883,2832,95051,0.02893250104716856,0.003179901970046762,0.02359332092287518,0.10990760753322289,0.0840872721018216,0.9007396286338356
listen,97883,4787,93096,0.04890532574604375,0.005163513537922889,0.031233975286877422,0.10558182486578363,0.0745558921023232,0.9471123044315384
littl,97883,10704,87179,0.10935504633082353,0.011949062280565675,0.04836920060719978,0.10926850366298674,0.07396676785027301,0.9943648998331284
live,97883,14445,83438,0.1475741446420727,0.0149903780182429,0.05125972594952272,0.10157862039180823,0.0706322289874402,0.912300945642288
livin,97883,777,97106,0.007938048486458323,0.0010863664968307866,0.01681677914146476,0.13685561365416718,0.0915807313537192,0.941547137279772
load,97883,781,97102,0.007978913600931725,0.0010864998974457858,0.015895738824321052,0.13617140776144154,0.1031078066039992,0.8937402720967028
lock,97883,1926,95957,0.019676552618943025,0.002174080963450856,0.0195484424827273,0.11049094856981316,0.08525897625840095,0.9964488895220094
lone,97883,3552,94331,0.0362882216523809,0.0049309853139769665,0.03578638046351564,0.13588390638738948,0.0911452204260524,0.9858804169312876
loneli,97883,827,97056,0.008448862417375847,0.0013874159812806005,0.01915096144033117,0.164213347636867,0.1257105098686946,0.866490648013623
long,97883,13651,84232,0.1394624194191024,0.013784997198597238,0.04875152360916774,0.09884381223282494,0.0691043575392547,0.9720027501510252
look,97883,21092,76791,0.21548174861824831,0.017842393763025766,0.049938780993577805,0.08280234348123701,0.05759136746370145,0.929077749713443
lookin,97883,1186,96697,0.012116506441363669,0.001466547476022694,0.01907794043930399,0.12103715564547166,0.07733753607477295,0.9686654695353492
loos,97883,1017,96866,0.010389955354862437,0.0014129341356302885,0.017989092562885122,0.1359903952781706,0.1036581364436064,0.8191340026985537
lord,97883,2045,95838,0.020892289774526732,0.0034644563202324346,0.03199755531324243,0.1658246347155557,0.1147857379559569,0.9051875265828938
lose,97883,14709,83174,0.15027124219731722,0.014245115073968122,0.04789754946073456,0.09479601596201113,0.0671893983565172,0.9130296532691456
lot,97883,3311,94572,0.03382609850535844,0.0037685808179500463,0.02688313087860937,0.11141044886843987,0.080340509996824,0.913019449314753
loud,97883,1981,95902,0.0202384479429523,0.002342052393716374,0.021240732706842187,0.11572292501470964,0.0877234942031496,0.9159182434671058
love,97883,34299,63584,0.3504081403308031,0.04620347920707977,0.10253997969602507,0.1318561810906029,0.0820768025009731,0.9974761779446608
lover,97883,2526,95357,0.025806319789953312,0.003814425213944837,0.032359318662402804,0.1478097320730651,0.0984257126750942,0.9839534904690456
low,97883,2657,95226,0.027144652288957224,0.0034707926310269814,0.028863591204288514,0.12786285099842454,0.0915466781409702,0.9748257828732524
luck,97883,1227,96656,0.012535373864716039,0.001718060934726479,0.01968666795976264,0.13705701587109367,0.1036202204593236,0.7820738252393672
lucki,97883,771,97112,0.00787675081474822,0.001373886180913249,0.0209906546251678,0.17442295855555326,0.1161341632181688,0.9561816395417544
machin,97883,1110,96773,0.011340069266369032,0.0017599494510705646,0.0218075225009799,0.1551974163235496,0.11374389945855826,0.9949777727891396
mad,97883,2253,95630,0.02301727572714363,0.0028885495380634426,0.02657687665584206,0.12549484883899867,0.088246150190326,0.9614406064003946
magic,97883,1513,96370,0.015457229549564275,0.0023692791609332834,0.025796023003326677,0.15327967753445643,0.1036679077010056,0.9677296713216011
make,97883,31512,66371,0.3219353718214603,0.025488988571177346,0.055748201089938505,0.07917424055320361,0.055397751585420096,0.9005466417764141
mama,97883,1326,96557,0.013546785447932736,0.00210713560480056,0.026616585371653873,0.15554506365361478,0.0928473237081254,0.9692121486267335
man,97883,12031,85852,0.12291204805737461,0.012825991991351737,0.049858734335174466,0.10435097449002427,0.0706971832499864,0.980736480382416
mani,97883,5017,92866,0.05125506982826435,0.00576814300315201,0.03321205261924465,0.11253799911850271,0.0830663551438356,1.0
march,97883,673,97210,0.006875555510149873,0.001205939876283144,0.01849478497331898,0.17539526435397174,0.1367858568798007,0.9646489505981088
mari,97883,425,97458,0.004341918412798954,0.0010716690563070989,0.022193322300484798,0.24681925232590063,0.1542983295333901,0.996154386127081
mark,97883,1065,96818,0.010880336728543261,0.0014736599583851364,0.017391104383791857,0.1354424954991665,0.1081724409044954,0.7859836424509079
marri,97883,673,97210,0.006875555510149873,0.00111864358583664,0.018093621162062014,0.16269864801255252,0.1103497393084183,0.8933933838126566
matter,97883,4190,93693,0.04280620741088851,0.005243038567082746,0.03338115709936996,0.12248313700758007,0.0853292772843253,0.950597237424706
may,97883,7965,89918,0.08137265919516157,0.008315199139194377,0.037495537112629124,0.10218664624504244,0.0742078559909073,0.8562387833452706
mayb,97883,5759,92124,0.05883554856308041,0.007298539857286847,0.04096641929622881,0.12404983102115098,0.0842876731343276,0.9812224254386775
mean,97883,7735,90148,0.07902291511294096,0.007968859079036605,0.037171365689029234,0.10084238309416159,0.0719511337234615,0.895390861348905
meet,97883,5502,92381,0.05620996495816434,0.0057300183181682365,0.0314790072890258,0.10193954617180324,0.07549939744590185,0.9309470962482264
melodi,97883,673,97210,0.006875555510149873,0.001075029208577616,0.01673028223361088,0.1563552511488897,0.1127373943036261,0.97533682747586
melt,97883,1059,96824,0.010819039056833159,0.001528385394021832,0.018572346070133455,0.14126812797265248,0.1112556581774507,0.9921092821832526
memori,97883,3868,94015,0.03951656569577965,0.004604936624824694,0.028603071376336123,0.11653180239082615,0.090668207978882,0.932846145330152
merci,97883,708,97175,0.00723312526179214,0.0012907119587568681,0.020092669125692374,0.17844457437711655,0.12720727917870428,0.9415312306276362
mess,97883,2025,95858,0.020687964202159723,0.002523012685435138,0.02324604269421402,0.12195558058688771,0.0884728701357877,0.8844040058577123
messag,97883,926,96957,0.009460274000592545,0.0012846332801298003,0.017495545206578544,0.13579239671592358,0.0958542788249667,0.9848164004725508
middl,97883,1403,96480,0.014333438901545722,0.0019823682480226462,0.022088618242949373,0.1383037428518893,0.100863045057097,0.9569538369816358
midnight,97883,880,97003,0.008990325184148423,0.0015604919374412897,0.022204112895239148,0.17357458217337018,0.1178509809506099,0.967043705182692
mile,97883,1652,96231,0.016877292277514992,0.0023421983766571974,0.023465988287508465,0.13877808940819397,0.10272123496795979,0.9799934086106714
million,97883,1788,96095,0.018266706169610656,0.002328930573562452,0.023187373563803973,0.12749592356376593,0.09040280306997195,0.9667009496363638
mind,97883,13973,83910,0.14275206113421124,0.01341667861403416,0.047168168613313806,0.09398588368836366,0.0660499755515115,0.9434132750249086
mine,97883,4828,93055,0.04932419316939612,0.006046315054935907,0.03652453887684096,0.12258315172375547,0.08597658978477744,0.993754398282534
minut,97883,1755,96128,0.01792956897520509,0.002238813937237409,0.022875718067804612,0.12486713653482011,0.0851137609376145,0.9530133098868462
miracl,97883,568,97315,0.005802846255223072,0.0011330823549449904,0.020349623030398972,0.19526320448781775,0.13063068521005095,0.9600758144878444
mirror,97883,1971,95912,0.020136285156768796,0.0024745140885612913,0.022601809829921892,0.12288831178622267,0.0927281632220985,0.8952490746063597
miseri,97883,812,97071,0.008295618238100589,0.0013143846650927526,0.01816084717687671,0.15844324405575605,0.12521340056317676,0.8454738750556394
miss,97883,5208,92675,0.0532063790443693,0.006769270855106126,0.04098509959645465,0.1272266780165808,0.08297439483007266,0.9658588169174076
mistak,97883,2253,95630,0.02301727572714363,0.0027947865593099517,0.023131495807906553,0.12142125733907501,0.0939701256230765,0.9563082416374428
mmm,97883,533,97350,0.005445276503580805,0.0008880301835588897,0.01759569294383418,0.16308266127072193,0.0994025849534812,0.9891526495149604
mom,97883,802,97081,0.008193455451917084,0.0010711898903649076,0.01678391819039068,0.13073725690597038,0.0872344968465313,0.9354860402411876
moment,97883,4081,93802,0.041692633041488306,0.0049452932692726674,0.030878642077547442,0.1186131195972106,0.0869994445515413,0.7543010438282984
money,97883,3839,94044,0.039220293615847494,0.004555247660409985,0.03329455505218218,0.11614516976918741,0.0770609437195701,1.0
moon,97883,3576,94307,0.03653341233922131,0.004807313326584704,0.03276480887525882,0.13158675904532735,0.0965271048826119,0.9397090868773572
moonlight,97883,733,97150,0.007488532227250901,0.0012537200856918703,0.01829041834696373,0.16741866732302502,0.1252389388806663,0.9727211507164344
morn,97883,4589,93294,0.04688250257961035,0.00550178487711457,0.03335544089127894,0.11735262783321106,0.0855687567921253,0.9217364746129746
mother,97883,2723,95160,0.027818926677768356,0.0035833159949020576,0.028518343384994486,0.12880856391075948,0.0926291677694444,0.9496802466995083
motherfuck,97883,656,97227,0.006701878773637915,0.0009047222070631622,0.015509323957111942,0.1349953106615297,0.08823407785402425,0.7762329254321396
mountain,97883,1739,96144,0.017766108517311485,0.0026236667964229924,0.02491077394178864,0.14767819265915572,0.1139456436585732,0.941437660371178
mouth,97883,3179,94704,0.03247754972773618,0.0036615508026626572,0.02580892336684081,0.11274098056528119,0.0855443989083638,0.8409655965678126
move,97883,7587,90296,0.0775109058774251,0.007947438002985661,0.039105243887464516,0.1025331585667913,0.0709349127162168,0.969028711003748
movi,97883,1019,96864,0.01041038791209914,0.0013053836766218855,0.016927858002532655,0.12539241454247305,0.093193854738798,0.9042130369896548
mr,97883,575,97308,0.005874360205551526,0.0011740980598534442,0.022269160488523853,0.19986824416110377,0.1085312479966377,0.9838143909688232
much,97883,10764,87119,0.10996802304792457,0.01088093753894453,0.04314321649772929,0.09894637765928165,0.0708630165968913,0.9819639217883755
murder,97883,774,97109,0.007907399650603272,0.0012224612802976928,0.019216210278647075,0.15459712855216934,0.10532173501447756,0.9600760297059364
music,97883,2573,95310,0.026286484885015785,0.0035877506884295107,0.031353616089648054,0.13648651404412973,0.0890270183901748,0.9576972005807995
must,97883,5028,92855,0.051367448893066214,0.006179002632965799,0.03570392966606712,0.12029023761388054,0.08638796677705995,0.8261509767012204
mysteri,97883,992,96891,0.010134548389403676,0.0015615217904881322,0.019845178295155287,0.15407906997817525,0.11674072592083726,0.8595178684594759
na,97883,545,97338,0.005567871847001011,0.002997869922059378,0.04730128869403439,0.5384229386806203,0.5490787177738771,0.9986928920172982
nah,97883,437,97446,0.00446451375621916,0.0007691774539545567,0.018226394665683224,0.1722869490284528,0.0894604857134794,0.9883200662722152
nake,97883,858,97025,0.008765567054544711,0.0012869131519584235,0.01816343573674609,0.14681459213653422,0.10918020248407945,0.9560941787180596
name,97883,7053,90830,0.07205541309522594,0.007432842811092981,0.036808503307218556,0.1031545374845051,0.0740006198688409,0.9121836169705604
natur,97883,1382,96501,0.014118897050560363,0.002138933201965958,0.02368598362565033,0.1514943549985773,0.1111180343606916,0.9847521296437672
near,97883,2265,95618,0.023139871070563835,0.0028220226343880104,0.022894818381687724,0.12195498521933847,0.0977639365421034,0.909036238571354
neck,97883,1273,96610,0.013005322681160161,0.0015101662751294982,0.016644066773482426,0.11611909309387326,0.0902949773524754,0.9385115697069216
nee,97883,3475,94408,0.035501568198767916,0.0038101572332212737,0.025634563549366645,0.1073236317868771,0.0809146784684569,0.82806338999117
need,97883,15741,82142,0.1608144417314549,0.0160709011167017,0.05446556170370409,0.09993443961667699,0.0659665356463921,1.0
never,97883,26433,71450,0.27004689271885823,0.025315253415070682,0.06317602164532916,0.09374391669607551,0.063370972054565,0.9148295405170156
new,97883,7816,90067,0.07985043368102734,0.008361309870849898,0.03942359347856811,0.10471214100414541,0.074773157046143,1.0
news,97883,1058,96825,0.010808822778214808,0.0013630009324087946,0.017832429371570164,0.1261007752995936,0.09047295121761495,0.978047942923101
next,97883,3464,94419,0.03538918913396606,0.0038732012459853963,0.027355066255235604,0.1094458884413362,0.0781642791967203,0.8837255955780967
nice,97883,1855,96028,0.01895119683704014,0.002335049453625437,0.02304165318419524,0.12321382515860843,0.0879014570517519,0.952654959113262
nigga,97883,1525,96358,0.015579824892984482,0.003859637547478192,0.0401354812244292,0.24773305053102151,0.1817737233946922,0.9825342835675565
night,97883,18164,79719,0.1855684848237181,0.016972766123355867,0.05256594514598816,0.09146362400641062,0.06244592200435175,1.0
nightmar,97883,778,97105,0.007948264765076674,0.0012144550373638264,0.01712779366406825,0.1527949902600044,0.1159657604360586,0.8946700955916339
nine,97883,1242,96641,0.012688618043991295,0.0016643224012217182,0.02004176379137205,0.13116656167374027,0.09463010507785061,0.995407100156721
nobodi,97883,3643,94240,0.037217903006650795,0.005074081881039645,0.03699528683945638,0.1363344377605829,0.0867111328241549,0.96569313807404
nois,97883,995,96888,0.010165197225258727,0.0014339034046480066,0.018924658079075535,0.141060067293629,0.1034403861759874,0.9266671564486142
none,97883,1138,96745,0.011626125067682846,0.0016158612463326807,0.019482623314253288,0.13898536588293656,0.1015703366751894,0.861710213755051
noth,97883,14271,83612,0.14579651216247969,0.014929164731320235,0.052575404162889944,0.10239726938517403,0.0694593441455508,0.9848314005157818
notic,97883,1273,96610,0.013005322681160161,0.0017540170415055705,0.019503644428266045,0.13486916737917498,0.1058531280264738,0.9580321754548372
nowher,97883,1785,96098,0.018236057333755606,0.0026280968287217795,0.025579083989149855,0.14411540721892097,0.1055100665727225,0.8911353667769965
numb,97883,812,97071,0.008295618238100589,0.001264531646365965,0.017414394404374554,0.1524336836714775,0.11687625533325165,0.8275643467764637
number,97883,1636,96247,0.016713831819621383,0.0020792563716682563,0.022263426803346646,0.1244033321687066,0.08580100290696635,0.8253849590538264
ocean,97883,2040,95843,0.020841208381434977,0.002850496159264873,0.024959601926936834,0.13677211546927623,0.1045331440021445,0.9139118857928796
oh,97883,22479,75404,0.22965172706190043,0.03227136477172442,0.09444723894050154,0.14052306588152058,0.0851382273350425,1.0
ohh,97883,855,97028,0.00873491821868966,0.0017259632199516362,0.025460081954473635,0.19759351796318833,0.123058214511921,0.9893062801340052
ohoh,97883,365,97518,0.003728941695697925,0.0010626088359664187,0.022672104340869657,0.2849625772353451,0.2102771831726215,0.9846266398023856
ok,97883,920,96963,0.009398976328882442,0.0015545886570569832,0.02225871713401593,0.16539978425946597,0.10956381550686234,0.9897785995039562
okay,97883,1941,95942,0.01982979679821828,0.0026319949632087436,0.02602566467381833,0.1327292957154876,0.0888711547905748,0.9507013608538288
old,97883,7564,90319,0.07727593146920303,0.007980453061824211,0.03705934394685896,0.10327216909710989,0.07533740781724971,0.8600735660042507
one,97883,29733,68150,0.3037606121594148,0.026662145211348933,0.06278396594764846,0.08777354319182283,0.059763389533663,0.957270000636924
ooh,97883,3924,93959,0.04008867729840728,0.007612380230412011,0.054095152914897256,0.18988853570168676,0.11136884554313235,1.0
oooh,97883,751,97132,0.00767242524238121,0.0016423006087512711,0.026096970346087867,0.2140523441896147,0.1349660941029588,0.9907267027368412
open,97883,6434,91449,0.06573153663046699,0.006857278692391711,0.03390154604412285,0.1043225070325424,0.07873746041263574,0.8761583056766803
other,97883,1551,96332,0.015845448137061593,0.002040856413099485,0.02014688415146301,0.12879764557280263,0.0992828171451266,1.0
outsid,97883,2617,95266,0.026736001144223205,0.00333060693515079,0.02615723033072072,0.12457386267992542,0.0936689509721795,0.8255275212106222
outta,97883,697,97186,0.007120746196990284,0.0009640695066943446,0.016536375134143813,0.13538883145446562,0.0846640045854189,0.8742420134024921
pack,97883,1174,96709,0.011993911097943464,0.0012964299083706415,0.014543387174628464,0.10809067182371679,0.08390610855654446,0.6417656669343681
page,97883,1015,96868,0.010369522797625737,0.0013058087342397936,0.015784704838753456,0.12592756289024015,0.0988652708818095,0.7243869808073259
pain,97883,7355,90528,0.07514072923796777,0.007783771235688479,0.03596696881280955,0.10358924267340523,0.0775199940429028,0.9751903481371228
paint,97883,1727,96156,0.01764351317389128,0.0022533098969758723,0.02166572703430206,0.12771322098766025,0.0990856931200973,0.8836581457067197
paper,97883,1288,96595,0.013158566860435417,0.0016147639127439709,0.01852912720011469,0.12271578887509166,0.09120052613742824,0.9241903210378614
paradis,97883,769,97114,0.007856318257511518,0.00142590724701965,0.021804976629362847,0.1814981522236988,0.1223581881708346,0.9501645789555372
park,97883,1038,96845,0.010604497205847798,0.0012636213953909252,0.01573102643037496,0.11915901064070321,0.09177194303917646,1.0
part,97883,3550,94333,0.0362677890951442,0.004338791107460212,0.02958592292339638,0.11963208168212054,0.0871569752939366,0.9164287619108672
parti,97883,2122,95761,0.021678943228139718,0.0029745416724981776,0.028840249500576575,0.1372087947828177,0.08535304092548635,0.9820638264056336
pass,97883,5078,92805,0.05187826282398374,0.0056077116539661855,0.03150321518410426,0.10809366676352346,0.0814126571744061,0.8361570641742231
passion,97883,1259,96624,0.012862294780503254,0.0017209445295657364,0.01943806613205913,0.1337976277898991,0.1039657795222162,0.9871275314576944
past,97883,4032,93851,0.041192035389189134,0.004280177954199089,0.026002666848731325,0.10390790146102911,0.0807628357771567,0.7998422414642876
path,97883,1704,96179,0.017408538765669217,0.002292456660748806,0.020599442764901714,0.1316857601667109,0.11047337560436195,0.8014949583698662
pay,97883,3583,94300,0.03660492628954977,0.0038937727299177263,0.026925810878595646,0.10637291546819337,0.077148927401628,0.8842290399325888
peac,97883,2767,95116,0.028268442936975776,0.0036137930652054284,0.027341675945373147,0.12783841944398375,0.0970465096641915,0.8743289699568905
peopl,97883,7284,90599,0.07441537345606489,0.007927255753162974,0.03879982805168836,0.10652712450396093,0.0753407945845681,0.8603899011742906
perfect,97883,2646,95237,0.02703227322415537,0.003445912734809124,0.027688849245410874,0.12747402729452814,0.09067463982002955,0.7991517358087945
person,97883,1170,96713,0.011953045983470061,0.0016584315658566132,0.019642115653512066,0.1387455187698657,0.10432234981930125,0.9006042734586303
phone,97883,2364,95519,0.024151282653780533,0.0024429788825125606,0.020557358724285046,0.10115317341665693,0.07466862886278819,0.9393763224312536
pick,97883,2578,95305,0.026337566278107537,0.0028955393223537456,0.023707166667780093,0.10993951725754529,0.0806929435357032,0.990714960079594
pictur,97883,2349,95534,0.023998038474505278,0.0026787570431281126,0.02270315494127689,0.11162399985206857,0.083749729283139,0.9449880995091758
piec,97883,2461,95422,0.02514226167976053,0.0032234008836936156,0.026889301611924987,0.1282064805764251,0.0911180756760059,0.9479321584606292
pill,97883,787,97096,0.008040211272641828,0.001016951824505404,0.014555099243309994,0.12648322164938047,0.0983340199219898,0.9878837371518772
place,97883,9676,88207,0.09885271191115924,0.009339448457358946,0.037461426971766694,0.09447842428190015,0.07049739014775436,0.8886687565814166
plan,97883,2648,95235,0.02705270578139207,0.0028725377958688843,0.021879779926244094,0.10618301248981647,0.0819365168987197,0.8878228478845334
play,97883,8746,89137,0.08935157279609329,0.008422747414841785,0.037962196019613384,0.09426523956173775,0.0665615205926386,0.9754003754589604
pleas,97883,6072,91811,0.062033243770624115,0.007682858823470972,0.04108849780420072,0.12385067032572615,0.08685769532240945,0.984874788531734
pleasur,97883,1049,96834,0.010716876270649654,0.0015732261225801373,0.0190688143516987,0.14679894428647433,0.1161213819057272,0.8386592637523884
pocket,97883,963,96920,0.009838276309471513,0.0011565508695225127,0.015366458285148302,0.11755625001191289,0.0908628409681171,0.8890584590473668
point,97883,2217,95666,0.022649489696883015,0.0026536711619006715,0.02230204973277908,0.11716251436189601,0.0918029499919586,0.8609449620047422
poison,97883,1222,96661,0.012484292471624286,0.0018757282120622153,0.021637266245158795,0.15024705775882635,0.11696200193319906,0.944626014166582
poor,97883,1112,96771,0.011360501823605734,0.0017125318216329078,0.020818265517005257,0.15074438156195494,0.11419206541025725,0.93525769130176
pop,97883,1032,96851,0.010543199534137696,0.0011906847372003355,0.017018504268062246,0.11293390904203532,0.0760549738508231,0.9855951304469656
pour,97883,1365,96518,0.013945220314048405,0.0017041159238151144,0.018089239037748332,0.1222007171947215,0.0939989628822107,0.8442520738972162
power,97883,2436,95447,0.024886854714301767,0.0033933806504047766,0.029010136919087555,0.1363523309538468,0.09566805035368281,0.9221641180996512
pray,97883,2746,95137,0.02805390108599042,0.003495591249930262,0.027647877931272147,0.12460267964928036,0.09037011040136414,0.8980774026569196
prayer,97883,1023,96860,0.01045125302657254,0.0015160601243791216,0.01840816280952671,0.14506013016090086,0.113022674778272,0.7389002357278833
pressur,97883,784,97099,0.008009562436786776,0.0012552307861692028,0.019334982553891805,0.15671652428903068,0.1088589103088788,0.9360842685041864
pretend,97883,2518,95365,0.025724589561006508,0.0031609579574893164,0.025481009274380927,0.1228769053824173,0.09060201590839995,0.9227183408310232
pretti,97883,2655,95228,0.027124219731720522,0.0035744758954530166,0.03025367121171638,0.1317817039829106,0.0885052926500545,0.9687308489747216
price,97883,1012,96871,0.010338873961770686,0.0014127656684449835,0.017966115959413855,0.13664599004387384,0.1008991913493867,0.8580369779418874
pride,97883,1490,96393,0.015222255141342214,0.0018636938798230608,0.018477892738864223,0.12243217989175882,0.0970188802158477,0.7680732136426234
probabl,97883,1017,96866,0.010389955354862437,0.0012465075271147837,0.015950868766582877,0.11997236605366408,0.0881234104370515,0.839103856341495
problem,97883,1701,96182,0.017377889929814167,0.002154514359880195,0.022241927105840227,0.12398020522525167,0.0885358757241205,0.9878884192350132
promis,97883,3381,94502,0.03454123800864297,0.004333017471405252,0.030758518461550952,0.12544476461211485,0.0917799161971416,0.940096489175034
pron,97883,18813,79070,0.19219884964702758,0.01865352287685582,0.05460278790402495,0.09705324933584639,0.0665898537406356,0.8584123150287354
protect,97883,983,96900,0.010042601881838522,0.0014128788121378136,0.017711645948506015,0.14068852163630274,0.1134043034294466,0.981094451998903
proud,97883,1081,96802,0.011043797186436869,0.0014210712261462693,0.016984078808234174,0.1286759619138532,0.0985503740987511,0.8363920649253447
prove,97883,1174,96709,0.011993911097943464,0.0015110686705542828,0.017111545353159004,0.1259863157409411,0.09551147739215896,0.8214120637127817
pull,97883,4263,93620,0.04355199575002809,0.004681242575145356,0.02982777026690241,0.10748629298216113,0.077592383791716,0.9596908755578444
pure,97883,1097,96786,0.011207257644330476,0.0016289497003356926,0.019142055598084767,0.14534775161163044,0.1136368505934527,0.9264429852956442
push,97883,2516,95367,0.025704157003769806,0.0032994990410583425,0.028601234283510683,0.1283644136072789,0.08951069519229121,0.9975998526329416
pussi,97883,562,97321,0.00574154858351297,0.0007418816942361564,0.01405635283166341,0.12921282184504926,0.08307971900426125,0.9799848085815868
put,97883,8683,89200,0.08870794724313721,0.008026568580494371,0.03594178832051074,0.09048308330813436,0.0648560495055339,0.9823690969355118
queen,97883,1296,96587,0.013240297089382222,0.002007060846383493,0.024607037832419874,0.15158729693407055,0.09753089137659485,0.9995953967949296
question,97883,1856,96027,0.01896141311565849,0.002205179985197539,0.020316798033546243,0.11629829336804455,0.09013427357092696,0.9026307823228016
quick,97883,1428,96455,0.014588845867004485,0.0015455395761681855,0.016163573575301966,0.10593981115831266,0.0830634483590534,0.7430940388080227
quiet,97883,1505,96378,0.015375499320617473,0.00210526056915281,0.02110497394973127,0.13692306996038836,0.1067665926089757,0.8085232830216105
quit,97883,1966,95917,0.020085203763677045,0.0023277904171162818,0.02091422060587464,0.1158957830104746,0.08772164034485119,0.9638260146682608
race,97883,1571,96312,0.016049773709428602,0.0019333769543083163,0.018696612450319918,0.1204613217177345,0.0961570812844083,0.6427819527065561
radio,97883,1132,96751,0.011564827395972742,0.0017472795937995536,0.023194195116237163,0.15108566120130892,0.0970778084177819,0.953238546843268
rage,97883,1044,96839,0.0106657948775579,0.001475511714419103,0.017834375562140695,0.1383405298299665,0.11043241782145775,0.8374057618416003
rain,97883,5236,92647,0.05349243484568311,0.006975092493573276,0.04169143458620122,0.13039399895882983,0.0895470181057322,0.9898607934269504
rais,97883,1779,96104,0.018174759662045504,0.002243584752057052,0.021873223397640407,0.12344508503968543,0.0921921752801668,0.9304894165110752
rap,97883,726,97157,0.0074170182769224486,0.0007798188146680215,0.01257050395204065,0.10513912539414594,0.07224703057776605,0.9751468008599928
rather,97883,1441,96442,0.014721657489043041,0.0019672327097418397,0.02136468803621713,0.13362847975548964,0.0965235203043868,0.8007400853223244
reach,97883,3569,94314,0.03646189838889286,0.0044201241842012915,0.029916820655360752,0.12122583791599188,0.0902848227160555,0.9735021791405042
read,97883,2386,95497,0.024376040783384244,0.002776801991016172,0.022688570983074034,0.11391521763899244,0.0860466891711171,0.8905545683731307
readi,97883,2986,94897,0.03050580795439453,0.004243807284286708,0.03497945924769261,0.13911473154984455,0.0884523979127094,1.0
real,97883,5673,92210,0.05795694860190227,0.006229291470080407,0.035755088541801726,0.10748135677170467,0.0728159645237024,0.933175194897004
realiti,97883,1221,96662,0.012474076193005936,0.0016663650294786506,0.018412011238270104,0.13358624748604322,0.1031563298456792,0.8380366457070574
realiz,97883,1914,95969,0.019553957275522817,0.002405660433601597,0.021184987536133883,0.12302678172530045,0.0954758599415147,0.9120751449648322
realli,97883,7964,89919,0.08136244291654322,0.008445714629959833,0.039685251884120476,0.10380360184886468,0.07206796307269075,0.932215711125897
reason,97883,4279,93604,0.0437154562079217,0.005144580645489603,0.03183704451047245,0.1176833342655898,0.0868241884073104,0.8844058162392167
record,97883,1009,96874,0.010308225125915635,0.0012439924591815302,0.016541175555734085,0.12067959750452502,0.0870278006009642,0.8239048503092918
red,97883,3278,94605,0.03348896131095287,0.003967559031338276,0.02898996980776427,0.11847363656634669,0.08447201963329945,0.9066247505555904
reflect,97883,1333,96550,0.01361829939826119,0.0017964371095206965,0.01866741426274429,0.1319134685605509,0.1065415858351099,0.7031320798961767
regret,97883,1858,96025,0.01898184567289519,0.0023611107598768455,0.021206246806325272,0.12438783881002438,0.09615196929796399,0.9411945064901642
releas,97883,891,96992,0.009102704248950277,0.001431754001139762,0.018770697471239765,0.15728886295573888,0.1214240352243626,0.8303080850795417
remain,97883,1786,96097,0.018246273612373957,0.0025652852784337275,0.023050759581739633,0.1405922838235882,0.11027932894060395,0.7839670709673526
rememb,97883,6398,91485,0.06536375060020637,0.00775661430020021,0.04073726394649341,0.11866843975406333,0.08298324251915029,0.9150112438507756
remind,97883,1360,96523,0.013894138920956652,0.0019344675468808978,0.020994936239234596,0.13922903447892862,0.10373530640941944,0.9969836939060788
repeat,97883,1417,96466,0.01447646680220263,0.0019876224100672905,0.02092478398422714,0.1373002430237238,0.10390835778644,0.8319967359898002
resist,97883,948,96935,0.009685032130196254,0.001518258693999767,0.01990264068079544,0.15676341323288945,0.11362845916478079,0.9421909883849746
rest,97883,3153,94730,0.03221192648365906,0.003767329123276335,0.026275663832081585,0.11695448035954885,0.0903373616267301,0.8142463588592147
return,97883,2062,95821,0.02106596651103869,0.002954710080247741,0.02548860291441485,0.14025988689858856,0.1059269831295939,0.8757361777806277
rhyme,97883,869,97014,0.008877946119346567,0.0010586251152004504,0.014186588760732168,0.11924211985174417,0.0922028021446172,0.7524626834692916
rhythm,97883,925,96958,0.009450057721974194,0.0014284816866180592,0.019926971350714074,0.15116115992565998,0.1064886521610452,0.8497630083336388
rich,97883,1109,96774,0.011329852987750681,0.0014014420349088609,0.017586032867350845,0.12369463544002167,0.0891955304295872,0.9665920987667976
ride,97883,3847,94036,0.039302023844794295,0.0049372407484354446,0.03481389646501161,0.1256230663319747,0.0836666926056652,0.962877164899936
right,97883,16263,81620,0.16614733917023386,0.015043336407191736,0.04992028502272882,0.09054214459479484,0.0612558756482503,0.9773620894379258
ring,97883,2014,95869,0.020575585137357865,0.002413422979525985,0.022109045550637123,0.11729547244535352,0.08705307049402135,0.8914101438270216
rip,97883,1069,96814,0.010921201843016664,0.0014523528768513965,0.018057550167536494,0.1329847115480311,0.1021642322853424,0.8877372585320873
rise,97883,4434,93449,0.04529897939376603,0.005808149707000018,0.03625270868710767,0.12821811406636957,0.0930916327239679,0.9762354402462968
river,97883,2125,95758,0.021709592063994768,0.0034623835756356818,0.030685442354768177,0.15948634895715172,0.114765362427063,0.9392664887309148
road,97883,3928,93955,0.040129542412880685,0.004879706584368847,0.03211352888603182,0.1215988593680692,0.0868558121933877,0.9561026887511328
rock,97883,2795,95088,0.02855449873828959,0.004180745891121064,0.036631763697057645,0.14641286227570774,0.0869476485132607,0.9837160469908396
roll,97883,3460,94423,0.03534832401949266,0.004360755302897955,0.0327135195640994,0.12336526338542211,0.0826282696317039,0.9717261039157686
room,97883,4516,93367,0.046136714240470764,0.004744934559672443,0.028129601915288006,0.10284509067856903,0.07852239727653075,0.8752251913435181
rose,97883,654,97229,0.0066814462164012135,0.0011318986641017765,0.018222808399191742,0.1694092307924682,0.12647450344962224,0.958031213535185
round,97883,3361,94522,0.034336912436275964,0.004622128115352486,0.034872083408366276,0.1346110581121831,0.0900084332445276,0.9973430382478244
ruin,97883,756,97127,0.007723506635472962,0.001226782096638926,0.01811631802428808,0.15883744968956087,0.11926043619742305,0.965832571013787
rule,97883,1733,96150,0.017704810845601382,0.0022539509883512,0.0218945906525617,0.12730726173847692,0.0953379863176974,0.8718234374940184
run,97883,12571,85312,0.12842883851128387,0.013222857707326976,0.051916487168531374,0.10295863343936731,0.068257937255879,0.9986399883312151
runnin,97883,758,97125,0.007743939192709663,0.001025154996338239,0.016624875079671548,0.13238159169732966,0.08724361294326415,0.9709243507094282
rush,97883,1286,96597,0.013138134303198717,0.0016627601128426795,0.01924975861620587,0.12655983524524103,0.0931422907718417,0.9778942209561872
sad,97883,3466,94417,0.035409621691202764,0.00454776241459045,0.030890786470422312,0.12843295684574638,0.09792724979339655,0.8662193801106984
safe,97883,1862,96021,0.019022710787368592,0.0025110140499280623,0.023489148239807328,0.13200085298018716,0.09934359988675676,0.9637404385796682
sail,97883,1156,96727,0.011810018082813154,0.0020115010512344426,0.023576002240577466,0.1703215894446202,0.1275619166698243,0.9505364684440678
sand,97883,1665,96218,0.01701010389955355,0.002264110858749355,0.021572018519280076,0.13310388179397187,0.1047244084186422,0.9362780087459834
satisfi,97883,823,97060,0.008407997302902445,0.001274568692008476,0.01780519410374232,0.15159004529752815,0.109757102553462,0.8639034695862328
save,97883,4372,93511,0.044665570119428295,0.0061353041609258216,0.040003372431683726,0.1373609279926583,0.09167894378511146,0.9801951728897208
say,97883,31732,66151,0.3241829531174974,0.027919175893593752,0.061136075661095725,0.08612166563697962,0.060268819511618596,0.9505144259678784
scar,97883,1310,96573,0.013383324990039129,0.0017980864026062963,0.019415574766970103,0.13435274148573445,0.10392969911753265,0.985500818337524
scare,97883,2489,95394,0.025428317481074342,0.0030884415830614484,0.025355570985699998,0.12145678082555396,0.0884791350601128,0.9255865985815352
scene,97883,1411,96472,0.014415169130492527,0.0016695156802012318,0.017143222885381892,0.11581658633957276,0.093255749853152,0.7694575506339947
school,97883,1447,96436,0.014782955160753144,0.0016171822565358264,0.017743986645672515,0.10939505930649364,0.0817124258204851,0.9766358773701832
scream,97883,3802,94081,0.03884229130696852,0.004415602113695389,0.02866291989258067,0.11368026872563013,0.08473035265586715,0.8886417990196134
sea,97883,4460,93423,0.04556460263784314,0.006025144390173118,0.035856052624243705,0.13223300635500343,0.09936812066626971,0.931151713090848
search,97883,2280,95603,0.023293115249839094,0.0029988856812714865,0.02435367697700719,0.12874558207890216,0.0989693010865895,0.7781933575798108
season,97883,1005,96878,0.010267360011442232,0.001465265042282192,0.018214117932989354,0.14271098321761966,0.1109195852989729,0.9299651375133254
seat,97883,836,97047,0.008540808924941001,0.0010411478653206093,0.014029139609010232,0.1219027230875325,0.09846782332534035,0.7585715742265153
second,97883,2413,95470,0.024651880306079708,0.002806174295196583,0.022935971178789878,0.11383205907033865,0.0868619609846275,0.8660575274565833
secret,97883,2576,95307,0.026317133720870835,0.0032785230937250483,0.026631301807646692,0.12457751396859039,0.09271704325821234,0.9533897275359876
see,97883,35694,62189,0.36465984900340204,0.028507921755557955,0.05743429476732666,0.07817674973943181,0.0550702144228985,0.8565260348046504
seek,97883,1184,96699,0.012096073884126968,0.001760462717725944,0.019374446714577685,0.14554001030335184,0.11974806815199185,0.8298619007230783
seem,97883,6956,90927,0.07106443406924594,0.00685707069727442,0.03185723404760472,0.09649089290703164,0.07342354855149985,0.7190519281283078
self,97883,929,96954,0.009490922836447596,0.0014249232491976556,0.018563906032661198,0.1501353739517913,0.1192501651111315,0.9925563543340188
sell,97883,1982,95901,0.02024866422157065,0.0024281353437175532,0.022754291109593955,0.11991582837997238,0.0871961994247613,0.9232240946845396
send,97883,2958,94925,0.030219752153080717,0.0037618374284612032,0.029580938238634297,0.12448273597365381,0.08636339829222034,0.8963774517345448
sens,97883,2484,95399,0.02537723608798259,0.003082348704306324,0.024025310472041737,0.12146116675668917,0.09425271384287046,0.8528662956038814
set,97883,4327,93556,0.04420583758160253,0.004995228316092481,0.03104088672169045,0.11299929125585402,0.0835329736062193,0.9372996909499464
seven,97883,1137,96746,0.011615908789064495,0.0017261040805042409,0.02151725502666384,0.14859828118909113,0.1075624623126606,0.9718565136810698
sex,97883,685,97198,0.006998150853570078,0.0009638707545288846,0.017323314636594252,0.13773220593511068,0.0858740983333277,0.9978233173231044
shade,97883,952,96931,0.009725897244669657,0.0014108310839533978,0.017754492813132964,0.14505922162879248,0.1174117794742427,0.7842520533185737
shadow,97883,3328,94555,0.033999775241870395,0.004348543896544612,0.030052027398351507,0.12789919538025127,0.0976659787001032,0.907564845149864
shake,97883,3053,94830,0.031190298621824014,0.0039697525659110906,0.03264523513196599,0.12727523432986415,0.0846913919772673,0.9871620866952848
shall,97883,1231,96652,0.01257623897918944,0.002386054308357332,0.026618772571665287,0.18972717616973253,0.146463084246257,0.9376296300336664
shame,97883,1649,96234,0.016846643441659943,0.002389038022788396,0.025233888349703686,0.14181092103371531,0.1002525587946039,0.9882483159936156
shape,97883,986,96897,0.010073250717693574,0.0014328961312400908,0.01730180585883804,0.14224763895960832,0.11549700051659764,0.8632214519800743
share,97883,2126,95757,0.02171980834261312,0.0026031762587472745,0.0219210239942126,0.11985263487063004,0.09267700452994196,0.8079323529765533
shine,97883,4430,93453,0.045258114279292626,0.005657445076968281,0.03519137022438189,0.12500399468823617,0.0905638106345934,0.9100637636342044
ship,97883,1072,96811,0.010951850678871715,0.001541091660088105,0.018285999510049583,0.14071518186977983,0.1132436608799249,0.6718170960264022
shit,97883,3202,94681,0.03271252413595824,0.0038059043608699495,0.028013099441395482,0.11634395270300851,0.08057549131411525,0.9861959061672828
shoe,97883,1533,96350,0.015661555121931285,0.001833278624768084,0.018538006675440692,0.11705597627408634,0.0924498860055507,0.8273223740511184
shoot,97883,2362,95521,0.024130850096543834,0.002874031586761201,0.025968302072090423,0.11910196181496469,0.0802503494616762,0.8979674221186695
shore,97883,903,96980,0.009225299592370484,0.0014061581943942622,0.017515022769704625,0.15242412241627196,0.1247002237534033,0.7631056352412177
short,97883,1252,96631,0.0127907808301748,0.001539489492349827,0.01694606104497291,0.12035930509558955,0.09403606429702174,0.925239722478582
shot,97883,1122,96761,0.011462664609789237,0.0013638680071727872,0.017050873230142653,0.1189835045865365,0.08469588905095815,0.9641614168479288
shoulder,97883,1302,96581,0.013301594761092324,0.001705409324210652,0.01841653319699277,0.12821089161421756,0.0992878211389511,0.735293346737627
shout,97883,1334,96549,0.01362851567687954,0.0017913192342378457,0.02024058967763859,0.13143905592571442,0.0974931515147224,0.9731345813260468
show,97883,8832,89051,0.09023017275727144,0.008784322460375233,0.03891994268735071,0.09735460092718627,0.06834642470702075,0.9741774177513696
shut,97883,1598,96285,0.016325613232124066,0.0023183488591461774,0.0248028464608885,0.1420068469210296,0.09785159083191156,0.9939012037580706
sick,97883,2590,95293,0.026460161621527742,0.003307363333500074,0.02766531293176237,0.12499407149536207,0.08966364509498134,0.968749914797797
side,97883,6182,91701,0.06315703441864266,0.007009052675714242,0.037088564319393905,0.11097817907747286,0.0798916083237485,0.9875693033521682
sight,97883,2180,95703,0.022271487388004045,0.0026441266650678217,0.02153374814120459,0.11872250016368513,0.09774900587369215,0.7840047333887693
sign,97883,2872,95011,0.029341152191902576,0.003465695329645417,0.02602294836934171,0.1181172200388866,0.08753580729585875,0.8574206931969083
silenc,97883,2502,95381,0.0255611291031129,0.003374152572296551,0.026616340821478398,0.13200326787933786,0.10094882988928205,0.8910223434883013
silent,97883,1457,96426,0.014885117946936649,0.002071506739034772,0.020852816582823397,0.1391662965936449,0.1138036738747508,0.9685773315834894
silver,97883,1135,96748,0.011595476231827795,0.001644140532513741,0.019038889319107598,0.14179154867316518,0.1110010820523707,0.8971637828425851
simpl,97883,1343,96540,0.013720462184444695,0.0019588301248748634,0.021729609027205412,0.14276706560917815,0.1080273567996725,0.9753782276783636
sin,97883,1849,96034,0.018889899165330036,0.002590011995173035,0.024215791344594173,0.137110948687681,0.1023955208420292,0.883242152683871
sinc,97883,3202,94681,0.03271252413595824,0.0035247813750167163,0.025179683295900604,0.10775021090904474,0.08029427832771324,0.8839158725000305
sing,97883,6553,91330,0.0669472737860507,0.008199094298912482,0.0424805197833983,0.12247092129718459,0.0857179772892468,0.9655902263715496
singl,97883,1556,96327,0.015896529530153348,0.001890709706003979,0.018866549430308098,0.11893852066374516,0.09362293303451749,0.8997058211537903
sink,97883,1830,96053,0.018695789871581377,0.002472237038460786,0.022197268216834428,0.13223496067522245,0.10345115511179195,0.8053883248624416
sister,97883,1099,96784,0.011227690201567176,0.0017149087082408644,0.022265546810226015,0.15273922574043725,0.1012783679711527,0.9723487966465018
sit,97883,4547,93336,0.04645341887763963,0.004777612800372319,0.029004552773756912,0.10284738811058801,0.0770000592123437,0.946564603510056
six,97883,1366,96517,0.013955436592666756,0.001681632377219208,0.01915646995105009,0.12050016250318284,0.08721172195696986,0.8952918417077073
skin,97883,3827,94056,0.03909769827242728,0.004415986675532942,0.02817348549758547,0.112947484651474,0.0856709121276828,0.902378113930112
sky,97883,7943,89940,0.08114790106555786,0.008673286171451682,0.03785268882670916,0.1068824462193384,0.0816551026183497,0.8898023708464886
slave,97883,725,97158,0.0074068019983040976,0.0011791387318652617,0.017706397877784958,0.1591967399878171,0.1153885923988752,0.8898633874936296
sleep,97883,7287,90596,0.07444602229191995,0.008037210679387822,0.03875489025767598,0.10796024330046908,0.0770424895729506,0.9355166271791944
slide,97883,735,97148,0.007508964784487602,0.001094868983277121,0.017037549236429205,0.14580824583689037,0.1029806373363659,0.9823740881111156
slip,97883,1974,95909,0.020166933992623846,0.0025415512479102583,0.022695773394572807,0.12602566403201612,0.0960292222348587,0.767698538645705
slow,97883,3133,94750,0.03200760091129205,0.004023084615716871,0.030781649508114586,0.1256915389212303,0.0882991443690978,0.9627393464951944
slowli,97883,1821,96062,0.018603843364016222,0.0025416936986094726,0.023321354743635433,0.13662196831465734,0.1076413107166492,0.8399924728560387
small,97883,1821,96062,0.018603843364016222,0.0022865060806359053,0.021118962172916124,0.12290503827066684,0.0958117549970537,0.9324334971502296
smell,97883,1506,96377,0.015385715599235822,0.0018899197420553214,0.019281680749549973,0.12283599874608302,0.09890269080607385,0.9232900263533842
smile,97883,6270,91613,0.06405606693705751,0.006381413696396187,0.03236180077754126,0.0996223152861799,0.0752416285364309,0.9538223604250324
smoke,97883,2649,95234,0.02706292206001042,0.0029708199073450988,0.023384848752539374,0.10977454322033232,0.0830006634944754,0.9614293547732956
snow,97883,1323,96560,0.013516136612077685,0.0019646135831347935,0.020677646317626686,0.14535319074677475,0.116869326049981,0.9112772222587764
soft,97883,1653,96230,0.016887508556133343,0.002270763603449812,0.022075166283748,0.13446409788050692,0.1033019550762446,0.8689560735766186
soldier,97883,709,97174,0.00724334154041049,0.001140244381237182,0.017947843617545724,0.15741966257918066,0.1100180786527914,0.9247400146226682
somebodi,97883,2516,95367,0.025704157003769806,0.004017335266749535,0.035439286237020064,0.15629126705693352,0.0958700978147564,0.9592301681668886
someday,97883,1163,96720,0.011881532033141608,0.0019952991148587426,0.024110234606966874,0.16793281449674832,0.1191731171357821,0.9341943923577566
somehow,97883,1414,96469,0.014445817966347578,0.001963677510120612,0.020251364845308227,0.1359339785877906,0.1013605500523817,0.6941372873738104
someon,97883,6592,91291,0.06734570865216637,0.007734052939057504,0.039151124738761034,0.114841065508763,0.08073736841462945,0.8996311850185125
someth,97883,10615,87268,0.10844579753379034,0.011189792560027712,0.045792930609267174,0.10318327509686223,0.0700923988824968,1.0
sometim,97883,4229,93654,0.04320464227700418,0.005430076035906027,0.03478572988709368,0.12568269865750525,0.088843762665403,0.9739748901273042
somewher,97883,2178,95705,0.022251054830767343,0.003010305755030753,0.02580817787698056,0.13528822691445141,0.1003804091515591,0.8743115068641986
son,97883,2018,95865,0.02061645025183127,0.0028971481741506817,0.026834994191162944,0.14052604297839005,0.0986396500889964,0.9834199134345728
song,97883,6185,91698,0.06318768325449772,0.00742234215767845,0.039446591102820124,0.11746501494260951,0.0805926333807716,0.8864973525635684
soon,97883,3693,94190,0.037728716937568324,0.004450387004214582,0.029293828508294734,0.11795754972475926,0.0899316802317045,0.8892905707636544
sorri,97883,2524,95359,0.02578588723271661,0.003822727518368126,0.03295182035632211,0.1482488263393135,0.09807852424146635,0.9549153708260092
sorrow,97883,1390,96493,0.014200627279507166,0.002175669142187676,0.023123936797190634,0.15320936880917715,0.1201675334791874,0.9161895747141342
soul,97883,7628,90255,0.07792977330077745,0.00831165340305459,0.03777350491776481,0.10665568563859365,0.0793615342346064,0.9289122593485968
sound,97883,5772,92111,0.058968360185118966,0.006257928453887295,0.03331361725304562,0.10612349460357763,0.0786493970470718,0.8585731396296585
space,97883,2429,95454,0.024815340763973313,0.003196814987716866,0.026039649329229222,0.1288241422160107,0.0965808848313581,0.8871412110716397
spark,97883,834,97049,0.0085203763677043,0.0011696034228841669,0.01572322370351464,0.1372713331440898,0.10770326542762534,0.8277860695499939
speak,97883,4333,93550,0.04426713525331263,0.004872411240846825,0.02944617654013415,0.11006836590994916,0.0837219925076876,0.7871991344300772
special,97883,945,96938,0.009654383294341203,0.0013165775244772745,0.017775887347202778,0.13637096066498314,0.0948860945599298,0.7734887335438627
speed,97883,951,96932,0.009715680966051306,0.0013279788812417747,0.01756368718523854,0.1366840765852667,0.103750191975331,0.9275494844523486
spell,97883,932,96951,0.009521571672302647,0.0013674917898731074,0.017720943290362102,0.14362038505166239,0.1107333537642667,0.8960232389566319
spend,97883,3245,94638,0.03315182411654731,0.0035422468110667448,0.024610721209141647,0.10684922792223304,0.0828492399141868,0.8784848595323362
spin,97883,1798,96085,0.018368868955794163,0.0023649089302907557,0.022590929020325456,0.12874548432906008,0.09405898476560665,0.9365736032351653
spirit,97883,1440,96443,0.01471144121042469,0.00219313260534139,0.023172232673669125,0.14907666583932724,0.11432370358105295,0.8752968222869357
spit,97883,928,96955,0.009480706557829245,0.0011819808559165646,0.016111080169810412,0.12467223288758737,0.0894553572662923,0.9837012135903318
spread,97883,1104,96779,0.01127877159465893,0.001557702759319624,0.017931501860120134,0.13810925651311848,0.11402904217039994,0.7717459673423541
spring,97883,919,96964,0.009388760050264091,0.001432643105470152,0.018107233914425435,0.15259130042735025,0.1255089872909832,0.9261653383414516
stand,97883,8761,89122,0.08950481697536855,0.00877645249580435,0.03947716242874827,0.09805564429252565,0.070233321342406,0.945677674627758
star,97883,5881,92002,0.06008193455451917,0.006967874953924345,0.03718638956291742,0.11597287946182228,0.0843908866245582,0.9707237890429324
stare,97883,2563,95320,0.02618432209883228,0.002938435862913706,0.02233631001592653,0.11222119296511208,0.0889832776291319,0.7293497522197173
start,97883,9110,88773,0.09307029821317286,0.008534098228081982,0.0361284874095777,0.09169518516568043,0.06629054668067055,0.8079624528764628
state,97883,1327,96556,0.013557001726551086,0.0018188544242596848,0.020405781551921857,0.13416347220030952,0.099301967191574,0.9801249802531428
stay,97883,10475,87408,0.10701551852722127,0.011134422420405016,0.045843490591712756,0.10404493267556127,0.0719905927188776,1.0
steal,97883,2175,95708,0.022220405994912294,0.002686096572577478,0.023232877403839742,0.12088422566142588,0.0907282771287619,0.7959266251354741
step,97883,3726,94157,0.038065854131973886,0.004411234095143828,0.03033263887382812,0.11588427990739757,0.08254074390726555,0.97066320127612
stick,97883,2301,95582,0.023507657100824454,0.0025572604666162947,0.021444954040440833,0.10878414874133106,0.0823275364026245,0.8914689153004709
still,97883,14557,83326,0.14871836784732792,0.01391012714632026,0.046708687487934455,0.09353334996656357,0.0660466484797811,0.8993565950984089
stone,97883,2719,95164,0.027778061563294956,0.003664592780767837,0.028543972499305122,0.13192399233537996,0.0985003365063786,0.9581632794496628
stop,97883,9185,88698,0.09383651910954915,0.010050063533926946,0.04587214978323267,0.10710183656955594,0.0705218180284751,0.9586259098995747
stori,97883,3092,94791,0.03158873348793968,0.0036105882964964867,0.026074839997283477,0.11429987523478835,0.08528326369577474,0.8814756012971507
storm,97883,2000,95883,0.020432557236700958,0.002708577338312294,0.023589206857008202,0.13256183780301112,0.10397311580175869,0.8975437900338314
straight,97883,2233,95650,0.02281295015477662,0.0026404276640857064,0.02372379085927368,0.11574249039126785,0.0834398405001992,0.9004671132492833
strang,97883,2203,95680,0.022506461796226108,0.0031363652926121293,0.02737114967645871,0.13935399180061417,0.1024718871993807,0.955634888306038
stranger,97883,1114,96769,0.011380934380842435,0.0017003332065007194,0.02114881621397496,0.14940189878986526,0.10595828801177534,0.9157284453465644
street,97883,4888,92995,0.04993716988649714,0.005138525547113698,0.030351313861691685,0.10289981508349633,0.0750635074311565,0.8837961844339447
strength,97883,1380,96503,0.014098464493323661,0.0018919343286410192,0.019449511383705945,0.13419435354374554,0.10999848206552734,0.8190506955000076
strike,97883,1046,96837,0.010686227434794601,0.001508883164840194,0.01839565527206448,0.14119886312050928,0.1072144085598743,0.9117737577362448
strong,97883,4297,93586,0.04389934922305201,0.004778716165235296,0.02921248871295352,0.10885619604415324,0.0799071427512804,0.877977485330474
stuck,97883,1074,96809,0.010972283236108415,0.0013792744647781712,0.016798410885891065,0.12570532815259006,0.09366490945200324,0.7403052901855419
stuff,97883,827,97056,0.008448862417375847,0.0011179937745955473,0.01644906632510905,0.13232476981709307,0.0936726985629725,0.8611998088282286
stupid,97883,1119,96764,0.011432015773934186,0.001507586082344151,0.018540216883560875,0.13187403797863498,0.0972030460734983,0.7998707427879711
style,97883,1036,96847,0.010584064648611098,0.0011514487089381343,0.014786756910298685,0.10879078569207665,0.08427546649816475,0.8483604909699324
suck,97883,895,96988,0.009143569363423679,0.0011300131072389064,0.015321413485476333,0.1235855563976155,0.0929916166736185,0.6842080385768069
sudden,97883,1353,96530,0.0138226249706282,0.0018452186873347306,0.019715789794752983,0.1334926391518,0.1029748355334407,0.8909550270301955
suffer,97883,1788,96095,0.018266706169610656,0.002831804441104032,0.026154815416592946,0.15502545531800108,0.11922057390839591,0.8559761738229791
sugar,97883,608,97275,0.006211497399957092,0.0012027184893694109,0.02122150550000532,0.19362778601142439,0.12268539121716909,0.9808542311958496
summer,97883,2395,95488,0.0244679872909494,0.00367850994557472,0.03168088256179672,0.1503397031326473,0.1024792660177827,0.9652252605299584
sun,97883,8547,89336,0.08731853335104155,0.009538215895785952,0.04180723117960387,0.10923472405840837,0.0796360051176046,0.9603274184304053
sunday,97883,745,97138,0.007611127570671107,0.0012980200200192209,0.020275080396607675,0.1705424075430086,0.1147231612839548,0.9699401785259654
sunshin,97883,770,97113,0.00786653453612987,0.0015059920239854868,0.0227272549994154,0.19144287958931347,0.13023501914297955,0.9434666470548392
suppos,97883,1308,96575,0.013362892432802427,0.0018052855246968049,0.020002548403873555,0.13509691361918755,0.09911753988883415,0.734340583794145
sure,97883,4607,93276,0.047066395594740656,0.004902127619256805,0.028702167074060175,0.10415345295326978,0.0781160333603611,0.9017179612560564
surpris,97883,1334,96549,0.01362851567687954,0.001735869807710583,0.019279472279857063,0.12737042307956148,0.0977259687627856,0.9395282395577036
surrend,97883,954,96929,0.009746329801906357,0.001745005024967774,0.02341825578969128,0.17904227134058764,0.1206419396545306,0.9703221698706652
surround,97883,1041,96842,0.01063514604170285,0.00147389429212373,0.01724593074967918,0.13858712295480025,0.1123828170779632,0.7969899804086177
surviv,97883,1499,96384,0.015314201648907368,0.002258708630124213,0.02352210138392046,0.14749111196961198,0.1071842863754464,0.9829892280836856
swallow,97883,1204,96679,0.012300399456493978,0.0017308223373506536,0.01971660139818552,0.14071269339443027,0.10772788640087205,0.8969993161150354
swear,97883,2246,95637,0.022945761776815177,0.0028565985392471575,0.024709812268374386,0.1244935150566026,0.09014716523010335,0.9703963918152604
sweat,97883,1057,96826,0.010798606499596457,0.0012943145381998208,0.01658315789074235,0.11985940391921766,0.0901348650817956,0.9716654840324708
sweet,97883,4408,93475,0.04503335614968892,0.005847022586567216,0.03764698066772987,0.12983759343034457,0.08803700744389795,0.9619358366404128
swim,97883,1251,96632,0.01278056455155645,0.0019250533841785314,0.022475691213540046,0.15062350152162043,0.1057880735858902,0.9667855294305342
swing,97883,929,96954,0.009490922836447596,0.0014186458108740236,0.019338394423955067,0.14947395899438323,0.1115381695569845,0.9257608792243542
tabl,97883,1033,96850,0.010553415812756045,0.0013337909448870682,0.016004657265980212,0.12638476191517997,0.1015113487507054,0.7842671527949535
take,97883,29273,68610,0.2990611239949736,0.024705512089161035,0.05819029698193031,0.08261024287990126,0.0569308463253131,0.9499377374247522
talk,97883,7998,89885,0.08170979638956713,0.008228637640314139,0.03987241153080459,0.10070564367927842,0.06985481753481515,0.9778714364734836
talkin,97883,895,96988,0.009143569363423679,0.0011352683579929003,0.016822997709763626,0.1241603046764459,0.079957187296512,0.9360479464105284
tall,97883,919,96964,0.009388760050264091,0.0012831946738058864,0.016527656598251183,0.13667349755836947,0.1087624388690263,0.933049264569035
tast,97883,2947,94936,0.030107373088278863,0.0034654496420201556,0.025518306750357243,0.11510302250080044,0.0866884609908144,0.8971715032199633
teach,97883,1652,96231,0.016877292277514992,0.002157698168394848,0.021459678482838362,0.1278462287027802,0.0972747561673838,0.905137923502666
tear,97883,7240,90643,0.07396585719685747,0.00758894863979286,0.035718143802289125,0.1026006988548128,0.07616496721560251,0.971627388087524
tell,97883,21253,76630,0.21712656947580275,0.01923012226338368,0.05502676155206465,0.08856641685911565,0.0601186700101215,0.9626910580363484
ten,97883,1719,96164,0.017561782944944475,0.001995876283202658,0.01987303529578968,0.11364884131979394,0.0843403185604369,0.8865202735454463
thank,97883,1554,96329,0.015876096972916646,0.002344015424841377,0.026302857672399822,0.14764431263175581,0.0956191453368784,0.9840101158990998
thing,97883,17119,80764,0.17489247366754185,0.015361999668927722,0.047286134504374015,0.0878368253749432,0.0613194992973062,0.8973405865695122
think,97883,21689,76194,0.22158086695340357,0.019104214294604717,0.052848183816027024,0.08621779739954787,0.0593493002968547,1.0
thinkin,97883,733,97150,0.007488532227250901,0.0009793232496587245,0.01492569291518227,0.13077639515190304,0.0935182377963636,0.858352371459227
though,97883,4005,93878,0.04091619586649367,0.004325447509147098,0.02625969402529259,0.10571480113304504,0.0827556789857817,0.6829420965855294
thought,97883,5489,92394,0.056077153336125785,0.005654338754369503,0.03007470382080831,0.10083141561194209,0.077256477089033,0.832872696184528
thousand,97883,3103,94780,0.03170111255274154,0.003838441491144491,0.02717284089726975,0.12108223283200008,0.0927367927008661,0.8340284843746159
three,97883,3295,94588,0.03366263804746483,0.0035000150290296025,0.024946013332709696,0.10397328409302112,0.0766082503562991,0.8643694885148347
throw,97883,3966,93917,0.040517761000378,0.004241407917431981,0.02743561033864481,0.10468021461976666,0.07768138787420735,0.9150453432469444
thunder,97883,887,96996,0.009061839134476876,0.0013928230962318956,0.01924876439436598,0.15370203283930844,0.1137180941943114,0.9961936768169742
tick,97883,483,97400,0.004934462572663282,0.0008836197681180262,0.017228968084723545,0.17907112580268478,0.1204947575155837,0.9790406040418
tide,97883,1086,96797,0.01109487857952862,0.0016819352634695414,0.019689897853560786,0.15159564400938225,0.11767283118860436,0.9251709342721962
tie,97883,1779,96104,0.018174759662045504,0.002287773527240653,0.021833938508471793,0.12587641156093132,0.0982955332675073,1.0
tight,97883,2265,95618,0.023139871070563835,0.0025876763992887125,0.021555069181434478,0.11182760661879783,0.0857611932980108,0.7911264710552248
til,97883,3055,94828,0.031210731179060716,0.0037058143251041506,0.02779762735462253,0.11873526140234686,0.0838867197292957,0.8364684799975853
till,97883,3699,94184,0.03779001460927842,0.0044390543836580545,0.029193117168533025,0.11746633150462323,0.0854518794194328,0.943810710862822
time,97883,32661,65222,0.33367387595394504,0.02772002939702392,0.06103297162281601,0.08307521623553756,0.0567974075467257,0.989437957929792
tire,97883,3269,94614,0.03339701480338772,0.0039019630999514486,0.027431013140426144,0.11683568495336422,0.0869624990714026,0.9915117476453524
today,97883,5102,92781,0.05212345351082415,0.006725047400335393,0.03864703599918339,0.12902152385084856,0.09188936960636679,0.9372000585397238
togeth,97883,4878,93005,0.04983500710031364,0.006046281311360794,0.03665100693188649,0.12132598474783284,0.08347382897232625,0.9900225949363186
tomorrow,97883,2843,95040,0.029044880111970414,0.004235501718293703,0.03280890931053594,0.1458261043586854,0.105622831438406,0.9416440530891976
tongu,97883,1680,96203,0.017163348078828806,0.0020905780974990427,0.019754714083687046,0.12180479518898739,0.09635132347305855,0.960722554822204
tonight,97883,6074,91809,0.06205367632786081,0.009058212876729426,0.04858086063371801,0.1459738312500669,0.0969176730241083,0.9830915640757164
tooth,97883,1475,96408,0.015069010962066958,0.0019287031650926283,0.019684294725084907,0.12799135722627913,0.1012926610941089,0.8861482895904449
top,97883,2425,95458,0.024774475649499913,0.0027161737312175875,0.023242170565502002,0.10963597250835921,0.0773290741275119,0.9088474044394824
touch,97883,5434,92449,0.05551525801211651,0.006103351636163893,0.03489635262754516,0.10994007512010129,0.0770536448207442,0.9357954084498736
tough,97883,760,97123,0.0077643717499463645,0.0010579163484248251,0.015956998475193294,0.136252665701141,0.10089451736241785,0.8628474361467786
toward,97883,994,96889,0.010154980946640376,0.0014782838696763966,0.017481917987643526,0.14557229377820396,0.11898323957120516,0.7284914590839863
town,97883,3404,94479,0.03477621241686503,0.00413160303022302,0.029834429906101544,0.11880543460849585,0.08473620340757204,0.9761988446778772
track,97883,1466,96417,0.014977064454501803,0.0016780082454431922,0.017391234254079856,0.11203852734564528,0.08799295611330045,0.8042160699787247
train,97883,1717,96166,0.017541350387707773,0.0025345702661543875,0.025496194909621846,0.14449117143971457,0.1017365128570049,0.9358724988805898
trap,97883,1268,96615,0.012954241288068408,0.0016728520913660409,0.018962165187464082,0.12913547417916577,0.10063712265982569,0.9847819973007452
travel,97883,1296,96587,0.013240297089382222,0.0019774998388385075,0.022260510554960162,0.14935464253474512,0.11125633352110775,0.976324275333915
treat,97883,1385,96498,0.014149545886415415,0.0017294651565597095,0.019301888790193962,0.12222760860616175,0.0871117028436126,0.8569669150736356
tree,97883,2627,95256,0.02683816393040671,0.003412438228603766,0.026432818136947533,0.12714872140480488,0.0999593928350456,0.9561832483999329
tri,97883,15445,82438,0.15779042326042317,0.014412488237146758,0.047131902874562565,0.09133943581201917,0.0636895240012886,0.9776056285929452
trick,97883,838,97045,0.008561241482177701,0.0010694060088171497,0.015248365167139406,0.12491249207762416,0.0923341678144126,0.8420638416769807
trip,97883,1221,96662,0.012474076193005936,0.0015410880053628566,0.018465973258799725,0.12354325735375306,0.09022496676015,0.9570651874676468
troubl,97883,1892,95991,0.01932919914591911,0.0027081013474609915,0.02702915390195683,0.14010416712131304,0.09569445542058995,0.9091219420358768
true,97883,5349,92534,0.05464687432955671,0.006214596353530739,0.034403444144562374,0.11372281452096643,0.0837291226308647,0.8469024334848009
trust,97883,2507,95376,0.025612210496204654,0.0030571644605434634,0.025009085807695414,0.11936355360645226,0.08915148510872,0.9422143963946736
truth,97883,4753,93130,0.04855797227301983,0.005245312797247482,0.030442651710206797,0.10802166053712929,0.0805539091204025,0.9378198805345052
tryin,97883,1003,96880,0.01024692745420553,0.0012630752829932796,0.01710076220118042,0.12326380650571403,0.0856409380291644,0.9932900344729524
tryna,97883,1058,96825,0.010808822778214808,0.0011864987017766177,0.014919235917941524,0.10977131609262825,0.076230308021038,0.8110045052044558
tune,97883,904,96979,0.009235515870988833,0.0012566418260300698,0.016360877201004573,0.13606622993064305,0.1088574028116635,0.850574656316428
turn,97883,13176,84707,0.13460968707538593,0.012370551981004181,0.04501666755025599,0.09189941860630176,0.064980109382013,1.0
tv,97883,1151,96732,0.011758936689721403,0.0013578896892864722,0.016223329304705852,0.11547725148256102,0.0861026746443046,0.8856891239685062
twenti,97883,782,97101,0.007989129879550074,0.0010681652018389833,0.016278530073167267,0.13370232027059487,0.09415095686636765,0.9150598007448282
twice,97883,903,96980,0.009225299592370484,0.001250514218223337,0.01692630193310988,0.13555269459839966,0.0969777605528715,0.8792157527793558
twist,97883,1386,96497,0.014159762165033766,0.0019182911762088623,0.0210398628521242,0.13547481616223092,0.10273624192258449,0.9753304020181546
two,97883,7274,90609,0.07431321066988139,0.007379476826902971,0.03598409288148903,0.09930235499694028,0.0716305530557889,0.9155471486337252
type,97883,804,97079,0.008213888009153786,0.0009482562322624827,0.014368623516541806,0.11544547858525944,0.08151284606755875,0.8652353324429094
uh,97883,1748,96135,0.01785805502487664,0.003372680063456152,0.037149102166058934,0.18886043629935842,0.10308054287082766,1.0
underneath,97883,1019,96864,0.01041038791209914,0.001481848205025425,0.0183304546044055,0.14234322654808998,0.1098789889733556,0.8359947140166741
understand,97883,5675,92208,0.057977381159138974,0.006276692488966509,0.03369570804074741,0.10826105566475924,0.0797335589593053,0.98339581434789
univers,97883,887,96996,0.009061839134476876,0.0015002750509599237,0.020282094806780393,0.1655596649527736,0.1229094839341358,0.9199856421315044
upon,97883,2830,95053,0.028912068489931858,0.003531927642190447,0.024905903783115205,0.12216101533587545,0.09798667149512745,0.8015012764104853
us,97883,1904,95979,0.019451794489339314,0.0023168918706601167,0.02012219564478525,0.11910941542847908,0.0960219662880642,0.7448584459450786
use,97883,7138,90745,0.07292379677778572,0.007466091606691793,0.036871434530893636,0.10238210209271684,0.07207245839082854,0.9650901387874224
vein,97883,1216,96667,0.012422994799914183,0.0016941281736385957,0.018352300017912094,0.13637035199035089,0.1105185403490509,0.791818600102764
view,97883,1358,96525,0.013873706363719951,0.0017592130080537262,0.018083970566071302,0.1268019490922849,0.10424529801648369,0.6524337794667859
vision,97883,1491,96392,0.015232471419960565,0.0020254051108481667,0.021014501354059856,0.132966283343495,0.10353500890839,0.952984366209299
voic,97883,4325,93558,0.044185405024365826,0.004895944280572623,0.029019582187667307,0.11080455815382428,0.0855508882074972,0.847320359521074
wait,97883,11622,86261,0.11873359010246927,0.013355649250446695,0.05369013916103962,0.11248416929801014,0.0739588386468413,0.9634345418689956
wake,97883,5364,92519,0.05480011850883197,0.006309107197010666,0.036658538943556286,0.11512944440063293,0.0811694267028933,0.9894628527726798
walk,97883,10555,87328,0.10783282081668931,0.010469973970162874,0.04265310111079467,0.09709450138526315,0.0690609652038088,0.94400083985704
wall,97883,4609,93274,0.04708682815197736,0.005145816035564132,0.030698300774817583,0.10928355630486525,0.0823746674833686,0.8734385137043748
wander,97883,1000,96883,0.010216278618350479,0.0015956730434801638,0.019623068151012005,0.15618926451496887,0.12652191056479223,0.9627013404919867
want,97883,33190,64693,0.3390782873430524,0.0381336252771618,0.08545401541935065,0.112462598463526,0.07178587335856045,0.9908824508081084
war,97883,2850,95033,0.029116394062298868,0.004039996155759798,0.032424042723734225,0.13875331358394258,0.096892826168466,0.93796130333676
warm,97883,2251,95632,0.022996843169906928,0.002904930353176571,0.02383140018418454,0.12631865737893483,0.0995530398097185,0.9035730546677594
warn,97883,1110,96773,0.011340069266369032,0.0015403239667168118,0.0179163249332312,0.1358302079586862,0.10804887323253295,0.8937462857976145
wash,97883,1602,96281,0.01636647834659747,0.0022882633808179436,0.02242988644371926,0.1398140352712876,0.10902288084502015,0.9645741513501984
wast,97883,3547,94336,0.036237140259289154,0.004592445702513396,0.03235062630780387,0.12673311606966978,0.0892007973745665,0.9593983110401114
watch,97883,7741,90142,0.07908421278465107,0.008023446069642738,0.03770918649951118,0.1014544595833665,0.0729289077503327,0.9951062230338598
water,97883,4115,93768,0.042039986514512226,0.005446863316786168,0.034800830243077646,0.129563869267796,0.0933839823339039,0.849594928894468
wave,97883,2825,95058,0.028860987096840107,0.0038269456168514484,0.029067693054659664,0.1325992629431045,0.0997271873232944,0.9844165528423529
way,97883,23159,74724,0.23659879652237875,0.02086069031376503,0.05587481697818424,0.08816904659019223,0.0605705685877479,0.8779243567258662
weak,97883,1955,95928,0.019972824698875187,0.002521547888486891,0.022421816980659044,0.12624893706842064,0.095446922736135,0.9146798826630768
wear,97883,3079,94804,0.031455921865901126,0.0033641162824414737,0.024383483431169875,0.10694699385327017,0.0817289819873488,0.931849624066698
weather,97883,983,96900,0.010042601881838522,0.0013823475148538177,0.017487970281168295,0.13764834363828712,0.1072484043199381,0.9748213526408576
week,97883,1267,96616,0.012944025009450058,0.0014410887830860616,0.016205048372831328,0.11133235466046801,0.0870741699525637,0.9415576457609494
weight,97883,1273,96610,0.013005322681160161,0.0017775953306076893,0.019374658766607294,0.13668213962755102,0.1075750723701357,0.8787078686885221
welcom,97883,993,96890,0.010144764668022027,0.001774338346785331,0.02406974541761125,0.1749018735129794,0.1190161441954512,1.0
well,97883,18783,79100,0.19189236128847706,0.017480336304924037,0.05244439234025399,0.09109448749054357,0.062161991499134,0.9735880490712177
west,97883,723,97160,0.007386369441067396,0.0010869974403924342,0.01670560070486437,0.1471626147412623,0.1065409489260809,0.8637678196435679
wet,97883,969,96914,0.009899573981181615,0.001304134353497834,0.016416613694230815,0.13173641168568473,0.1061477888701269,0.7435877234642455
whatev,97883,1844,96039,0.018838817772238284,0.0027547470651864345,0.02712074161704263,0.14622717298353782,0.10143837857700505,0.9847840575647834
wheel,97883,1234,96649,0.012606887815044493,0.0018224395332243541,0.021803749577893276,0.1445590347087516,0.10460916227550045,0.9768328807794584
whenev,97883,774,97109,0.007907399650603272,0.0012226156592276684,0.01797653784135795,0.15461665190204374,0.1124520495657631,0.7708390150863909
wherev,97883,847,97036,0.008653187989742857,0.0015861683876313131,0.022119269216620847,0.18330451037369047,0.132472374877932,0.9459994406213
whisper,97883,1893,95990,0.01933941542453746,0.002414840345497736,0.02175494956807391,0.12486625332189906,0.0974786349744922,0.9585812861030868
white,97883,3605,94278,0.03682968441915348,0.004321904660729034,0.02959783002374155,0.11734840330267407,0.0874030082202533,0.9134770482892298
whoa,97883,1083,96800,0.011064229743673569,0.002545000106745033,0.03287007943950064,0.23002054058035462,0.1430409088268696,0.9772113500632444
whole,97883,3824,94059,0.039067049436572236,0.00420794633772911,0.02781091402045206,0.10771088163596718,0.07885342757144084,0.8868627207076037
wide,97883,1559,96324,0.015927178366008397,0.0021322362971930723,0.020985171709034293,0.1338740766376841,0.1047011559492541,0.8689126605785721
wife,97883,900,96983,0.009194650756515432,0.001093603124552472,0.014151848706689868,0.11893906071174402,0.0933047337288438,0.6390224561439005
wild,97883,1967,95916,0.020095420042295392,0.0031234464390559897,0.03120085582906151,0.155430761461168,0.1016967346321373,0.9627915362552756
win,97883,2230,95653,0.02278230131892157,0.0029317653375696856,0.025568088248944354,0.12868609261763836,0.09343338767555975,0.9013000421702838
wind,97883,4919,92964,0.05025387452366601,0.005871125824115876,0.033162246057180676,0.11682931673956785,0.0894887817867837,0.9292043586906678
window,97883,2887,94996,0.029494396371177834,0.0033789507683418614,0.024632432732840614,0.11456246555511132,0.0906132258805034,0.851444560291184
wine,97883,1275,96608,0.013025755238396861,0.0017000205659495988,0.018984269691989502,0.13051224553478002,0.1019710862748361,0.9170868454385354
wing,97883,1856,96027,0.01896141311565849,0.002748231796930318,0.02486013543627031,0.14493813199295816,0.10877909071396615,0.8006400510701566
winter,97883,1513,96370,0.015457229549564275,0.0023151183754824382,0.023356110987179914,0.1497757646710823,0.1163904977826548,0.8172156543847382
wish,97883,5568,92315,0.05688423934697547,0.006956418877105693,0.03939183886891234,0.12229079542883199,0.0842582459295482,0.948997257186019
wit,97883,870,97013,0.008888162397964918,0.001207996329335732,0.016459886003505845,0.13591069506249367,0.0998487965135407,0.9104397041586386
within,97883,2103,95780,0.02148483393439106,0.002947183777486761,0.02442771392346917,0.1371750783127611,0.1102980685218629,0.8359639886881302
without,97883,9072,88811,0.09268207962567555,0.010938290147729936,0.047733151102251126,0.11801947250112976,0.08174177418789194,0.9998299991251202
woah,97883,718,97165,0.007335288047975644,0.001681646084760945,0.02690977417635074,0.22925426701205506,0.14601044780256967,0.965459003720305
wolf,97883,677,97206,0.0069164206246232745,0.0012821678017695235,0.020299126845430785,0.18538025249720275,0.1269800442045238,0.9237623140965778
woman,97883,3125,94758,0.03192587068234525,0.004675733553308466,0.03650668083790374,0.14645594476751764,0.0942543258487898,0.953831992751171
wonder,97883,4585,93298,0.04684163746513695,0.005492809145644505,0.0338778448834722,0.1172633887902118,0.0834800823798523,0.9566333415528652
woo,97883,551,97332,0.005629169518711115,0.0010010581300962328,0.01954665040668582,0.17783407068640572,0.104374019642198,0.973965677439199
wood,97883,740,97143,0.007560046177579355,0.0012117169449599415,0.017632684430035205,0.16027904016691075,0.12583387742259378,0.9961653018481887
word,97883,9216,88667,0.09415322374671801,0.009028113013137481,0.038263993659330774,0.09588745508517099,0.07070239233401379,0.95076169843084
work,97883,5186,92697,0.05298162091476559,0.00570768226146014,0.03452944143384767,0.10772947605061761,0.07424316323157305,0.9736773962468112
world,97883,15289,82594,0.1561966837959605,0.015760016166445612,0.05120505978412696,0.100898532436405,0.0706917337648016,0.991229120391364
worri,97883,2275,95608,0.023242033856747342,0.003020467029039786,0.02698313697989707,0.12995708756197863,0.0909692732534416,0.9752860826208936
worth,97883,2298,95585,0.0234770082649694,0.003044085475595496,0.025658724919313255,0.12966241018612443,0.0958362754349783,0.8908414089978505
would,97883,22016,75867,0.22492159006160417,0.02188386289836367,0.059742766282577374,0.09729551926237877,0.06607149267459264,0.9173417181073736
wound,97883,1276,96607,0.013035971517015212,0.0017851271930609835,0.01867161463104174,0.13693856194231055,0.11213633026070674,0.9109543016703424
wow,97883,373,97510,0.003810671924644729,0.0007147245815753083,0.017434524365219094,0.18755867618856809,0.1018114707169749,0.9827904365987518
wrap,97883,1179,96704,0.012044992491035215,0.0015372359235592045,0.017826373569960478,0.1276244816842626,0.0990304788828221,0.9009683441904492
write,97883,3654,94229,0.037330282071452656,0.004127369042085885,0.02768750049253493,0.11056356429843806,0.08168835634059565,0.9409884627024871
wrong,97883,7014,90869,0.07165697822911027,0.00759073808856874,0.0381722619615278,0.10593159628220332,0.0739656661006361,0.9872288963516356
ya,97883,3022,94861,0.03087359398465515,0.004514826490912197,0.03647622348527329,0.1462358575148771,0.08866721436978556,0.9786013232611972
yea,97883,507,97376,0.005179653259503693,0.0010194098767969926,0.019347607865954058,0.19681044767360953,0.1245036948678914,0.9911289392955628
yeah,97883,15438,82445,0.15771890931009472,0.020406537631624814,0.07198280296365932,0.12938548536056044,0.08053411948988715,1.0
year,97883,5496,92387,0.056148667286454235,0.006079758163987133,0.032765889643230225,0.10827965217713839,0.08152527988347144,0.8187798941898864
yellow,97883,733,97150,0.007488532227250901,0.0011536726616008658,0.017599522720612857,0.1540585827223432,0.1152731117547137,0.9605250846025166
yes,97883,4626,93257,0.04726050488848932,0.005973068571473293,0.037211172678622284,0.12638605079583234,0.08602729699996431,0.933068802352426
yesterday,97883,1587,96296,0.01621323416732221,0.0022582261726781143,0.023022001650353455,0.1392828937997806,0.1006411611965726,0.8524188865000232
yet,97883,2623,95260,0.026797298815933308,0.0033149499511494793,0.02572186324840805,0.12370463060174018,0.095196621482443,0.8942236993459285
yo,97883,1135,96748,0.011595476231827795,0.0014567655317105552,0.01951166203734217,0.1256322295510346,0.0808537523385479,0.9614760949959652
young,97883,3966,93917,0.040517761000378,0.004935605039356895,0.03413775573767401,0.12181337066751664,0.08288343824344775,0.9930251091248355
youth,97883,783,97100,0.007999346158168425,0.0012529606871686178,0.018063815153214074,0.15663288753783627,0.1170234215145433,0.9802410477413076
