feature,n_tracks,n_nonzero_tracks,n_zero_tracks,nonzero_share,mean_tfidf,std_tfidf,mean_nonzero_tfidf,median_nonzero_tfidf,max_tfidf,temporal_std,first_window_value,last_window_value,last_minus_first,absolute_last_minus_first,linear_trend,absolute_linear_trend
abl,97883,1010,96873,0.010318441404533984,0.0015406976728849482,0.018516699291965023,0.1493149607079182,0.12210050016579,0.8994954806884735,0.0004651992150228558,0.0004414274158730082,0.0015459991913230062,0.001104571775449998,0.001104571775449998,2.0789450040081333e-05,2.0789450040081333e-05
accept,97883,898,96985,0.00917421819927873,0.0013728127025593615,0.017765638314401373,0.14963811332362806,0.11802579459594795,0.9812319409137618,0.00040873879256761534,0.0,0.0016432983779581033,0.0016432983779581033,0.0016432983779581033,1.785739091532568e-05,1.785739091532568e-05
across,97883,2176,95707,0.022230622273530645,0.002661166159990665,0.021616342081190842,0.11970722759116095,0.09977315446923725,0.770744330525168,0.0010421538401068342,0.0028443589965789873,0.002089647902924155,-0.0007547110936548321,0.0007547110936548321,-9.25809372009326e-06,9.25809372009326e-06
act,97883,2296,95587,0.023456575707732703,0.002422380814664448,0.02014997214423997,0.10327086292761331,0.0793129221582401,0.8695600959966461,0.0005963574373432492,0.0004758156458284593,0.0029166730108813516,0.0024408573650528923,0.0024408573650528923,2.0271535873478264e-05,2.0271535873478264e-05
addict,97883,769,97114,0.007856318257511518,0.0011767692546723113,0.018421273520120664,0.149786352347321,0.0996983263795507,0.967883807349859,0.0004807654103883387,0.0005826749804806245,0.0016260032269988177,0.0010433282465181933,0.0010433282465181933,2.3060908747916076e-05,2.3060908747916076e-05
afraid,97883,3150,94733,0.03218127764780401,0.004151676179228878,0.029760714544223774,0.12900905379411434,0.09528914171940281,0.8880336173550964,0.0009913604391789922,0.0010590169330556827,0.004713695998564798,0.0036546790655091156,0.0036546790655091156,4.670434280719244e-05,4.670434280719244e-05
age,97883,1416,96467,0.01446625052358428,0.0020410070829013642,0.021414350826532154,0.1410874973839225,0.11013618384378296,0.8079366768511863,0.00045906225485029385,0.0016064339953840616,0.0020501921116071534,0.00044375811622309174,0.00044375811622309174,8.024452028457073e-06,8.024452028457073e-06
ago,97883,1342,96541,0.013710245905826344,0.0017579131897312809,0.01833774728433985,0.12821893945638374,0.10247537268250885,0.7121900183334271,0.0009490374606987937,0.0015945830706064945,0.001561538368918935,-3.304470168755949e-05,3.304470168755949e-05,-1.8203635211688382e-05,1.8203635211688382e-05
ah,97883,2359,95524,0.02410020126068878,0.004902118135175176,0.045008880934146574,0.20340569284669427,0.1167275216348696,0.991431129597608,0.0021610876218322037,0.0025966253740364225,0.0050881255813325565,0.002491500207296134,0.002491500207296134,-6.129845388453622e-05,6.129845388453622e-05
ahead,97883,1359,96524,0.013883922642338302,0.0018144890912299755,0.01984122809271051,0.13068994533985553,0.0990284795841366,0.9239673765471268,0.00034715535629296316,0.0019049367456091691,0.001969813096542829,6.487635093365969e-05,6.487635093365969e-05,-2.8456169372956656e-06,2.8456169372956656e-06
ahh,97883,395,97488,0.0040354300542484395,0.0008509018709311394,0.018839081434365,0.21085779198063972,0.1256362286460355,0.9433696187810824,0.0003339889330387431,0.0,0.000814467831879421,0.000814467831879421,0.000814467831879421,1.2455718989494152e-05,1.2455718989494152e-05
air,97883,3916,93967,0.04000694706946048,0.0046991614463296385,0.030772725183859484,0.11745863632560881,0.08964031227908059,0.9686109269249972,0.0012586266781427775,0.005819282487264149,0.004546175569677399,-0.0012731069175867492,0.0012731069175867492,3.798471000327649e-05,3.798471000327649e-05
aliv,97883,3787,94096,0.03868904712769327,0.005307083247871447,0.03670913687725945,0.13717275668111986,0.0947136913685737,0.9440494921083152,0.0017107406551335805,0.0008158532718165056,0.0060683262998606664,0.005252473028044161,0.005252473028044161,8.681872747382744e-05,8.681872747382744e-05
almost,97883,1752,96131,0.01789892013935004,0.002459257844878996,0.02455929022919827,0.1373969952227687,0.0990464720029274,0.9378156257309674,0.0004513310399494363,0.0004211647873721645,0.0025461965774771066,0.0021250317901049423,0.0021250317901049423,1.3189515784590038e-05,1.3189515784590038e-05
alon,97883,10244,87639,0.10465555816638232,0.011210385287005045,0.046384210193429844,0.10711696046933958,0.07395831392211824,0.9729912188515636,0.0014870591214138382,0.014313521629373058,0.011668502733327988,-0.0026450188960450705,0.0026450188960450705,4.925928334951655e-05,4.925928334951655e-05
along,97883,3156,94727,0.03224257531951411,0.0037809688071068787,0.02688623196782393,0.11726634022371439,0.08905056870534764,0.8758656731517591,0.0015017967408074281,0.009373852263683735,0.003236494503544463,-0.006137357760139272,0.006137357760139272,-5.852820169013407e-05,5.852820169013407e-05
alreadi,97883,3781,94102,0.038627749455983164,0.004813968607837291,0.031116828383365547,0.12462462027001786,0.0938654175689123,0.9581978878670836,0.0014588947233906866,0.0,0.006232928465644324,0.006232928465644324,0.006232928465644324,7.367098464213304e-05,7.367098464213304e-05
alright,97883,3141,94742,0.032089331140238854,0.005033818785655702,0.039428181058475634,0.15686892206187109,0.0973707560177885,0.9683149486390904,0.001386266118336897,0.0011431731666732895,0.005029381875686266,0.0038862087090129763,0.0038862087090129763,1.7598686004637238e-05,1.7598686004637238e-05
also,97883,941,96942,0.009613518179867801,0.0013003066491823494,0.015940893758009427,0.1352581463782316,0.1126772439878062,0.8281830024519395,0.0004755058080418175,0.0,0.0014382434790892826,0.0014382434790892826,0.0014382434790892826,1.0551513688517966e-05,1.0551513688517966e-05
although,97883,895,96988,0.009143569363423679,0.0012651008787383758,0.0159839882047904,0.1383596305179312,0.1078554765223973,0.6856706298219922,0.0002582475178172203,0.0011050012261529833,0.001283233943679508,0.0001782327175265247,0.0001782327175265247,-3.497337717443402e-06,3.497337717443402e-06
alway,97883,13131,84752,0.13414995453756015,0.013429069774532556,0.048255785861907985,0.10010491483821264,0.0694545672831903,0.9631101508940731,0.0025192087203585664,0.01046678131892813,0.014337133662737424,0.003870352343809294,0.003870352343809294,0.00012850228827602838,0.00012850228827602838
angel,97883,2447,95436,0.024999233779103625,0.003953556615872904,0.03385434414680362,0.15814711165978237,0.1081572105362075,0.9866415883134622,0.0018821863495796292,0.0005575421886586749,0.0030436830249366423,0.0024861408362779674,0.0024861408362779674,6.539528939992603e-05,6.539528939992603e-05
anim,97883,880,97003,0.008990325184148423,0.0016143649905936664,0.023482911823398137,0.17956691860713622,0.12081499195967116,0.9709731539724558,0.0006740343098026086,0.0,0.001893333475273965,0.001893333475273965,0.001893333475273965,2.8593695431780185e-05,2.8593695431780185e-05
anoth,97883,8197,89686,0.08374283583461888,0.00916402339079558,0.04210283918158606,0.10943053575225616,0.0764277506774111,0.9647695080962918,0.0014300391190865745,0.004875223401850821,0.009044910788187128,0.004169687386336307,0.004169687386336307,3.1466482527723046e-05,3.1466482527723046e-05
answer,97883,2800,95083,0.028605580131381342,0.0034601557482463034,0.026067645876695338,0.12096086610914032,0.09050333040286146,0.8890006429286642,0.0007436812267694493,0.0014951979940617261,0.003482101481431671,0.0019869034873699447,0.0019869034873699447,2.04009443660973e-05,2.04009443660973e-05
anybodi,97883,780,97103,0.007968697322313374,0.0013984525255237594,0.02106724409103189,0.17549324173825917,0.118871390886667,1.0,0.0004257751080296356,0.000497631787800512,0.0013724062804074974,0.0008747744926069854,0.0008747744926069854,7.540278009928949e-06,7.540278009928949e-06
anymor,97883,4072,93811,0.041600686533923154,0.006214488407248414,0.03978241181917819,0.14938427523740092,0.10576709132585645,0.9365533464108168,0.001515639986021771,0.00014293024781602659,0.0068423324822887675,0.006699402234472741,0.006699402234472741,7.71900007015238e-05,7.71900007015238e-05
anyon,97883,2166,95717,0.022128459487347138,0.0030916750574039374,0.02682243922117329,0.1397148797986471,0.10181970796477405,0.9349218652226738,0.0008291410853686789,0.0006419707679206847,0.003186243921544674,0.002544273153623989,0.002544273153623989,1.8527825126965693e-05,1.8527825126965693e-05
anyth,97883,4531,93352,0.04628995841974602,0.0057374287348993585,0.03531755989123956,0.12394542857165171,0.0866796498778901,0.961560781020896,0.0013069472711146413,0.003953931942046119,0.005897947515809682,0.001944015573763563,0.001944015573763563,5.7930163438499255e-05,5.7930163438499255e-05
anyway,97883,1434,96449,0.014650143538714588,0.002132621242080672,0.023099484605941474,0.1455699895666544,0.10626769894443765,0.8525499534446505,0.0006723492740779491,0.0,0.0021734345198066345,0.0021734345198066345,0.0021734345198066345,1.7744567980556168e-05,1.7744567980556168e-05
anywher,97883,892,96991,0.009112920527568628,0.0014875575321468312,0.020274487415116768,0.16323609183758775,0.1218618571941904,0.8892013093951805,0.0003707950215467422,0.0,0.001248469895795454,0.001248469895795454,0.001248469895795454,-4.592062815770771e-06,4.592062815770771e-06
apart,97883,3343,94540,0.03415301942114565,0.004155508001677632,0.0281301860486623,0.12167322456721855,0.0917418028058664,0.8692573682552627,0.0011419757121444408,0.002646852172469139,0.004143213152521425,0.0014963609800522858,0.0014963609800522858,5.1596638331485115e-05,5.1596638331485115e-05
appear,97883,966,96917,0.009868925145326564,0.0013696917917483265,0.01640278224717731,0.13878834539513607,0.11595968185825509,0.7661572394400197,0.00044362529356465567,0.0031077922741615843,0.0012429294940912404,-0.001864862780070344,0.001864862780070344,-8.847227527091508e-06,8.847227527091508e-06
arm,97883,4328,93555,0.04421605386022088,0.0051719541568513334,0.03160241246065971,0.11697005285006448,0.08727967920884865,0.9096541181719744,0.0009384614527350422,0.00739431537490607,0.0042517094310282975,-0.0031426059438777725,0.0031426059438777725,-1.185579833018757e-05,1.185579833018757e-05
around,97883,12672,85211,0.12946068265173727,0.011822158957327045,0.04308769220392199,0.09131852787405645,0.06423659357969325,0.9013741471373206,0.00149825178999439,0.01618690886402688,0.011264793530602538,-0.004922115333424343,0.004922115333424343,2.2246557111936347e-06,2.2246557111936347e-06
arriv,97883,1558,96325,0.015916962087390046,0.0023424578034255674,0.02321235595374396,0.14716739228029835,0.1158797047005696,0.919755177410755,0.0007386494448299426,0.0,0.0024962702067504792,0.0024962702067504792,0.0024962702067504792,1.8482968765209302e-05,1.8482968765209302e-05
ash,97883,956,96927,0.009766762359143059,0.0016123078052175258,0.020395335741824363,0.16508109298965176,0.12737377922415,0.8939035189147566,0.0005540052959101655,0.0,0.0020545939753498946,0.0020545939753498946,0.0020545939753498946,2.8048191307664554e-05,2.8048191307664554e-05
ask,97883,6397,91486,0.06535353432158802,0.006853488550924253,0.03531119907461685,0.1048679099312363,0.075674334047234,0.972528159320044,0.0009189641870114439,0.005753094156672089,0.007117596753517541,0.0013645025968454525,0.0013645025968454525,1.1123158342572239e-05,1.1123158342572239e-05
asleep,97883,1275,96608,0.013025755238396861,0.0017020884488091609,0.01818567740490443,0.1306709989292448,0.1065635791997499,0.8332378073123682,0.0005731588715136887,0.0005769811939201792,0.0019123511165750427,0.0013353699226548634,0.0013353699226548634,2.8215746744980304e-05,2.8215746744980304e-05
ass,97883,1198,96685,0.012239101784783874,0.0013039062613934517,0.016231487499928098,0.1065361073321997,0.07260390097076665,0.8579644200921884,0.0005782210552996857,0.0,0.0021366264075873523,0.0021366264075873523,0.0021366264075873523,2.8137406299922917e-05,2.8137406299922917e-05
attack,97883,805,97078,0.008224104287772135,0.0010885260125164113,0.01587503017211027,0.132358002090862,0.1012867222812856,0.9645032863233146,0.0005462786059737037,0.0,0.001169790250165201,0.001169790250165201,0.001169790250165201,1.7125199569569406e-05,1.7125199569569406e-05
attent,97883,1025,96858,0.010471685583809242,0.0012637751016963054,0.015929776203610767,0.12068497393106288,0.0890664992347405,0.8339079024090721,0.00043016531231708613,0.0,0.0014941232344628888,0.0014941232344628888,0.0014941232344628888,2.02224496860061e-05,2.02224496860061e-05
awak,97883,1699,96184,0.017357457372577465,0.0023301734931057494,0.022202992019604042,0.1342462460421837,0.1024607171966984,0.8428490746820521,0.0007413458481897735,0.0036535166265821164,0.0028106722635430938,-0.0008428443630390226,0.0008428443630390226,2.7949370528419087e-05,2.7949370528419087e-05
away,97883,19065,78818,0.1947733518588519,0.019375550321646135,0.05709678402199106,0.09947741894223386,0.0676930397916173,0.9075260309888296,0.00348704835308118,0.010151514676197841,0.01768150608391642,0.007529991407718577,0.007529991407718577,0.00014075721484361968,0.00014075721484361968
ay,97883,314,97569,0.0032079114861620506,0.0008325627368713695,0.020964941982402858,0.25953419864070143,0.1328020214077958,0.9943483508716398,0.0003592163708423715,0.0,0.0015243504613641284,0.0015243504613641284,0.0015243504613641284,1.1977628933229646e-05,1.1977628933229646e-05
ba,97883,109,97774,0.0011135743694002023,0.0005357184684913333,0.019103446073304137,0.4810800995535522,0.4919782474015336,0.9953101201447356,0.00048038755561384056,0.0004177214993519961,0.00034152689776922315,-7.619460158277293e-05,7.619460158277293e-05,-4.004947389315189e-06,4.004947389315189e-06
babe,97883,1737,96146,0.017745675960074783,0.002790976954733079,0.02872750641917222,0.15727645207837532,0.1030575533499116,0.913449328321309,0.0019693145105378726,0.001658387995790089,0.0029271983200901425,0.0012688103243000536,0.0012688103243000536,-5.867446615001431e-05,5.867446615001431e-05
babi,97883,13113,84770,0.13396606152242985,0.01947404351072057,0.07157984641361342,0.14536549995880896,0.0930616017836197,0.9948818543510788,0.00865705617986996,0.03714892275123692,0.018021253309793695,-0.019127669441443226,0.019127669441443226,-0.0004390418422276396,0.0004390418422276396
back,97883,20783,77100,0.212324918525178,0.01954369516147642,0.056546676748299204,0.09204616818990503,0.0616010769601013,0.9025900585158608,0.002275825815728288,0.010743783365511411,0.021749035867941337,0.011005252502429926,0.011005252502429926,0.000103023437635152,0.000103023437635152
bad,97883,7036,90847,0.07188173635871398,0.007998244091447804,0.04189463765907933,0.11126948925571138,0.07510033242848395,0.9929869446863572,0.0009614714030345716,0.0047692923371527645,0.009227668966160773,0.004458376629008008,0.004458376629008008,2.657517000959236e-05,2.657517000959236e-05
bag,97883,1181,96702,0.012065425048271917,0.0013440419480414134,0.015852339683244687,0.11139615410680581,0.08379979224894,0.8152211972671708,0.0005249296496527376,0.0,0.0018304344509363257,0.0018304344509363257,0.0018304344509363257,8.293892847134007e-06,8.293892847134007e-06
ball,97883,1194,96689,0.012198236670310473,0.0014832299115827906,0.018252603653000774,0.12159379684711749,0.08852106916369851,0.8428926108872934,0.0006252939723547252,0.0028374611614891284,0.0014667568969748085,-0.0013707042645143199,0.0013707042645143199,-2.4724401091434573e-05,2.4724401091434573e-05
band,97883,1040,96843,0.010624929763084498,0.0014726212979341447,0.019939964999897537,0.13860056779393065,0.09846562220750195,0.9465826168243916,0.001400173883052235,0.0035291367020437916,0.0014156505733761377,-0.002113486128667654,0.002113486128667654,-5.277855030027771e-05,5.277855030027771e-05
bang,97883,664,97219,0.006783609002584718,0.0014550037906159532,0.026178120262806557,0.21448815668202015,0.11539084275916026,0.9880745866604372,0.0005113829010027539,0.0006832304906837462,0.001473194635744418,0.0007899641450606718,0.0007899641450606718,1.9771306220212498e-05,1.9771306220212498e-05
bar,97883,1449,96434,0.014803387717989846,0.0016828308436452884,0.017779247527845137,0.11367876567876586,0.0881593136749386,0.9596881429815324,0.0006829106678938614,0.0011182546705097085,0.0018491459866744942,0.0007308913161647858,0.0007308913161647858,7.905446574216111e-06,7.905446574216111e-06
bare,97883,1293,96590,0.01320964825352717,0.0015925791297159795,0.016576765478133446,0.12056181202938067,0.0964460908645306,0.6402150848706645,0.00047941829089714254,0.00028189508964283916,0.001945637973513598,0.0016637428838707589,0.0016637428838707589,1.6187378053520048e-05,1.6187378053520048e-05
battl,97883,1056,96827,0.010788390220978106,0.0015463411450934031,0.01899170458177546,0.1433338165768727,0.111112514746118,0.9862020450267266,0.0005796032395877811,0.0,0.0015179314417669409,0.0015179314417669409,0.0015179314417669409,2.331779204743985e-05,2.331779204743985e-05
beach,97883,884,96999,0.009031190298621823,0.0012641779846486838,0.01754502983206765,0.13997911048797188,0.103021147218404,0.9451922956584136,0.0005069499966915472,0.00038844541394937674,0.0013960649606351051,0.0010076195466857283,0.0010076195466857283,6.9353261707932525e-06,6.9353261707932525e-06
bear,97883,3881,94002,0.03964937731781821,0.004910848445996617,0.032755041205698464,0.12385688699806412,0.0888443728563561,0.983750243297766,0.001151607402436167,0.002227850770595024,0.004709702800280834,0.0024818520296858103,0.0024818520296858103,9.338779829164395e-06,9.338779829164395e-06
beast,97883,799,97084,0.008162806616062033,0.0012797167128259662,0.017945382353809783,0.1567741063849112,0.123108158060135,0.9127250032331616,0.0006632765403115402,0.0,0.0013406981302797913,0.0013406981302797913,0.0013406981302797913,2.5246568459772285e-05,2.5246568459772285e-05
beat,97883,4668,93215,0.04768958859046004,0.005148720396842959,0.03279918786662461,0.1079631959306297,0.07466091962790525,0.9844317438230256,0.0012072836331887477,0.0038197678001053435,0.004989243693116147,0.0011694758930108034,0.0011694758930108034,2.750521566838141e-05,2.750521566838141e-05
beauti,97883,4708,93175,0.04809823973519406,0.006650528265818701,0.04124405520702886,0.13826968102020645,0.09350649392894306,0.9441656938496824,0.0012040698297090052,0.003528166461439573,0.006661159998571104,0.0031329935371315312,0.0031329935371315312,3.850794898757404e-05,3.850794898757404e-05
becom,97883,3920,93963,0.04004781218393388,0.004680386435014205,0.029545833520646887,0.11686996566798354,0.08775201118300885,0.934009783954048,0.0013805957347392227,0.002565928523644601,0.0054769599452173644,0.0029110314215727634,0.0029110314215727634,7.535991475377262e-05,7.535991475377262e-05
bed,97883,4144,93739,0.04233625859444439,0.0042892106265655615,0.025953107964179437,0.10131293527029847,0.077901955969198,0.702453827694592,0.0006431341220345255,0.0038767641223951877,0.004517648738649981,0.0006408846162547928,0.0006408846162547928,1.1834930393838272e-05,1.1834930393838272e-05
beg,97883,1555,96328,0.015886313251534997,0.0020407547862863833,0.020313197540510582,0.12845993617110618,0.0976080451655929,0.8876081908281608,0.0004272403357321581,0.0012235608494852329,0.0022473794052152826,0.0010238185557300498,0.0010238185557300498,1.5509418907538286e-05,1.5509418907538286e-05
begin,97883,4247,93636,0.04338853529213449,0.004861980624245974,0.029896653982618697,0.1120568046722554,0.0849701153049401,0.8978743309557675,0.0007469526052162026,0.006384743896287709,0.0042485627409082505,-0.0021361811553794584,0.0021361811553794584,-1.2719126120910996e-05,1.2719126120910996e-05
behind,97883,5476,92407,0.05594434171408723,0.005739361011277488,0.0297650245962958,0.10259055402974328,0.07992207248028615,0.7620096526225764,0.0011399887140698963,0.0018307654078101767,0.005317633571192271,0.003486868163382094,0.003486868163382094,3.146192964290178e-05,3.146192964290178e-05
believ,97883,9086,88797,0.09282510752633245,0.010735351357850234,0.04885418165204097,0.11565137540837055,0.07678883599365095,0.959618262472462,0.0023210359520891206,0.004911158552433484,0.010096627121406928,0.005185468568973444,0.005185468568973444,9.77317235733957e-05,9.77317235733957e-05
bell,97883,905,96978,0.009245732149607184,0.0014184130514400285,0.01923559791036279,0.153412734490723,0.1177988547844408,0.9572420464049582,0.0013964390016994533,0.003591997146058639,0.0010904963447908207,-0.0025015008012678184,0.0025015008012678184,-5.5438925953822935e-05,5.5438925953822935e-05
belong,97883,1880,96003,0.019206603802498903,0.0029575134221828305,0.028514441102673767,0.15398419484229894,0.10587412883594169,0.975911993518132,0.0007150287512710879,0.00021875089669357216,0.002771215197774639,0.002552464301081067,0.002552464301081067,1.8799891074718387e-05,1.8799891074718387e-05
bend,97883,1047,96836,0.010696443713412952,0.0014941605603798651,0.017844566594773462,0.13968760088983984,0.1094484041018337,0.9659921568826064,0.0003839731690691483,0.001044804255277236,0.0014909435168561991,0.00044613926157896304,0.00044613926157896304,-1.3555769037195316e-06,1.3555769037195316e-06
beneath,97883,1435,96448,0.014660359817332939,0.002064821026746161,0.020201505652686344,0.1408438164188115,0.1170467773413017,0.7482907879490744,0.0004436245257641277,0.0017972115879433264,0.00204337209648696,0.00024616050854363346,0.00024616050854363346,1.3554471820468806e-05,1.3554471820468806e-05
besid,97883,1178,96705,0.012034776212416866,0.0016482927869163775,0.01849076740741962,0.13696081736989452,0.11044456805308181,0.7917441470537016,0.0004333993388456319,0.0004537053406638538,0.001312709468224011,0.0008590041275601572,0.0008590041275601572,2.949287342234234e-06,2.949287342234234e-06
bet,97883,1308,96575,0.013362892432802427,0.0017063624666604897,0.019457203098621263,0.12769409581355406,0.09330860187128526,0.8665912506585185,0.0004053493490766399,0.0007293903927661825,0.002119254109729461,0.0013898637169632783,0.0013898637169632783,1.3191591807550237e-05,1.3191591807550237e-05
beyond,97883,1775,96108,0.0181338945475721,0.0027166902487251827,0.02484262788114378,0.14981284034702372,0.1160915872459469,0.8669581802083126,0.0007827050553814271,0.0012048417062394546,0.0029172040373504193,0.0017123623311109646,0.0017123623311109646,3.403154027351797e-05,3.403154027351797e-05
big,97883,4705,93178,0.048067590899339006,0.005246750706270717,0.03321221129568572,0.10915360241910663,0.0749426447056307,0.9422323950715604,0.00102620376098821,0.006033350355772219,0.005161791262844288,-0.000871559092927931,0.000871559092927931,-2.2703735182765952e-05,2.2703735182765952e-05
bind,97883,1017,96866,0.010389955354862437,0.0014997995168220526,0.017759137422543918,0.14435091062447686,0.1161169250060986,0.780679782382107,0.0005197320956516912,0.0023114155969204825,0.0013998849178605195,-0.000911530679059963,0.000911530679059963,-1.7186495008983088e-05,1.7186495008983088e-05
bird,97883,1675,96208,0.017112266685737055,0.002454853356448235,0.024531784170953617,0.14345576781446123,0.10731355084139,0.9710042712191054,0.0010816324046699973,0.0019045844662059597,0.002203339509176758,0.0002987550429707983,0.0002987550429707983,-2.2231636680073965e-05,2.2231636680073965e-05
bit,97883,2031,95852,0.020749261873869825,0.0028048601013014244,0.026329874619380515,0.13517878941195832,0.0915158052091658,0.9231714182570282,0.0007311605477989455,0.0006642223539450623,0.0032029272249979616,0.002538704871052899,0.002538704871052899,1.684549137146647e-05,1.684549137146647e-05
bitch,97883,2187,95696,0.0223430013383325,0.003954623611872865,0.03662233787996153,0.17699607818973556,0.1078319152877289,0.9955616374264148,0.0017820894388466443,0.0,0.009104199116365785,0.009104199116365785,0.009104199116365785,7.02012875297106e-05,7.02012875297106e-05
bite,97883,1313,96570,0.01341397382589418,0.0017169143279051659,0.01976493778156681,0.12799445937421275,0.0918723412046223,0.8746706253399004,0.000599664656808465,0.0,0.0022265089272020828,0.0022265089272020828,0.0022265089272020828,2.311717237856759e-05,2.311717237856759e-05
bitter,97883,1138,96745,0.011626125067682846,0.0015865992810270098,0.018206304055527037,0.13646845116411846,0.10807320220189755,0.8379722813754935,0.0005572662075337618,0.0005487987796307755,0.001553079613250992,0.0010042808336202164,0.0010042808336202164,2.5378600363389828e-05,2.5378600363389828e-05
black,97883,5390,92493,0.055065741752909084,0.006557589261466583,0.03780150597027796,0.11908655096106373,0.0849925565815268,0.9438119578507892,0.0015348486261785718,0.0027663102491421593,0.007076110595607358,0.0043098003464651985,0.0043098003464651985,4.9227851539452403e-05,4.9227851539452403e-05
blame,97883,2231,95652,0.02279251759753992,0.0030164832284122023,0.027199165406911176,0.1323453284834924,0.0937736814845101,0.9722329311067248,0.0006541920974326669,0.001954256625666636,0.0032576430360627615,0.0013033864103961256,0.0013033864103961256,3.142382771071307e-05,3.142382771071307e-05
bleed,97883,2329,95554,0.02379371290213827,0.0032190356032159553,0.026287119486490193,0.1352893353154089,0.1048415150209752,0.985735380990232,0.0013137149273821217,0.0,0.0034789410968796637,0.0034789410968796637,0.0034789410968796637,6.99069325996555e-05,6.99069325996555e-05
bless,97883,1257,96626,0.012841862223266554,0.0017446352372767022,0.019929692434658582,0.13585531498039413,0.0995114687689792,0.9293454407216376,0.0005731183295145892,0.002388662914546728,0.001960802477164205,-0.00042786043738252295,0.00042786043738252295,5.984646892141709e-06,5.984646892141709e-06
blind,97883,3522,94361,0.03598173329383039,0.004237736714133171,0.02863409478458381,0.11777466859440579,0.08982759890725886,0.9743133254359448,0.001117945061547532,0.002017360129895088,0.004102022367839785,0.002084662237944697,0.002084662237944697,3.708756569720018e-05,3.708756569720018e-05
block,97883,1060,96823,0.010829255335451508,0.0011447075355055071,0.014370656702343209,0.10570510160177883,0.08122118380463025,0.8794096633451642,0.00029500041686117174,0.00158674174156376,0.0015557070437371625,-3.10346978265976e-05,3.10346978265976e-05,9.041640964744418e-07,9.041640964744418e-07
blood,97883,4847,93036,0.04951830246314477,0.006220000202460469,0.03613649489544951,0.12561012581337697,0.0938968441431659,1.0,0.002540205004628885,0.0008075555806516373,0.006449272733221229,0.005641717152569592,0.005641717152569592,0.00011787811720791088,0.00011787811720791088
blow,97883,3807,94076,0.038893372700060276,0.004284875691045005,0.028811007165499464,0.11016981541018078,0.0811169969307597,0.99205986790746,0.0009781488232484458,0.0027889511190604408,0.0040249085467694914,0.0012359574277090507,0.0012359574277090507,6.564295430504123e-06,6.564295430504123e-06
blue,97883,4835,93048,0.04939570711972457,0.006501435514976517,0.04017242102230339,0.13161944415976143,0.0909168090494481,0.9715093020857888,0.006106599459864151,0.03333727369837839,0.005945698670911882,-0.02739157502746651,0.02739157502746651,-0.00028826188176952024,0.00028826188176952024
boat,97883,740,97143,0.007560046177579355,0.0011602025524425415,0.01751975987374568,0.15346500870369364,0.11730964911813979,0.993940604772296,0.0006617919796017705,0.0,0.0009800871261995687,0.0009800871261995687,0.0009800871261995687,-1.9283477205457684e-05,1.9283477205457684e-05
bodi,97883,6092,91791,0.06223756934299112,0.006909122247299701,0.03666987682233008,0.1110120835411091,0.07983043304170684,0.932430017653047,0.0018037543326976718,0.002234560156917434,0.008325995195972897,0.006091435039055463,0.006091435039055463,8.529992638006186e-05,8.529992638006186e-05
bomb,97883,782,97101,0.007989129879550074,0.0012444972792084077,0.019629493769089273,0.15577381992424116,0.10230612953757234,0.951853352608806,0.0005454274446361666,0.0,0.0013447468576062661,0.0013447468576062661,0.0013447468576062661,1.7006537555864198e-05,1.7006537555864198e-05
bone,97883,2540,95343,0.02594934769061022,0.0032256450059135267,0.025653702545249676,0.12430543705269045,0.0964751887324664,0.9613262267873972,0.0009185067949072772,0.0006757138113199736,0.0035541785648867054,0.002878464753566732,0.002878464753566732,3.963042230299379e-05,3.963042230299379e-05
book,97883,1504,96379,0.015365283041999122,0.0018280163368290605,0.018311455703928958,0.11897056057037163,0.09533659671576206,0.7519764586967114,0.0006994931755201149,0.0011553864920108136,0.0014141911764482932,0.00025880468443747963,0.00025880468443747963,-1.8428706805594464e-05,1.8428706805594464e-05
boom,97883,389,97494,0.003974132382538337,0.0009814693534902048,0.022830080731976413,0.2469644337472538,0.132365728071608,1.0,0.00038911315152136334,0.0006506138736963672,0.0012065925286021202,0.000555978654905753,0.000555978654905753,9.481950294700658e-06,9.481950294700658e-06
bore,97883,1019,96864,0.01041038791209914,0.0013981781461736278,0.018239447026597713,0.13430605641012094,0.0993111409458114,0.9845328556320768,0.00045585198490516595,0.002028928298819367,0.001685830337148306,-0.00034309796167106103,0.00034309796167106103,1.2492451280272264e-05,1.2492451280272264e-05
bother,97883,772,97111,0.00788696709336657,0.00116044607783319,0.017150815994476765,0.14713464175718413,0.1069014251413368,0.951202863909952,0.00045261873732719405,0.0026507500148685195,0.001227864128795884,-0.0014228858860726354,0.0014228858860726354,-3.5216195470736197e-07,3.5216195470736197e-07
bottl,97883,1166,96717,0.011912180868996659,0.0013862266355445917,0.016380572765369934,0.11637051609520695,0.08897394352248565,0.6741500332747609,0.0003431144044145327,0.00023889749672743733,0.0015317173134639143,0.001292819816736477,0.001292819816736477,1.4508962299346569e-05,1.4508962299346569e-05
bottom,97883,1109,96774,0.011329852987750681,0.0015321182679142178,0.01880006559061565,0.13522843319950167,0.097414558281623,0.9633142679923182,0.0005402770322378087,0.0,0.0019924062898819513,0.0019924062898819513,0.0019924062898819513,1.3106351556070455e-05,1.3106351556070455e-05
bounc,97883,340,97543,0.003473534730239163,0.0006661971931542581,0.016942323574500255,0.19179229369858303,0.10806543551959165,0.9862977471367296,0.00030774009450652286,0.0011692904287636935,0.0010418117884853542,-0.00012747864027833934,0.00012747864027833934,9.501360235438202e-06,9.501360235438202e-06
bout,97883,2360,95523,0.024110417539307132,0.0026104095863065903,0.02330960474256443,0.10826894980357964,0.07209362511820111,0.8768626233768978,0.0014287545884203463,0.0011753858682392927,0.003632703124054815,0.0024573172558155225,0.0024573172558155225,-3.594559619985481e-05,3.594559619985481e-05
bow,97883,848,97035,0.008663404268361206,0.0013218422182205507,0.017963997860301437,0.15257769085622896,0.1172874778559158,0.8191742993672122,0.00038271024163564246,0.0,0.001331411171861252,0.001331411171861252,0.001331411171861252,1.811523234390382e-05,1.811523234390382e-05
box,97883,803,97080,0.008203671730535435,0.0010748035255196116,0.015489894001209321,0.13101493585110355,0.1031801124746256,0.915799004779259,0.0003694021469021672,0.0,0.0010726152816495419,0.0010726152816495419,0.0010726152816495419,1.3704693107255403e-05,1.3704693107255403e-05
boy,97883,6434,91449,0.06573153663046699,0.008177904848594734,0.045956928946926566,0.12441371779530594,0.0767993384825283,0.9584494010021763,0.0015661004678980863,0.006857254150102225,0.007944120578551471,0.0010868664284492463,0.0010868664284492463,-2.2064814732388655e-05,2.2064814732388655e-05
brain,97883,1991,95892,0.020340610729135806,0.002360256881853764,0.021034252353591472,0.11603667723078451,0.0910628206201119,0.7862315837940151,0.0010206502387669954,0.0,0.002593555233924948,0.002593555233924948,0.002593555233924948,1.4514238067995048e-05,1.4514238067995048e-05
brand,97883,908,96975,0.009276380985462235,0.0011929774265499952,0.015777791671652296,0.1286037548931643,0.0958710727552575,0.7091086445262454,0.00043048934218843865,0.0008755860105800639,0.001292903813663234,0.0004173178030831701,0.0004173178030831701,-8.62359231892206e-06,8.62359231892206e-06
brave,97883,762,97121,0.007784804307183066,0.001210506857655757,0.01735961728943348,0.1554961190917565,0.11537982840763361,0.9374190424584392,0.00036257461940962087,0.0,0.0013353725136667114,0.0013353725136667114,0.0013353725136667114,1.0352603433261103e-05,1.0352603433261103e-05
break,97883,11395,86488,0.11641449485610371,0.011121364451151004,0.04367123096420352,0.09553247183606965,0.066191114413291,0.9447750690663952,0.002103476709330687,0.009716770427448252,0.012382471455371634,0.002665701027923382,0.002665701027923382,0.00010626369050415007,0.00010626369050415007
breath,97883,6899,90984,0.07048210618799997,0.00770776054400511,0.03828651310842215,0.10935769319160055,0.078793832907553,0.9350109872697546,0.0030381197113037244,0.0002821984141838777,0.008935532527780423,0.008653334113596546,0.008653334113596546,0.00016905231578766755,0.00016905231578766755
breez,97883,934,96949,0.009542004229539347,0.001329353616649297,0.01632670338188414,0.1393159743666843,0.11104470803069624,0.7414789544606065,0.0006875632376511714,0.0042622069306371465,0.0012362343717410168,-0.00302597255889613,0.00302597255889613,-1.611844167594448e-05,1.611844167594448e-05
bridg,97883,987,96896,0.010083466996311923,0.0015340678706986142,0.019233901321204134,0.15213694568145125,0.1170485650936968,0.8328214797407257,0.00053363290713501,0.0,0.0015109595940009507,0.0015109595940009507,0.0015109595940009507,1.3573335513100438e-05,1.3573335513100438e-05
bright,97883,2642,95241,0.026991408109681966,0.003295358381498672,0.025144935531367287,0.122089161414169,0.0945545335003067,0.9829130627674266,0.0006238655271634338,0.00465213395901635,0.003384565976560599,-0.0012675679824557511,0.0012675679824557511,-2.3509431133841706e-05,2.3509431133841706e-05
bring,97883,6742,91141,0.06887815044491893,0.007528528863194316,0.03824257978920031,0.10930213448769642,0.07802403622623845,0.9730734519777317,0.0015121689073694378,0.00820404188918827,0.007302690652499638,-0.0009013512366886321,0.0009013512366886321,-6.626662016245011e-06,6.626662016245011e-06
broken,97883,2471,95412,0.025244424465944035,0.003113774655741722,0.02453669309399026,0.1233450443658304,0.0928553951947189,0.7883090544839967,0.0008148700011359206,0.0009841825367481003,0.0033647780985864503,0.0023805955618383503,0.0023805955618383503,4.458050745563455e-05,4.458050745563455e-05
brother,97883,2128,95755,0.02174024089984982,0.00278579609199023,0.02554504421095434,0.12814007465802618,0.09107879303055841,0.9683380702742084,0.0010781270293898847,0.0016389117200521538,0.002806949190601655,0.0011680374705495013,0.0011680374705495013,-2.3178874567923013e-05,2.3178874567923013e-05
build,97883,3068,94815,0.03134354280109927,0.0038669921873546766,0.02848519797816567,0.12337444467889107,0.0892490662758097,0.8285950248106169,0.0009370406520604908,0.0010067882672596424,0.004423991635079817,0.003417203367820175,0.003417203367820175,3.520498020348804e-05,3.520498020348804e-05
bullet,97883,879,97004,0.008980108905530072,0.0013138818645412758,0.018563099067934217,0.14631023725471412,0.1055490037169135,0.8937608028520172,0.00039706717952328494,0.0013525119467360648,0.0015494786778331518,0.00019696673109708697,0.00019696673109708697,1.186685930168664e-05,1.186685930168664e-05
buri,97883,1569,96314,0.016029341152191904,0.002324261625659343,0.023088681885616896,0.14500044659299774,0.1119253244476451,0.8996952722075349,0.0007912356844986851,0.0006980554877553009,0.002596867325706738,0.0018988118379514372,0.0018988118379514372,3.5755497933058466e-05,3.5755497933058466e-05
burn,97883,7820,90063,0.07989129879550075,0.009448444846269747,0.04476065556673939,0.11826625663522017,0.0829588111595056,0.9804695209830292,0.002626593915243052,0.003952017940016354,0.009975027640417473,0.006023009700401119,0.006023009700401119,0.0001290420659266896,0.0001290420659266896
busi,97883,1307,96576,0.013352676154184076,0.0015526435904984956,0.01872437878952474,0.11627958115437202,0.0806683406968172,0.8721618486289949,0.00045932653221609723,0.0003014207477881144,0.001897260725002012,0.0015958399772138976,0.0015958399772138976,7.406564252467778e-06,7.406564252467778e-06
buy,97883,2505,95378,0.02559177793896795,0.002725416396612841,0.022313991786272462,0.10649578169646895,0.0806387377941766,0.9177276394239764,0.0009295795640782125,0.0031041017663761016,0.0027226373131098926,-0.00038146445326620905,0.00038146445326620905,-3.866038971264518e-05,3.866038971264518e-05
bye,97883,423,97460,0.004321485855562253,0.0012554883366651328,0.02503990568604678,0.2905223755503385,0.1993909359315884,0.979280904169974,0.0005069671973141857,0.0004121820594918443,0.0014903060836595644,0.00107812402416772,0.00107812402416772,-1.2844150006488375e-06,1.2844150006488375e-06
call,97883,12138,85745,0.12400518986953812,0.012291169032060095,0.04800781420393415,0.09911818243245496,0.0669184178050055,1.0,0.0015428778111375666,0.008879817072635302,0.013525748611044637,0.004645931538409335,0.004645931538409335,4.7899949359428856e-05,4.7899949359428856e-05
calm,97883,1319,96564,0.013475271497604283,0.002010694056395584,0.022104258835400247,0.14921362116919554,0.1168257255483109,0.9426323637028344,0.0005892313785306398,0.00032014193265351775,0.00227522129546974,0.001955079362816222,0.001955079362816222,2.7679491314816753e-05,2.7679491314816753e-05
car,97883,3257,94626,0.033274419459967515,0.0032955682376460843,0.02351821559900419,0.0990420957339612,0.0749975259034579,0.8872260724500812,0.0007859680204200564,0.0022401850771508157,0.003202123045473722,0.0009619379683229062,0.0009619379683229062,-4.802108881548868e-06,4.802108881548868e-06
care,97883,7266,90617,0.07423148044093458,0.00815490600715096,0.04066625611023953,0.10985778484695258,0.07699501788682825,0.993498717895564,0.0012824745901637642,0.01401980320537309,0.007960427529951223,-0.0060593756754218665,0.0060593756754218665,-5.613519628228433e-05,5.613519628228433e-05
carri,97883,2779,95104,0.028391038280395985,0.003911014985342266,0.03069293807565108,0.13775526441534974,0.1006172149675275,0.9964707087880506,0.0009413012557859407,0.0008418009328743903,0.0038860834614228745,0.003044282528548484,0.003044282528548484,4.1890713806273984e-05,4.1890713806273984e-05
case,97883,1031,96852,0.010532983255519345,0.0012902612481876608,0.016744241560152844,0.12249722769772338,0.090807160501952,0.9155248269052868,0.0004944265446183801,0.0005630603814200186,0.0013515523527651843,0.0007884919713451656,0.0007884919713451656,1.4320870329264515e-05,1.4320870329264515e-05
cash,97883,750,97133,0.00766220896376286,0.0008073425736330398,0.012054906394924698,0.10536681751323043,0.07693050858783651,0.8390160397525048,0.0002589858683328577,0.00024139282054391745,0.0014516264365637152,0.0012102336160197977,0.0012102336160197977,1.1036701309828931e-05,1.1036701309828931e-05
cast,97883,1062,96821,0.01084968789268821,0.0015143273380456154,0.017322035487024722,0.13957335483043218,0.11496467785267275,0.791916384195766,0.000312049361469049,0.0009908651535577768,0.001363675849350528,0.0003728106957927512,0.0003728106957927512,1.0232259729394008e-06,1.0232259729394008e-06
cat,97883,890,96993,0.009092487970331927,0.0012952297555147807,0.018970156255292685,0.1424505327629812,0.10034520436668559,0.967101826336947,0.0006231383459751161,0.0026878043322781636,0.0012033628444006296,-0.001484441487877534,0.001484441487877534,-2.0297602326780787e-05,2.0297602326780787e-05
catch,97883,4908,92975,0.050141495458864156,0.005166925380870515,0.03119733222104557,0.10304689426563746,0.07327669596519146,0.9336413267394656,0.0009748004012319939,0.00423393368808313,0.0057419772047292905,0.0015080435166461605,0.0015080435166461605,2.1981677787974344e-05,2.1981677787974344e-05
celebr,97883,713,97170,0.007284206654883892,0.0011696115919741104,0.018807707984664208,0.16056815071136307,0.1140548489573339,1.0,0.00043847724878607046,0.0,0.0012333258108618707,0.0012333258108618707,0.0012333258108618707,1.954007527833725e-05,1.954007527833725e-05
chain,97883,1685,96198,0.017214429471920558,0.0022252180492514364,0.022890206921337943,0.1292646992966637,0.0966554242698761,0.9944781584142888,0.0009576662768894899,0.0,0.0026399730618526674,0.0026399730618526674,0.0026399730618526674,-1.562579865990507e-05,1.562579865990507e-05
chanc,97883,3796,94087,0.03878099363525842,0.004341208145039651,0.028313812478999185,0.11194164300867128,0.08211418453875666,0.8284961269988186,0.001167744680531804,0.0026354874821456335,0.003925317026727348,0.0012898295445817145,0.0012898295445817145,3.277460615115191e-05,3.277460615115191e-05
chang,97883,9312,88571,0.09513398649407967,0.009962280957505492,0.04316429256009981,0.10471842213955221,0.07268775551566739,0.9395357292088335,0.0015873080986333892,0.0057128137767296265,0.010607814152204745,0.004895000375475119,0.004895000375475119,7.289925768715226e-05,7.289925768715226e-05
chase,97883,1877,96006,0.01917595496664385,0.002334993677992834,0.021420476215944992,0.12176674809961244,0.0923558634745738,0.7547605329017869,0.0007195148632575252,0.0007285943978290886,0.0032055423132891503,0.0024769479154600617,0.0024769479154600617,3.463561185789234e-05,3.463561185789234e-05
check,97883,1549,96334,0.015825015579824894,0.0016304643887354127,0.017642952381593507,0.10303082360399508,0.0755274366622066,0.9233940669183656,0.0004899827106052266,0.00021138097844467706,0.002222741054713971,0.002011360076269294,0.002011360076269294,1.69165372186241e-05,1.69165372186241e-05
chest,97883,1525,96358,0.015579824892984482,0.0018418187739746338,0.01743543046396701,0.11821819478882564,0.0977386564263876,0.4937640899297317,0.0005097391224875279,0.00045734090277888044,0.0023922185449914927,0.0019348776422126123,0.0019348776422126123,1.826906356216825e-05,1.826906356216825e-05
child,97883,3974,93909,0.040599491229324804,0.004961573837661693,0.032641084768965274,0.12220778358123792,0.08778826107660659,0.9423991657966528,0.0022739574983595585,0.004063114516822886,0.0038017015154479254,-0.00026141300137496075,0.00026141300137496075,-4.2047561267188134e-05,4.2047561267188134e-05
choic,97883,1192,96691,0.012177804113073771,0.0015736599571696463,0.017509786087569503,0.12922362213727892,0.1031058580254745,0.673046567709326,0.0006383687234881096,0.0,0.001576867034376259,0.001576867034376259,0.001576867034376259,2.6233726072481192e-05,2.6233726072481192e-05
choos,97883,2480,95403,0.02533637097350919,0.0031415771540933206,0.02529099715423789,0.12399475668311151,0.0961910428116034,0.8998049448554114,0.0007287536845745551,0.001315385759227981,0.003369946383857082,0.002054560624629101,0.002054560624629101,2.6453563534787085e-05,2.6453563534787085e-05
chorus,97883,840,97043,0.008581674039414403,0.0019151612231458623,0.02376286604749265,0.22316872143474578,0.20242983749576535,0.76951583610491,0.0013385649341339713,0.0007573413479464491,0.0005508223481331103,-0.00020651899981333883,0.00020651899981333883,6.449496283071122e-06,6.449496283071122e-06
christma,97883,414,97469,0.004229539347997098,0.001033510358890407,0.02218163401655307,0.24435530062625535,0.13360071895807105,0.9481672571857288,0.0004747351139321122,0.0,0.001091745901930392,0.001091745901930392,0.001091745901930392,2.2702449923596146e-06,2.2702449923596146e-06
circl,97883,1344,96539,0.013730678463063044,0.0020402057655258036,0.02238674422649185,0.1485873965379183,0.11157927467528006,0.9439805341929248,0.0007244088162042605,0.00035949610115520336,0.0023208971290413173,0.0019614010278861138,0.0019614010278861138,3.45141558098027e-05,3.45141558098027e-05
citi,97883,3599,94284,0.03676838674744338,0.004652053882280759,0.03312561597390993,0.1265231981548451,0.0871560684228242,0.892046656903854,0.0011186453237250465,0.005850667427882068,0.005000334238745191,-0.0008503331891368772,0.0008503331891368772,-1.4894517104553952e-05,1.4894517104553952e-05
clean,97883,1547,96336,0.015804583022588192,0.0020382175874348353,0.02063032494385671,0.1289637053076173,0.1007743359525681,0.9506260671469142,0.0005928859117482983,0.0003334760184553303,0.0020264916613973306,0.0016930156429420004,0.0016930156429420004,1.3141959972037172e-05,1.3141959972037172e-05
clear,97883,3353,94530,0.034255182207329156,0.0037101210328453786,0.025013715741837705,0.10830831406442121,0.0846790297246663,0.9426983674304358,0.000803651415334308,0.0020658050401194776,0.0034787481640594317,0.001412943123939954,0.001412943123939954,3.372171465823785e-05,3.372171465823785e-05
climb,97883,1545,96338,0.01578415046535149,0.001993724891276583,0.01975227503927853,0.12631182752933706,0.0997110588779687,0.9348249814760998,0.0005351308151896331,0.001223913052947713,0.001788374599334158,0.000564461546386445,0.000564461546386445,9.028448288138934e-06,9.028448288138934e-06
clock,97883,1302,96581,0.013301594761092324,0.001547053265098339,0.016630393431186448,0.11630584850047672,0.09157868087212775,0.8124583882489731,0.0004914059010929906,0.004519034132905858,0.0014909117776389948,-0.003028122355266863,0.003028122355266863,-8.907673831801149e-06,8.907673831801149e-06
close,97883,9060,88823,0.09255948428225534,0.009212660736516125,0.0395380563757666,0.09953232570335627,0.0712623567003691,0.9260561636980856,0.001991556187038308,0.0033987987371505973,0.010250689669244287,0.00685189093209369,0.00685189093209369,0.00010412392905769564,0.00010412392905769564
cloth,97883,1853,96030,0.01893076427980344,0.002005900859212441,0.018312237329802805,0.10595984554899696,0.0832109025387068,0.7763631302152499,0.0004917922036698266,0.003028395125385248,0.0020730467885745063,-0.0009553483368107416,0.0009553483368107416,-4.608517585433146e-06,4.608517585433146e-06
cloud,97883,2670,95213,0.02727746391099578,0.0033066394215314618,0.0247287227071672,0.12122239194672813,0.0969131366546215,0.9172814220780128,0.0006567499480997014,0.0035561215993108217,0.0033685529137170724,-0.00018756868559374924,0.00018756868559374924,9.682048410850832e-07,9.682048410850832e-07
club,97883,858,97025,0.008765567054544711,0.0010682301931468315,0.016147207166667486,0.12186663868973346,0.0776143929088243,0.8024839355255274,0.0005820140157028962,0.0,0.0011911235368075623,0.0011911235368075623,0.0011911235368075623,4.650897212099412e-06,4.650897212099412e-06
cmon,97883,546,97337,0.005578088125619362,0.001007985430670204,0.01914419372059926,0.18070446503716409,0.10757190440567226,0.9784766081363055,0.0008550590495382635,0.00043003600685705633,0.0005561944009078602,0.00012615839405080384,0.00012615839405080384,-1.7296876581454198e-05,1.7296876581454198e-05
cold,97883,6774,91109,0.06920507136070615,0.007206978279713854,0.035154727295813946,0.10413945304889742,0.07767182714474995,0.9412841837191936,0.0013906421262663954,0.004880786425161447,0.006985529203651797,0.00210474277849035,0.00210474277849035,4.2502153353775974e-05,4.2502153353775974e-05
color,97883,2242,95641,0.022904896662341776,0.0031235866323954843,0.027158983932684795,0.1363720028272824,0.10043375986129514,0.9953393337192076,0.0009097612980428073,0.0005572766802982404,0.003619469419183117,0.003062192738884877,0.003062192738884877,2.4460566027057408e-05,2.4460566027057408e-05
come,97883,32507,65376,0.33210056904671903,0.029398588234898788,0.0664758574553897,0.08852314923544463,0.0587473262757623,1.0,0.0031428531704599176,0.02153561735522529,0.028060793033833496,0.0065251756786082055,0.0065251756786082055,-9.582785014390027e-06,9.582785014390027e-06
comfort,97883,1050,96833,0.010727092549268003,0.0015404381174593368,0.018585897793956224,0.14360257547740216,0.11162147877215425,0.924278515075354,0.0005822402043571996,0.0,0.0017674517341797547,0.0017674517341797547,0.0017674517341797547,2.1253677584870307e-05,2.1253677584870307e-05
comin,97883,1001,96882,0.01022649489696883,0.0014585439095884708,0.02066230611541382,0.14262402947277553,0.0892279539939895,0.9744375947796322,0.0011466387823766125,0.0022543386909690175,0.0010865368358349053,-0.0011678018551341122,0.0011678018551341122,-4.138464922233561e-05,4.138464922233561e-05
complet,97883,1157,96726,0.011820234361431505,0.0016429038693009882,0.0189680664381352,0.13899080331788127,0.1064631388379961,0.9243096731914012,0.00035391681869724315,0.0008045111510402526,0.0015651107548562125,0.0007605996038159598,0.0007605996038159598,8.582973303863798e-06,8.582973303863798e-06
confess,97883,778,97105,0.007948264765076674,0.001137669939556659,0.01543885994199238,0.14313437878357899,0.1130153555419465,0.691589818693318,0.0004434924017877535,0.0,0.0011738391906291835,0.0011738391906291835,0.0011738391906291835,2.0415061500016268e-05,2.0415061500016268e-05
confus,97883,1510,96373,0.015426580713709224,0.0019604619626625895,0.020312739621467707,0.1270833763518558,0.0997248695045917,0.9212970412610668,0.0007396412665456647,0.000235925584800937,0.0017519241239815015,0.0015159985391805645,0.0015159985391805645,1.8508454992371077e-05,1.8508454992371077e-05
connect,97883,751,97132,0.00767242524238121,0.00115781945210892,0.017174675065845982,0.15090657980130148,0.1123608926478936,0.9718367587263208,0.00042857239817217286,0.0,0.0015241302033359065,0.0015241302033359065,0.0015241302033359065,2.1965715362563606e-05,2.1965715362563606e-05
control,97883,3320,94563,0.033918045012923594,0.004300837974097407,0.031818906423475075,0.12680088054776398,0.08955553456586605,0.9562567315620374,0.0017150102874874523,0.0007922389305366944,0.004251974416696182,0.003459735486159488,0.003459735486159488,8.258368674999737e-05,8.258368674999737e-05
cool,97883,2294,95589,0.023436143150496,0.002909733741138311,0.026986687876271395,0.124155827281535,0.08393800342896315,0.9510505107293736,0.0007945210264779611,0.0015823976774063035,0.0032566080822695673,0.0016742104048632638,0.0016742104048632638,-4.4555601952225906e-07,4.4555601952225906e-07
corner,97883,1808,96075,0.018471031741977666,0.0022061467267951765,0.02009430081190081,0.11943819693522803,0.0926366381959592,0.6686690553448634,0.000646305949307425,0.0010594263293500323,0.0022918661292908767,0.0012324397999408444,0.0012324397999408444,-6.613801335112998e-07,6.613801335112998e-07
cos,97883,856,97027,0.00874513449730801,0.001476713577319844,0.019424557591241547,0.16886116248691388,0.13379157786890805,0.7458115113269915,0.0005737782778436303,0.0002629151107092205,0.0009487123950526408,0.0006857972843434203,0.0006857972843434203,3.5571050061238756e-06,3.5571050061238756e-06
could,97883,18787,79096,0.19193322640295046,0.01791583297887868,0.05316510048779237,0.09334409322784806,0.0644800793885924,0.9265824241717292,0.0014322148151027052,0.01568593876386699,0.018011043147004156,0.002325104383137166,0.002325104383137166,6.26223678136403e-05,6.26223678136403e-05
count,97883,2328,95555,0.023783496623519917,0.0029376584965208423,0.025287805969461247,0.12351667809920516,0.0897588770698072,0.9874572245873956,0.00054309080416924,0.0026639046904723598,0.003607399963269589,0.0009434952727972292,0.0009434952727972292,1.6510694544586506e-05,1.6510694544586506e-05
countri,97883,927,96956,0.009470490279210894,0.0014582115240030819,0.02043599844626638,0.15397423797626072,0.1088021159341852,0.9747825223728652,0.0009599552030342015,0.00037192407839855505,0.0013006505628122109,0.0009287264844136558,0.0009287264844136558,-1.113492362421891e-05,1.113492362421891e-05
coupl,97883,922,96961,0.009419408886119142,0.0010094167462928409,0.013241983097717739,0.1071634917325186,0.08385062204939275,0.6990895584194644,0.0003141721674750203,0.0013230836926562135,0.0015566367550226296,0.00023355306236641613,0.00023355306236641613,3.933673165245094e-06,3.933673165245094e-06
cours,97883,854,97029,0.00872470194007131,0.0012285746721658218,0.016630258446665384,0.1408156611658163,0.1080152086832899,0.8456814325584046,0.0012230615420366952,0.009382471092271494,0.001244195628190012,-0.008138275464081482,0.008138275464081482,-2.0394608254081005e-05,2.0394608254081005e-05
cover,97883,2167,95716,0.02213867576596549,0.002770506844011523,0.023487026983557993,0.1251432955294785,0.0963399435443197,0.898700315365056,0.0006182533094172779,0.002617690488083719,0.002885407908100856,0.00026771742001713674,0.00026771742001713674,2.7466973207596228e-05,2.7466973207596228e-05
crack,97883,1609,96274,0.016437992296925923,0.001907057854686693,0.018747728251823127,0.1160152541891222,0.0917711571020823,0.9748703592212602,0.0006664445948249587,0.0,0.0018450770378131195,0.0018450770378131195,0.0018450770378131195,2.420349815818483e-05,2.420349815818483e-05
crash,97883,1359,96524,0.013883922642338302,0.0018694646939737287,0.020609288908172037,0.13464960459178107,0.0989213924204956,0.9779878438519848,0.0006983714017605555,0.00013143936404228103,0.0021977686977609945,0.0020663293337187137,0.0020663293337187137,3.5030528575616045e-05,3.5030528575616045e-05
crawl,97883,1458,96425,0.014895334225555,0.0020599773179804377,0.02110724519922157,0.1382968174320159,0.10938979273407101,0.8670731562032172,0.0007043274637475426,0.0,0.001938018813941749,0.001938018813941749,0.001938018813941749,3.12326930796658e-05,3.12326930796658e-05
crazi,97883,4265,93618,0.04357242830726479,0.005286179163826469,0.03585171943009474,0.12131936110031097,0.0794220840485539,0.994589257603027,0.0016255939648508546,0.006617804132720386,0.005394897274382197,-0.0012229068583381889,0.0012229068583381889,-1.8332559403526214e-05,1.8332559403526214e-05
creat,97883,1052,96831,0.010747525106504705,0.001541488847799426,0.018014994764309667,0.1434273316436799,0.1169214161752777,0.7540554421635332,0.0006228654755103332,0.0,0.001716316584756617,0.001716316584756617,0.001716316584756617,3.0162844694755318e-05,3.0162844694755318e-05
cri,97883,8806,89077,0.08996454951319433,0.010094613964989584,0.046083655466582,0.11220657491881393,0.07779230850176619,0.9829296252906826,0.004781023965416977,0.01771627422422592,0.008467857020218794,-0.009248417204007126,0.009248417204007126,-0.0002148800427655472,0.0002148800427655472
crime,97883,1109,96774,0.011329852987750681,0.001562465398303968,0.019337646573622774,0.13790694371703097,0.1029179010639504,0.9734146965335077,0.0008615110480210801,0.0,0.0014584992235974756,0.0014584992235974756,0.0014584992235974756,1.2717552658520781e-05,1.2717552658520781e-05
cross,97883,2580,95303,0.02635799883534424,0.0031528442856079883,0.02438365759286574,0.11961622372409562,0.09078789118506525,0.8570512123844359,0.0006688957818945205,0.0013802140595762828,0.0032453494601706163,0.0018651354005943335,0.0018651354005943335,1.5537220730176227e-05,1.5537220730176227e-05
crowd,97883,1764,96119,0.018021515482770246,0.0020146273014967062,0.018921634257009493,0.11179011573265425,0.08814910434494144,0.7902236924651664,0.0007173987639113284,0.0035353059219112443,0.0018288216569194904,-0.0017064842649917539,0.0017064842649917539,-1.7779724730786597e-05,1.7779724730786597e-05
crown,97883,831,97052,0.00848972753184925,0.001241587371664618,0.016685782629906325,0.1462458444051117,0.1119958173326998,0.7247692517176728,0.00041900705094950584,0.0,0.0016550315436850086,0.0016550315436850086,0.0016550315436850086,2.0413252085219102e-05,2.0413252085219102e-05
cruel,97883,746,97137,0.007621343849289458,0.0012781748325892768,0.019201736212553788,0.16770990233020935,0.12236150036068805,0.9430289872774866,0.0004494101327538089,0.002005482417891916,0.0012441305331015293,-0.0007613518847903865,0.0007613518847903865,-1.292163015551868e-06,1.292163015551868e-06
crush,97883,857,97026,0.008755350775926362,0.0014190534875323595,0.020099436566479095,0.16207842767809796,0.1196585963363541,0.9870609804158788,0.0007159916895641622,0.0,0.0013819225353992179,0.0013819225353992179,0.0013819225353992179,3.3172502055551016e-05,3.3172502055551016e-05
cup,97883,885,96998,0.009041406577240174,0.001104755544089223,0.014775787863524882,0.12218845979896656,0.0929222851882788,0.7995426037184248,0.00042083029991846313,0.0008673309861434523,0.0013179231832493872,0.00045059219710593486,0.00045059219710593486,-1.44752725366123e-06,1.44752725366123e-06
curs,97883,1175,96708,0.012004127376561813,0.0017358570254958885,0.019310311963065156,0.14460501551201196,0.1155443265316108,0.9229861246459052,0.0005551221153274795,0.0,0.0019778618398998958,0.0019778618398998958,0.0019778618398998958,2.406502048264928e-05,2.406502048264928e-05
cut,97883,3675,94208,0.03754482392243801,0.004122239665535721,0.02817940143791143,0.10979515243037634,0.0815837783233302,0.919019674849564,0.0011942826390057332,0.0006612246758806105,0.0049708654411981,0.00430964076531749,0.00430964076531749,5.987393656670353e-05,5.987393656670353e-05
cuz,97883,906,96977,0.009255948428225535,0.00145080661519795,0.019451564999888676,0.15674316105454852,0.1095905646931882,0.8746285335177084,0.0007206791417738789,0.0,0.0015012253652300577,0.0015012253652300577,0.0015012253652300577,3.724256293752873e-05,3.724256293752873e-05
da,97883,541,97342,0.00552700673252761,0.0019420732180189645,0.034295033095176536,0.35137884066423347,0.2355029806356775,0.997731705573532,0.0008548036802124695,0.0,0.0016651054385534976,0.0016651054385534976,0.0016651054385534976,5.267061598675053e-06,5.267061598675053e-06
daddi,97883,1069,96814,0.010921201843016664,0.0015615133230481243,0.020805599378002214,0.1429799893357526,0.0954236731510458,0.9213908763309878,0.001148265160537975,0.0038265705953204965,0.0012092014216915487,-0.0026173691736289476,0.0026173691736289476,-5.477230720571684e-05,5.477230720571684e-05
damn,97883,2140,95743,0.021862836243270026,0.0025580822801243614,0.023575157544129456,0.11700596627355739,0.0794825925478854,0.8221289803245205,0.0008124463295934895,0.0,0.004050809126265428,0.004050809126265428,0.004050809126265428,4.201471411174576e-05,4.201471411174576e-05
danc,97883,5995,91888,0.06124659031701112,0.009116780534196359,0.053280948924806316,0.14885368290721304,0.0904349701643919,0.9990691592805176,0.0017627037311692606,0.010368407762307024,0.009000152245389905,-0.001368255516917119,0.001368255516917119,-7.000683697866531e-07,7.000683697866531e-07
danger,97883,1271,96612,0.012984890123923459,0.0018261674367101956,0.02144527264880479,0.14063788135916921,0.1024224687057072,0.9427938483755254,0.0007567577064491712,0.0005761549693420333,0.0019794090020684393,0.0014032540327264058,0.0014032540327264058,2.213321047101526e-05,2.213321047101526e-05
dare,97883,1162,96721,0.011871315754523257,0.0018056913453411525,0.02219803022915712,0.15210540960071256,0.11106717028137995,0.989921133252222,0.0004439569773061274,0.0014971820719643257,0.0016785947156679104,0.00018141264370358473,0.00018141264370358473,1.3677961414343446e-05,1.3677961414343446e-05
dark,97883,8534,89349,0.08718572172900299,0.009389525336472346,0.0410549594232033,0.10769567711623185,0.078528311329186,0.9609504542922146,0.002250771347250962,0.0028010913360825337,0.010669004678307604,0.00786791334222507,0.00786791334222507,0.00011224422084290365,0.00011224422084290365
darl,97883,1387,96496,0.014169978443652115,0.002504887785215487,0.02714099462681875,0.17677428340320658,0.1240007149238106,0.8248868563809735,0.0030879607914893483,0.009406297851262018,0.002446153642596858,-0.00696014420866516,0.00696014420866516,-0.00013011832243222936,0.00013011832243222936
dawn,97883,2138,95745,0.021842403686033327,0.003046297930771737,0.02526579109433762,0.139467156388087,0.10917513020320599,0.7564689662948048,0.0004951446100008724,0.0038690627247551486,0.0028255063269762358,-0.0010435563977789128,0.0010435563977789128,3.5931203036564777e-06,3.5931203036564777e-06
day,97883,20684,77199,0.21131350694196133,0.01880521568396147,0.05276647581889418,0.08899201928027463,0.0622604193812008,0.8643803949566902,0.002980600523408144,0.023163957363164216,0.017843565404678245,-0.005320391958485972,0.005320391958485972,-0.00010781731440410553,0.00010781731440410553
de,97883,548,97335,0.0055985206828560626,0.0012056172812324219,0.022218367501203165,0.21534568674976856,0.13671391329756535,0.9868146810553758,0.0007272006920306898,0.0006120471963972617,0.0008460017457543975,0.0002339545493571357,0.0002339545493571357,-2.5343513156096454e-05,2.5343513156096454e-05
dead,97883,5318,92565,0.05433016969238785,0.006860324638543518,0.03957823850556033,0.12627099597490696,0.08925243928760435,0.9961585844060948,0.0020344679852361634,0.0015222413765322985,0.006332338481291511,0.004810097104759213,0.004810097104759213,7.560687087100543e-05,7.560687087100543e-05
deal,97883,1261,96622,0.012882727337739954,0.0014521571095881963,0.016577287127466634,0.11272124849946188,0.0840070917416907,0.8580829893763784,0.00049181405414883,0.00034596541283108957,0.0017367015918306724,0.0013907361789995828,0.0013907361789995828,1.269983249453474e-05,1.269983249453474e-05
dear,97883,1763,96120,0.018011299204151895,0.00296874554310963,0.02854580550741016,0.1648268406104367,0.1213913642272416,1.0,0.0016219967719755108,0.009615555851029547,0.0025770691147702935,-0.007038486736259253,0.007038486736259253,-5.1615931741924974e-05,5.1615931741924974e-05
death,97883,3965,93918,0.04050754472175965,0.005728409637922187,0.036114977428594645,0.1414158690009426,0.1065044038294665,1.0,0.0025396466784475295,0.0009177828224374941,0.005806027655319719,0.004888244832882225,0.004888244832882225,7.941433296344144e-05,7.941433296344144e-05
decid,97883,1447,96436,0.014782955160753144,0.0019081074379426162,0.019548411195902705,0.1290748309247665,0.1015221876998872,0.8521253326372819,0.0005330279383613404,0.0,0.0017464402979855246,0.0017464402979855246,0.0017464402979855246,2.0788891292075977e-05,2.0788891292075977e-05
deep,97883,5421,92462,0.05538244639007795,0.005924748590253444,0.03240602974857507,0.10697881687138497,0.0801031412817849,0.9622384964066042,0.0014720554739818554,0.008583305527038763,0.006285905479593254,-0.002297400047445509,0.002297400047445509,4.5977156976383915e-05,4.5977156976383915e-05
demon,97883,1117,96766,0.011411583216697486,0.0016892446152512678,0.020801178630893664,0.1480289442029005,0.1015992526775069,0.9277124925490648,0.0007406190032769261,0.0,0.0022026958886593334,0.0022026958886593334,0.0022026958886593334,3.03685480902613e-05,3.03685480902613e-05
deni,97883,1494,96389,0.015263120255815617,0.0021396505092569967,0.02155127846270262,0.14018434457670856,0.10879837070586759,0.9736533831198216,0.0006112677406389607,0.0007492539076042386,0.0019323686640336916,0.001183114756429453,0.001183114756429453,2.361134844186013e-05,2.361134844186013e-05
desert,97883,961,96922,0.00981784375223481,0.0014479383716170541,0.01800788978356934,0.14748028265243712,0.1185922673098823,0.7858829681205437,0.00048759221705049906,0.00036266748412808045,0.001363563662007993,0.0010008961778799127,0.0010008961778799127,3.0161105038033467e-06,3.0161105038033467e-06
deserv,97883,1161,96722,0.011861099475904907,0.0016561423944023656,0.019858467586445393,0.13962806717595755,0.103940798086189,0.8744895318979602,0.0006143890655476223,0.0,0.0020109640597535334,0.0020109640597535334,0.0020109640597535334,3.161896541209573e-05,3.161896541209573e-05
desir,97883,1962,95921,0.02004433864920364,0.0028342962169106752,0.025730982134063603,0.14140133363907625,0.1055241380210431,0.9528588515568436,0.0008682562224377506,0.0016935886637186696,0.002595302941737951,0.0009017142780192813,0.0009017142780192813,2.7977666229720738e-05,2.7977666229720738e-05
desper,97883,801,97082,0.008183239173298735,0.0011826356781739116,0.016150650776401213,0.14451926103208113,0.1122941501923003,0.7761211218104823,0.000444940157449367,0.0003527828428022566,0.00109540151352062,0.0007426186707183635,0.0007426186707183635,1.959209440960634e-05,1.959209440960634e-05
destini,97883,922,96961,0.009419408886119142,0.0013735629204962832,0.017427840336850436,0.14582262402053978,0.11305988568295915,0.843066965028171,0.0006768214286440193,0.0,0.0011927238934809179,0.0011927238934809179,0.0011927238934809179,2.5397614843196468e-05,2.5397614843196468e-05
destroy,97883,1173,96710,0.011983694819325113,0.0019629040974946214,0.022942008844503255,0.16379790432656952,0.1225674048857646,0.99916671409864,0.0008809441228508955,0.0,0.0019327282826178376,0.0019327282826178376,0.0019327282826178376,3.466417984902213e-05,3.466417984902213e-05
devil,97883,1655,96228,0.016907941113370045,0.0024255203860176744,0.025289561860237474,0.1434545087278357,0.0974944559516303,0.9649023293869816,0.0006606850031121699,0.0010032171413971544,0.002861396304952417,0.0018581791635552626,0.0018581791635552626,1.5951669513430942e-05,1.5951669513430942e-05
diamond,97883,1272,96611,0.01299510640254181,0.001694672840615411,0.020891506826302374,0.13040853903927538,0.0875503381950486,0.9436323056547248,0.0006476672969587365,0.0012678319939055755,0.0019809228742034197,0.0007130908802978442,0.0007130908802978442,-6.478754703454491e-07,6.478754703454491e-07
dick,97883,663,97220,0.006773392723966368,0.0007760797555576058,0.013593959247869295,0.11457769941665931,0.0757743544622552,0.906479981768021,0.00036157785983312557,0.0,0.0016744097881710913,0.0016744097881710913,0.0016744097881710913,1.322529123137773e-05,1.322529123137773e-05
die,97883,10020,87863,0.1023671117558718,0.011409742864517038,0.046282723648309536,0.1114590679448624,0.08034599157873909,0.9234047711791804,0.0016629776496510061,0.009771384650802304,0.011036862672753093,0.0012654780219507888,0.0012654780219507888,5.22683311645956e-05,5.22683311645956e-05
differ,97883,3446,94437,0.03520529611883575,0.004002925954758467,0.027834269379008927,0.11370237992734274,0.08422692772523105,0.8948411810792013,0.0008476055575441578,0.001677084571606567,0.004761703300398033,0.003084618728791466,0.003084618728791466,3.864524292844768e-05,3.864524292844768e-05
dig,97883,1118,96765,0.011421799495315837,0.0016498118852656856,0.020949071912535033,0.14444412948610116,0.10125284324267735,0.9707028735208982,0.0004905239294985384,0.002417569802677078,0.0016701734596851862,-0.0007473963429918918,0.0007473963429918918,-1.2425279534974807e-06,1.2425279534974807e-06
direct,97883,1096,96787,0.011197041365712125,0.0015153182904903654,0.01798624161126835,0.13533202575553685,0.1061754032779136,0.79795244979245,0.00043203980963487385,0.0006391764095092098,0.001521596957958047,0.0008824205484488371,0.0008824205484488371,1.7127063943995722e-05,1.7127063943995722e-05
dirt,97883,826,97057,0.008438646138757496,0.0011701592562539374,0.016267160649486988,0.13866670518148205,0.10587280021333745,0.8383135196340095,0.00036951296748911715,0.0003942361225233049,0.0012697870109790886,0.0008755508884557837,0.0008755508884557837,1.4179429548332417e-05,1.4179429548332417e-05
dirti,97883,1367,96516,0.013965652871285105,0.0018461076626601373,0.021756843383014802,0.1321891414368414,0.0898787146950072,0.8857612851705726,0.0008107031131802734,0.0,0.001845323695800039,0.001845323695800039,0.001845323695800039,1.2614992316750946e-05,1.2614992316750946e-05
disappear,97883,1860,96023,0.019002278230131894,0.002428926580625216,0.022199666533882296,0.12782291424265485,0.0998892820878693,0.9074516429008396,0.0005451477117616089,0.0006604652426979348,0.00278255481938278,0.002122089576684845,0.002122089576684845,2.3282968861075107e-05,2.3282968861075107e-05
distanc,97883,1158,96725,0.011830450640049856,0.0016869054275462309,0.01903800300611454,0.14259012432168197,0.11181375417994585,0.7676068426104968,0.0005669794799305305,0.0,0.0019183145571113327,0.0019183145571113327,0.0019183145571113327,2.6030525637791326e-05,2.6030525637791326e-05
do,97883,5664,92219,0.05786500209433712,0.006300242372260988,0.03483013778053205,0.1088782881574898,0.07827923879134044,0.9578130832683156,0.0006823503896165048,0.004156958251953508,0.006415834861327932,0.002258876609374424,0.002258876609374424,1.0791843900653284e-05,1.0791843900653284e-05
doctor,97883,661,97222,0.006752960166729667,0.0010646296655553449,0.018533405214629727,0.15765377542141273,0.1090587351668586,0.9406333463208656,0.0009745266582984713,0.00015417680632132753,0.0006511715390420169,0.0004969947327206894,0.0004969947327206894,-2.5599656234535682e-05,2.5599656234535682e-05
dog,97883,1647,96236,0.01682621088442324,0.0023577334545201137,0.025422505581250397,0.14012266164468262,0.0980477150161965,1.0,0.0010365008676078565,0.0029256802769003936,0.002370009642623524,-0.0005556706342768696,0.0005556706342768696,-2.5249358174429127e-05,2.5249358174429127e-05
dollar,97883,780,97103,0.007968697322313374,0.0009740000426763644,0.01474632419971916,0.12222826432985971,0.0881194793164217,0.936775345802338,0.0005936409767910722,0.0028472107602665474,0.0010648185780315084,-0.001782392182235039,0.001782392182235039,-2.610663764990296e-05,2.610663764990296e-05
doo,97883,150,97733,0.001532441792752572,0.000700675937409183,0.02187732750015798,0.4572284185428204,0.3727094670375938,0.9893217892253776,0.0008863096245127737,0.0,0.00032648700965231533,0.00032648700965231533,0.00032648700965231533,-2.9184248840492934e-05,2.9184248840492934e-05
door,97883,5774,92109,0.05898879274235567,0.005508774637571707,0.028523069760402833,0.09338680080523576,0.0718701199512098,0.7618302815542245,0.0010237119276955016,0.004952593230020062,0.005096661820011449,0.00014406858999138714,0.00014406858999138714,-3.275015743331079e-05,3.275015743331079e-05
doubt,97883,2186,95697,0.022332785059714148,0.0025672617436108976,0.021503919927205094,0.11495484046196958,0.08908947525030414,0.7017460269425052,0.0006165167089753394,0.0020664349614714105,0.002749862605584164,0.0006834276441127535,0.0006834276441127535,2.5174775074676573e-05,2.5174775074676573e-05
drag,97883,1243,96640,0.012698834322609646,0.00184730142029979,0.020799135645881473,0.14547015681673722,0.1099519275780593,0.9308576196823662,0.000639589738342133,0.0007318090312176165,0.002073614267960225,0.0013418052367426083,0.0013418052367426083,-6.4999940856130546e-06,6.4999940856130546e-06
draw,97883,1724,96159,0.017612864338036226,0.00223564675322656,0.02090875078626735,0.12693260507312956,0.10038799260691135,0.8448411181230633,0.0005287834898275668,0.0006699414920131091,0.002487229011727491,0.0018172875197143819,0.0018172875197143819,2.4436209744698407e-05,2.4436209744698407e-05
dream,97883,13413,84470,0.13703094510793498,0.014247666658333097,0.05154628337875919,0.10397408152669935,0.0713409378317403,0.9578799976813398,0.0014645493191362594,0.019458862294532052,0.013565075458653632,-0.00589378683587842,0.00589378683587842,-1.0028666433088408e-05,1.0028666433088408e-05
dress,97883,2155,95728,0.022016080422545284,0.002433540456214829,0.020840281399396216,0.1105346823553021,0.0870427779095541,0.8999451429990774,0.0005772831265851699,0.001623728364361397,0.0022201393754830065,0.0005964110111216095,0.0005964110111216095,-1.1723166286512444e-05,1.1723166286512444e-05
dri,97883,1800,96083,0.018389301513030865,0.002346839121169819,0.021653775015814624,0.12761980760970298,0.1008794003601298,0.8758725882205064,0.00048472183016056434,0.0015824367633117582,0.00232366739737997,0.0007412306340682116,0.0007412306340682116,1.110804818598795e-05,1.110804818598795e-05
drift,97883,1088,96795,0.011115311136765322,0.0016959066991535981,0.020054174328127138,0.1525739296261504,0.11942089524075675,0.8888773467515402,0.00040931020306194705,0.0004824452089844272,0.0019204135081880719,0.0014379682992036447,0.0014379682992036447,1.2819179560393293e-05,1.2819179560393293e-05
drink,97883,3754,94129,0.0383519099332877,0.0042089696748315855,0.028393673244083466,0.10974602522150775,0.0801069858429877,0.9322864723323434,0.0006000041870526353,0.00188205529239562,0.004917762091985341,0.0030357067995897213,0.0030357067995897213,1.191423117657976e-05,1.191423117657976e-05
drive,97883,3851,94032,0.0393428889592677,0.0044484571285629635,0.029898335336415695,0.113068898757499,0.0810289952675398,0.9427002663986134,0.0008343674641654566,0.0023148485136590346,0.004426351200714772,0.0021115026870557377,0.0021115026870557377,1.0240877950177588e-05,1.0240877950177588e-05
drop,97883,2641,95242,0.026981191831063615,0.0030020959602842442,0.02450272937474341,0.11126624720958071,0.0785509260769841,0.9280226120631868,0.000679424243140245,0.005601115321751081,0.0036066670830820257,-0.0019944482386690552,0.0019944482386690552,6.102662749300305e-06,6.102662749300305e-06
drown,97883,2317,95566,0.02367111755871806,0.0031637309648378776,0.026439982726600218,0.13365363747571254,0.0978749979192623,0.8576695249560726,0.0010538472626414814,0.0027094376910875113,0.0036020048076009976,0.0008925671165134863,0.0008925671165134863,5.044085258318522e-05,5.044085258318522e-05
drug,97883,1106,96777,0.01129920415189563,0.001567522507480113,0.02055758623500896,0.13872857649156953,0.0918760894044224,0.9654355387024802,0.0005558295512969857,0.0005888516919671391,0.00231803223775991,0.001729180545792771,0.001729180545792771,2.7537081581387283e-05,2.7537081581387283e-05
drum,97883,822,97061,0.008397781024284094,0.0012076999578571977,0.017272611729733663,0.14381179437340155,0.10535759625671515,0.867541851263733,0.0006361587369760284,0.0003498349332506287,0.0010025266866519748,0.000652691753401346,0.000652691753401346,-3.845439486553336e-06,3.845439486553336e-06
drunk,97883,1067,96816,0.010900769285779962,0.0014759222326933938,0.0189929270918752,0.1353961536108036,0.0986804902197109,0.9709043098824036,0.00046807199672021615,0.0,0.001916731404131829,0.001916731404131829,0.001916731404131829,2.000650787933387e-05,2.000650787933387e-05
dust,97883,1611,96272,0.016458424854162622,0.002355673117048887,0.023488541938357317,0.14312870994171087,0.1072069397156512,0.8876169480440089,0.0006190320856479382,0.0002976892946858468,0.002668747251655268,0.0023710579569694214,0.0023710579569694214,2.1504807622286162e-05,2.1504807622286162e-05
ear,97883,1651,96232,0.01686707599889664,0.0019906421146708903,0.018781883510986953,0.1180193955846946,0.0939871959953076,0.6833569746915586,0.00031532111316077266,0.002742629067721224,0.002012521156498842,-0.0007301079112223821,0.0007301079112223821,-2.480197008843618e-06,2.480197008843618e-06
earli,97883,943,96940,0.009633950737104503,0.00134176503285529,0.0175651472885864,0.13927464126296327,0.107488724974219,0.9710533516237616,0.0006625221829368803,0.002341728971468318,0.001293709104464812,-0.0010480198670035062,0.0010480198670035062,-2.6122756784583295e-05,2.6122756784583295e-05
earth,97883,2792,95091,0.02852384990243454,0.003993599688728775,0.02961840814598658,0.14000913980366714,0.10808114553105244,0.91879196287916,0.001010060369975064,0.0021608936423471643,0.003740621847060279,0.0015797282047131148,0.0015797282047131148,3.3387612723533434e-05,3.3387612723533434e-05
easi,97883,3719,94164,0.037994340181645436,0.004893491210664464,0.03440448151110293,0.12879526759168317,0.088746889344621,0.95123684693062,0.0009007313391630235,0.004455449293254232,0.004744149443521819,0.0002887001502675868,0.0002887001502675868,-4.4177897464926735e-06,4.4177897464926735e-06
eat,97883,2616,95267,0.026725784865604854,0.0030933055648829587,0.025623464554708698,0.11574236567562639,0.08335130212656569,0.9660055447015492,0.0008137166259368743,0.0011205503778618667,0.0038458330279522845,0.002725282650090418,0.002725282650090418,2.837350957004753e-05,2.837350957004753e-05
echo,97883,982,96901,0.010032385603220171,0.0015622962836480407,0.019618302329671353,0.15572530257873848,0.12080650689623815,0.8336297373101136,0.00031492440243527375,0.0012344011692046672,0.0018471693437946744,0.0006127681745900072,0.0006127681745900072,1.4206077564010649e-05,1.4206077564010649e-05
edg,97883,1466,96417,0.014977064454501803,0.002104215638383467,0.022207440519696326,0.1404958658471275,0.1030523725464147,0.916592142062277,0.0007736282741393892,0.0,0.002555394062696269,0.002555394062696269,0.002555394062696269,3.753532728012502e-05,3.753532728012502e-05
eh,97883,398,97485,0.004066078890103491,0.0011836957169488978,0.025704572609859665,0.29111479362338943,0.17190919133946955,0.9890106311733124,0.0005338459950391442,0.0,0.0015819978856693138,0.0015819978856693138,0.0015819978856693138,1.9391148219658235e-05,1.9391148219658235e-05
electr,97883,564,97319,0.005761981140749671,0.001126241550668942,0.020685963137174072,0.1954608186243405,0.12461539739537965,0.969678365245092,0.0007444388134132092,0.0,0.0009791244418578182,0.0009791244418578182,0.0009791244418578182,4.627875125400759e-06,4.627875125400759e-06
els,97883,4817,93066,0.04921181410459426,0.0056877156917467565,0.032851133642467494,0.11557622484020087,0.0841268006894733,0.796450717989479,0.0008046404309221108,0.004272698097466965,0.006452555392114451,0.0021798572946474856,0.0021798572946474856,3.167955408955432e-05,3.167955408955432e-05
embrac,97883,1039,96844,0.010614713484466149,0.0015199711694238356,0.017738767206098353,0.14319474299972407,0.1197475460356682,0.9002185022105346,0.0005996706262938355,0.002582879347487771,0.0016653460545586862,-0.0009175332929290847,0.0009175332929290847,1.7700425666051455e-05,1.7700425666051455e-05
emot,97883,1315,96568,0.01343440638313088,0.001857488471575999,0.020462949201478866,0.1382635316070521,0.1038811403650143,1.0,0.0008577472693869063,0.0,0.002000355174435222,0.002000355174435222,0.002000355174435222,2.36018632984974e-05,2.36018632984974e-05
empti,97883,3478,94405,0.03553221703462297,0.004051015757688149,0.02659857879813853,0.11400965365433845,0.08808966480305644,0.8682097389230503,0.0010150443201668816,0.0016340628090301844,0.004220376258426343,0.002586313449396159,0.002586313449396159,4.7045270130889114e-05,4.7045270130889114e-05
end,97883,11649,86234,0.11900942962516474,0.011901077187983803,0.04498937338601841,0.1000011278557317,0.0709437651022063,0.9395449040009788,0.0023062672137331374,0.006073449347996699,0.012454170028268822,0.006380720680272123,0.006380720680272123,0.00012220644439506749,0.00012220644439506749
endless,97883,1340,96543,0.013689813348589644,0.002044177233422868,0.021095331022694477,0.14932104487994824,0.12341761168074085,0.9862142421904068,0.0005995991333450343,0.0007913291218304458,0.0022362805736242677,0.0014449514517938218,0.0014449514517938218,2.6458834559824164e-05,2.6458834559824164e-05
enemi,97883,1271,96612,0.012984890123923459,0.001839030407743295,0.021393423767987828,0.1416284920543957,0.1025470822934664,0.9191150433535346,0.0008049155538227981,0.0,0.0018624037717188268,0.0018624037717188268,0.0018624037717188268,4.248834914988009e-05,4.248834914988009e-05
enjoy,97883,851,97032,0.008694053104216257,0.001274663104818888,0.017779133401280445,0.14661321820092504,0.1085910193920305,0.9528907856970004,0.0003979417017588506,0.00026083989666968383,0.0014901186861995528,0.0012292787895298689,0.0012292787895298689,1.3438561084956885e-05,1.3438561084956885e-05
enough,97883,5816,92067,0.05941787644432639,0.007137957491407342,0.04020572222760813,0.12013148093731514,0.08058984875858505,0.9426586912281332,0.0020265009199697368,0.00020369870215061588,0.00811979510531539,0.007916096403164773,0.007916096403164773,0.00010899624081409743,0.00010899624081409743
enter,97883,848,97035,0.008663404268361206,0.0013620453446785623,0.017797863735993635,0.1572182599919478,0.12655353552869458,0.75866585247727,0.0004959076166448753,0.0018278514874315636,0.0015309664701276878,-0.00029688501730387577,0.00029688501730387577,1.781206044666805e-05,1.781206044666805e-05
eras,97883,990,96893,0.010114115832166974,0.0014244800409688883,0.017232359669290157,0.14084078772743205,0.11203733708746841,0.761150547650038,0.0005680926250274918,0.0,0.0017428725717205352,0.0017428725717205352,0.0017428725717205352,2.9911959499547607e-05,2.9911959499547607e-05
escap,97883,2143,95740,0.02189348507912508,0.002833513623776511,0.024023420494226913,0.1294226850378517,0.099648553839137,0.90631499531827,0.0010886078576950542,0.000998784783442647,0.003270663764324252,0.002271878980881605,0.002271878980881605,5.218412048644903e-05,5.218412048644903e-05
etern,97883,1607,96276,0.01641755973968922,0.00259599936758043,0.024295146600890032,0.15812333920154029,0.1309066994207912,0.7585324949954991,0.0010880618915951204,0.0006553552162369701,0.0025876471937124916,0.0019322919774755216,0.0019322919774755216,4.3022985793269134e-05,4.3022985793269134e-05
even,97883,11642,86241,0.11893791567483629,0.011037004077584902,0.04046472797840904,0.09279634685846444,0.0677655120180822,0.9632223922087536,0.0017473188759613769,0.009387043339776883,0.013851130131100148,0.004464086791323265,0.004464086791323265,8.260424182443969e-05,8.260424182443969e-05
ever,97883,10397,87486,0.10621864879498993,0.01112520316636312,0.0452257014743934,0.10473869977234983,0.0730377877449959,0.9599816571398158,0.001526056824075108,0.00983369511549778,0.010527942776835535,0.0006942476613377557,0.0006942476613377557,4.090460197640017e-05,4.090460197640017e-05
everi,97883,13098,84785,0.1338128173431546,0.012621837095738482,0.044996037270230785,0.09432457477799434,0.06641366967584855,0.9383474529803436,0.0015470691640160602,0.008167726200942313,0.01375178268650467,0.005584056485562356,0.005584056485562356,7.981606059515874e-05,7.981606059515874e-05
everybodi,97883,3382,94501,0.03455145428726132,0.004932887324563053,0.037701274636006046,0.14276931105564913,0.08870955000224626,0.9256489187435344,0.0011829138314241115,0.0028295936125955256,0.004468752359809932,0.0016391587472144066,0.0016391587472144066,-2.6235957824221076e-05,2.6235957824221076e-05
everyday,97883,1266,96617,0.012933808730831707,0.0017221288449652,0.020625312497518207,0.13314939789236072,0.09077618643572065,0.9720924763357136,0.0008639534080349516,0.0046272891368681,0.0014650306941954396,-0.00316225844267266,0.00316225844267266,-1.621438530542304e-05,1.621438530542304e-05
everyon,97883,3924,93959,0.04008867729840728,0.00494982886037822,0.03256749852505569,0.12347199244148861,0.088470960882961,0.9916456247303717,0.0012891166513905093,0.0009936847523220143,0.005583395048128719,0.004589710295806704,0.004589710295806704,5.6139616235054845e-05,5.6139616235054845e-05
everyth,97883,12223,85660,0.12487357355209791,0.013210104589787712,0.049482733072608864,0.10578783175670382,0.072542085641946,1.0,0.0032164862874033023,0.00566652629757596,0.014429556125659439,0.008763029828083479,0.008763029828083479,0.00016368290476724532,0.00016368290476724532
everywher,97883,1472,96411,0.015038362126211907,0.00199401284615604,0.021462281690864796,0.13259508112791552,0.0994310849288387,0.9415718031915028,0.0008821312866754798,0.001126566819186823,0.002002783349927118,0.0008762165307402948,0.0008762165307402948,-1.3853874859813761e-05,1.3853874859813761e-05
evil,97883,1548,96335,0.015814799301206543,0.002444309987581837,0.025479766561411033,0.15455839438919441,0.1116826130132959,0.9430244093399524,0.001173451690167295,0.004155657903223659,0.0022204835073234654,-0.0019351743959001937,0.0019351743959001937,9.665986688817945e-06,9.665986688817945e-06
excus,97883,772,97111,0.00788696709336657,0.0011362199645530923,0.01644046105484622,0.14406297770770768,0.1050158339248202,0.9866673973989402,0.0004055669474623321,0.0005115050163219651,0.0013342628530613836,0.0008227578367394184,0.0008227578367394184,1.7335556967551685e-05,1.7335556967551685e-05
exist,97883,1589,96294,0.016233666724558914,0.002323333646733458,0.02235159232304701,0.14311822992020834,0.1161153748574318,0.8094259054818927,0.0008221670896617043,0.0,0.002367726546469607,0.002367726546469607,0.002367726546469607,3.7721629462880555e-05,3.7721629462880555e-05
expect,97883,1200,96683,0.012259534342020576,0.0016608106944427318,0.01924545418060678,0.13547094433678158,0.1044927948153303,0.902136689664528,0.0005667451162714511,0.0,0.0019823278057947975,0.0019823278057947975,0.0019823278057947975,2.3353104121001966e-05,2.3353104121001966e-05
explain,97883,1351,96532,0.013802192413391498,0.0017952313078933972,0.019316876495990808,0.1300685611476902,0.1018225364006127,0.8931533120545101,0.0006395771864110291,0.0,0.0018615920776577362,0.0018615920776577362,0.0018615920776577362,4.073898789905161e-06,4.073898789905161e-06
eye,97883,19152,78731,0.1956621680986484,0.016432245692623006,0.047608628964060866,0.08398274358453517,0.060712149067063306,0.970097749275916,0.0022941585801487135,0.0111522481396383,0.015696378723712576,0.004544130584074277,0.004544130584074277,7.906178728400879e-05,7.906178728400879e-05
face,97883,11593,86290,0.11843731802253711,0.010132857881066593,0.03725112249930636,0.08555460432782207,0.0642131983953726,0.9745988881159572,0.0019009631833295554,0.004434970602139998,0.00982367477400672,0.0053887041718667225,0.0053887041718667225,6.598882232914459e-05,6.598882232914459e-05
fact,97883,1267,96616,0.012944025009450058,0.0014350679908631408,0.016087292088142583,0.11086721400920033,0.0841681743651616,0.8184283289147608,0.0004825244761457937,0.0,0.001447951614989421,0.001447951614989421,0.001447951614989421,7.762804573171346e-06,7.762804573171346e-06
fade,97883,3726,94157,0.038065854131973886,0.004546652415362656,0.030238393239244432,0.11944175479681773,0.08675201921261916,0.8295596676514088,0.0010177400042337462,0.007305146003818757,0.005198267057370604,-0.002106878946448153,0.002106878946448153,3.187416186152841e-05,3.187416186152841e-05
fail,97883,1443,96440,0.014742090046279742,0.0019858394520431604,0.020596002911340908,0.13470542140286948,0.10533461573006,0.9380626614183674,0.0006447176583398815,0.0002541362551708434,0.00192798660903769,0.0016738503538668466,0.0016738503538668466,2.8294719745400826e-05,2.8294719745400826e-05
fair,97883,899,96984,0.009184434477897081,0.0012755269034148814,0.017103925741690524,0.13887919898438136,0.103399314709047,0.9065332061092376,0.000786642882658437,0.004050363227633149,0.0010521141206799956,-0.0029982491069531535,0.0029982491069531535,-2.834067708955667e-05,2.834067708955667e-05
faith,97883,2457,95426,0.025101396565287128,0.003302642746703762,0.027341399195806696,0.1315720716221426,0.0954488850362186,0.9712752168114548,0.0012669713353545514,0.0011852939136042268,0.003307486133245419,0.0021221922196411926,0.0021221922196411926,5.9781805924294554e-05,5.9781805924294554e-05
fake,97883,1442,96441,0.014731873767661392,0.0018268720610249139,0.020014265665270817,0.12400812617843386,0.088555253174634,0.8420235431390081,0.0006362881837262181,0.0003533224140133951,0.0026678104236548955,0.0023144880096415002,0.0023144880096415002,3.10058976047303e-05,3.10058976047303e-05
fall,97883,15376,82507,0.15708550003575697,0.015857516370196383,0.052930393713315635,0.10094831392195189,0.06971144595161476,0.9396607866393836,0.0029044101209807697,0.01456152721054686,0.01607937453898282,0.00151784732843596,0.00151784732843596,0.00013140388511000386,0.00013140388511000386
fame,97883,759,97124,0.007754155471328014,0.0009919098251465273,0.015428003089458435,0.127919775250089,0.0928721140616258,0.9912390568384228,0.0002953613619989689,0.0004075796880476379,0.0011251410911147655,0.0007175614030671277,0.0007175614030671277,6.723571810032422e-06,6.723571810032422e-06
famili,97883,1351,96532,0.013802192413391498,0.0016436313329518577,0.018836181573208828,0.11908480071304714,0.0863215575607769,0.9857896285185558,0.0005591995308231063,0.0005698589097467458,0.0018356853795300037,0.0012658264697832577,0.0012658264697832577,1.7590551164111038e-05,1.7590551164111038e-05
fantasi,97883,851,97032,0.008694053104216257,0.001235385412790391,0.017480304646818233,0.14209545283215258,0.0995436764994295,0.8466865095223585,0.0007107735721012872,0.0002802412383175104,0.001046635940085558,0.0007663947017680476,0.0007663947017680476,4.087392979888544e-06,4.087392979888544e-06
far,97883,6829,91054,0.06976696668471542,0.007700821777825013,0.037793977757425344,0.11037919725858042,0.0811618773948721,0.884395304663203,0.0015511026094949692,0.003390113820642471,0.007406568768380332,0.004016454947737861,0.004016454947737861,7.50371673870875e-05,7.50371673870875e-05
fast,97883,3346,94537,0.034183668257000706,0.003867696371417374,0.02777875028887337,0.11314456781932061,0.0802219667346448,0.962315123202357,0.0007730054333453389,0.004913609472384242,0.003530568282924328,-0.0013830411894599141,0.0013830411894599141,1.20813675777645e-05,1.20813675777645e-05
fate,97883,1846,96037,0.018859250329474987,0.0025120139411510672,0.022334831369942458,0.1331979743237757,0.1066671027666941,0.9119743905646488,0.0006839280504372929,0.0008305984303250202,0.002401244941219251,0.0015706465108942308,0.0015706465108942308,2.9200241794019494e-05,2.9200241794019494e-05
father,97883,1939,95944,0.01980936424098158,0.0026578247485782224,0.02419628839855141,0.1341701185482631,0.1030577998242225,0.8969332663312106,0.0006064247424864951,0.0009591339180962489,0.002592076084520655,0.001632942166424406,0.001632942166424406,1.2871691004294377e-05,1.2871691004294377e-05
fault,97883,906,96977,0.009255948428225535,0.0014911363777709323,0.02078025765383284,0.16110033340546592,0.1118407035068553,0.997083693037776,0.0005336554017208401,0.0,0.0021292866058710714,0.0021292866058710714,0.0021292866058710714,2.6152762735937137e-05,2.6152762735937137e-05
favorit,97883,788,97095,0.008050427551260179,0.0011205126243525553,0.016707308428416258,0.1391867223470827,0.10010351896123,0.8112955742780932,0.0003087636650935018,0.0007284763886190169,0.001421597527751521,0.0006931211391325041,0.0006931211391325041,6.163494089858597e-06,6.163494089858597e-06
fear,97883,5835,92048,0.05961198573807505,0.006580459504498509,0.03411456228283833,0.11038819497494903,0.0846287835086804,0.9587329974313394,0.0021965199878807773,0.0006255059277764048,0.006589855834382598,0.005964349906606194,0.005964349906606194,0.00010334028304149581,0.00010334028304149581
feed,97883,1680,96203,0.017163348078828806,0.0022418003515032488,0.02140034932037252,0.1306155617894003,0.09970838521012809,0.9053800196267588,0.0007941046965287077,0.00030314836549362353,0.0023106178307827374,0.0020074694652891137,0.0020074694652891137,3.71138327438559e-05,3.71138327438559e-05
feel,97883,29703,68180,0.3034541238008643,0.027120854342382067,0.06290381268543525,0.08937382034122426,0.060278735458617,1.0,0.005145559124034843,0.015613508488972602,0.03068751220100778,0.015074003712035178,0.015074003712035178,0.0002765212848870669,0.0002765212848870669
feelin,97883,1200,96683,0.012259534342020576,0.0015520128960658094,0.01964589122763472,0.126596398588008,0.08273351039305785,0.8685436002099653,0.0011439347665507093,0.003890155443107247,0.0014847379618581598,-0.002405417481249087,0.002405417481249087,-5.060033314605311e-05,5.060033314605311e-05
field,97883,1148,96735,0.011728287853866351,0.001740782423674309,0.020217373781310565,0.14842596339417455,0.1188498558182548,0.952003400782762,0.0010855994853720564,0.0,0.0014628019652895403,0.0014628019652895403,0.0014628019652895403,1.764092914019329e-07,1.764092914019329e-07
fight,97883,6231,91652,0.06365763207094184,0.007189880508195688,0.0384875900768409,0.1129460879126494,0.078423665168201,0.945116794640318,0.002311623915174821,0.001389462452283413,0.007747261059301874,0.006357798607018461,0.006357798607018461,8.945464872383424e-05,8.945464872383424e-05
figur,97883,1389,96494,0.014190411000888817,0.0018215901228056817,0.01968188829747181,0.12836767889891185,0.0932098484329708,0.9733566564867676,0.0005353273109833885,0.0011242523718031942,0.002166829809074384,0.00104257743727119,0.00104257743727119,2.8216829341162347e-05,2.8216829341162347e-05
fill,97883,3521,94362,0.03597151701521204,0.0038660122355423793,0.02505310088197342,0.1074742617584762,0.0858862673947988,0.7687597268134674,0.0006461964315446038,0.003635641099469858,0.003804259483793704,0.0001686183843238459,0.0001686183843238459,-1.2746895590448613e-05,1.2746895590448613e-05
final,97883,3157,94726,0.03225279159813246,0.0038030071180506055,0.02660989839639624,0.11791249468994218,0.0910177009151023,0.932560325754735,0.001235829204037401,0.0004058718902236349,0.003762723381211865,0.00335685149098823,0.00335685149098823,6.05900198618281e-05,6.05900198618281e-05
find,97883,17655,80228,0.1803683990069777,0.016415375168444307,0.04894410693729597,0.0910102615470311,0.0652499081939312,0.8852047588748526,0.0026362125184569035,0.01061335108986959,0.016035809373487968,0.005422458283618379,0.005422458283618379,8.502167718549164e-05,8.502167718549164e-05
fine,97883,3515,94368,0.035910219343501935,0.004499543789465083,0.03225934731564835,0.12529981358299022,0.0867962013802798,0.9993899406530092,0.0012302380702307533,0.005763529937163146,0.004924170076686835,-0.0008393598604763105,0.0008393598604763105,-2.8022344049359163e-05,2.8022344049359163e-05
finger,97883,2187,95696,0.0223430013383325,0.0024709550030185914,0.020706550556390937,0.11059190149084078,0.0863446711391794,0.7113418216651305,0.0005053150373023458,0.002908763505563871,0.0023681774532718354,-0.0005405860522920357,0.0005405860522920357,5.620747851749208e-06,5.620747851749208e-06
fire,97883,6784,91099,0.06930723414688965,0.0085451449472303,0.04434497821498207,0.12329369440886549,0.08439622991971224,0.9681628450455212,0.002102259827462826,0.002578627030824342,0.009569684026288959,0.006991056995464617,0.006991056995464617,8.44069141049687e-05,8.44069141049687e-05
first,97883,5048,92835,0.05157177446543322,0.0052930634046596155,0.03114188334090338,0.1026348901026738,0.07336369873566129,0.9271398954982004,0.001017406874701556,0.002787743411996827,0.005682376951812463,0.0028946335398156364,0.0028946335398156364,4.8024009986110185e-05,4.8024009986110185e-05
fit,97883,1474,96409,0.015058794683448607,0.0018372797447903147,0.01940905638530096,0.12200709176343986,0.09206004420928085,0.913165856175213,0.0004856906562998401,0.0005388353224503957,0.0018790777455204245,0.0013402424230700288,0.0013402424230700288,2.1853097233875986e-05,2.1853097233875986e-05
five,97883,1753,96130,0.01790913641796839,0.0021113023494873095,0.02104844695015327,0.11788967933534875,0.0856692881596427,0.9669483703831468,0.0004559866725764286,0.0012715093261994803,0.0021004386054494597,0.0008289292792499794,0.0008289292792499794,-1.045057488412335e-05,1.045057488412335e-05
fix,97883,1369,96514,0.013986085428521807,0.0017803123975092365,0.020058151511065242,0.12729168619824444,0.0940178514689445,0.9243885684312309,0.0005400666258194418,0.0,0.0023335491882024158,0.0023335491882024158,0.0023335491882024158,2.586246702896298e-05,2.586246702896298e-05
flame,97883,2342,95541,0.023926524524176825,0.0031576669789689436,0.025844606068825146,0.13197349141862388,0.1007658607679047,0.8142012921398131,0.00072663740023258,0.0037543080478743165,0.003625010662683921,-0.00012929738519039564,0.00012929738519039564,2.3267625159097608e-05,2.3267625159097608e-05
flash,97883,969,96914,0.009899573981181615,0.0013177404359225437,0.017334921992932257,0.13311082258968662,0.1043627126951311,0.9647554910799754,0.0007933116909157739,0.0019885471864115297,0.0011287436471992909,-0.0008598035392122388,0.0008598035392122388,-9.103046423042979e-06,9.103046423042979e-06
flesh,97883,1305,96578,0.013332243596947376,0.002085635316961696,0.021860027100860914,0.15643543427598594,0.1254682054809579,0.7764807918157552,0.0011006602041239053,0.0005363024344033584,0.0017481771487318578,0.0012118747143284995,0.0012118747143284995,3.6592633631198764e-05,3.6592633631198764e-05
fli,97883,5621,92262,0.05742570211374805,0.007025786044630527,0.04012332374449598,0.12234567077149437,0.0845781475947878,0.988733354179422,0.001194265796146209,0.0060823365966614995,0.006643134813703662,0.0005607982170421624,0.0005607982170421624,1.0426685253151638e-05,1.0426685253151638e-05
float,97883,1391,96492,0.014210843558125517,0.0020894868798655643,0.021897221933324357,0.1470346831501661,0.1174600813985951,0.96348566360302,0.0006643400214590938,0.0008762861606836171,0.0022638042856158087,0.0013875181249321917,0.0013875181249321917,2.0004479478910725e-05,2.0004479478910725e-05
floor,97883,3493,94390,0.03568546121389823,0.0038957665330813795,0.02683594622618025,0.10916957216078003,0.0824582056064979,0.986407922486684,0.0009032192837204529,0.001922320636068147,0.004032970675926998,0.002110650039858851,0.002110650039858851,1.8633443140641904e-05,1.8633443140641904e-05
flow,97883,2092,95791,0.021372454869589202,0.0025063390612347523,0.02182131681265056,0.11726959193634857,0.09293222383180705,0.847879724372236,0.0006920083447437443,0.0,0.002685825496629227,0.002685825496629227,0.002685825496629227,2.142503226378936e-05,2.142503226378936e-05
flower,97883,2031,95852,0.020749261873869825,0.0029918123303987547,0.026317758313140517,0.14418885590173378,0.1089366676059013,0.9066355678659904,0.0009460668350312836,0.003754863869401217,0.002866791044180052,-0.000888072825221165,0.000888072825221165,-1.2585405577851887e-05,1.2585405577851887e-05
focus,97883,689,97194,0.0070390159680434805,0.0009811032877989573,0.016255494499894756,0.13938074473095113,0.0977973196621196,0.9814706012857826,0.0004136549397915487,0.0,0.001597275284849305,0.001597275284849305,0.001597275284849305,2.1814759507367177e-05,2.1814759507367177e-05
follow,97883,3884,93999,0.03968002615367326,0.005111898843307818,0.03402143491180426,0.1288280109370492,0.0930406431547789,0.8984387766567141,0.0010513190656100532,0.0034296963144683154,0.005713170105780763,0.0022834737913124473,0.0022834737913124473,5.059184035038789e-05,5.059184035038789e-05
fool,97883,3276,94607,0.03346852875371617,0.004164648793506624,0.0310096275379988,0.12443477345995387,0.08629055883257886,0.9335084065987188,0.0022962773703912322,0.01370115146007791,0.0035882011050781698,-0.01011295035499974,0.01011295035499974,-0.00010036231987115594,0.00010036231987115594
foot,97883,4484,93399,0.04580979332468355,0.0045720352841301555,0.026328562856913942,0.09980475685024799,0.07836413926003365,0.7344604893942768,0.0005076247253806856,0.004183717118165939,0.0044801467896391604,0.0002964296714732216,0.0002964296714732216,-3.0307086281258013e-06,3.0307086281258013e-06
forc,97883,1621,96262,0.01656058764034613,0.0022835595593622615,0.02157940476896028,0.13789121551453193,0.1114623950792234,0.8911116578999972,0.000904858639173034,0.0,0.00231711051997122,0.00231711051997122,0.00231711051997122,3.9979425816640565e-05,3.9979425816640565e-05
forev,97883,5183,92700,0.05295097207891054,0.007297907433723674,0.04209937317314635,0.13782386134192057,0.0967083242634521,0.9254764698461422,0.0019751051269480276,0.0025919347358459607,0.00701393283383043,0.004421998097984469,0.004421998097984469,8.904676495566111e-05,8.904676495566111e-05
forget,97883,7403,90480,0.0756311106116486,0.00839032084759567,0.03994506119873903,0.11093742746524478,0.0803572804279674,0.9255205953638592,0.0013571278789255735,0.007683257192655346,0.009077606450929596,0.0013943492582742497,0.0013943492582742497,6.090770261114419e-05,6.090770261114419e-05
forgiv,97883,1979,95904,0.0202180153857156,0.0029042919381955037,0.026610853980361077,0.1436487154049472,0.1030597802162943,0.9400549962443367,0.000872807304811938,0.00023859852376997828,0.0032596810899593494,0.003021082566189371,0.003021082566189371,4.214243486823798e-05,4.214243486823798e-05
form,97883,1051,96832,0.010737308827886354,0.0015679901258179659,0.018163100537822663,0.14603194813077067,0.1222316054297919,0.7248104700476011,0.0005408858094036529,0.00027028607233539663,0.001603002257175192,0.0013327161848397954,0.0013327161848397954,2.2515526347039535e-05,2.2515526347039535e-05
forward,97883,799,97084,0.008162806616062033,0.001253299545179909,0.017661874228003475,0.15353782150293496,0.1186440328827353,0.9345581905254472,0.0003405558265979243,0.00047148004005924464,0.0015534284491050153,0.0010819484090457707,0.0010819484090457707,1.4887736833165763e-05,1.4887736833165763e-05
four,97883,2167,95716,0.02213867576596549,0.002470672999693605,0.02208070760281763,0.11159985474342829,0.0824871417824682,0.9662794840392108,0.0006843202767031407,0.0026128979059434274,0.002409913275632758,-0.00020298463031066935,0.00020298463031066935,-8.836221333406933e-06,8.836221333406933e-06
freak,97883,754,97129,0.007703074078236262,0.0011556784227836512,0.018795589814613482,0.1500282109513689,0.09291823163588811,0.966126760953441,0.0004412399061285918,0.0,0.0013520863811812378,0.0013520863811812378,0.0013520863811812378,1.738569890818692e-05,1.738569890818692e-05
free,97883,6121,91762,0.06253384142292329,0.0074595093600194765,0.04022001089058584,0.11928755998803896,0.0834598119768814,0.9753945281485872,0.0016367251259445624,0.003707302483344431,0.007286205382339303,0.003578902898994872,0.003578902898994872,-2.284422728447806e-06,2.284422728447806e-06
freedom,97883,1249,96634,0.012760131994319749,0.001989853769127504,0.022840381172317972,0.15594303961850078,0.1137562353301606,0.8530840073701376,0.0007656813679986006,0.0,0.0018986934975972758,0.0018986934975972758,0.0018986934975972758,-6.218164909588567e-06,6.218164909588567e-06
freez,97883,993,96890,0.010144764668022027,0.001375739033733275,0.017150001552515046,0.13561073901199813,0.1082558556393288,0.9169454088344968,0.0003306900684584385,0.00024854046918431526,0.0013758562507718267,0.0011273157815875113,0.0011273157815875113,9.567193689648201e-06,9.567193689648201e-06
friend,97883,8723,89160,0.08911659838787124,0.008999126417420568,0.04083671935784264,0.10098148470897368,0.0702076207921789,0.9848403575082758,0.0016634050152198974,0.006440716397391892,0.008818848609277629,0.002378132211885737,0.002378132211885737,-1.6941626308709487e-05,1.6941626308709487e-05
front,97883,2261,95622,0.023099005956090435,0.0024944954278426647,0.021327778120052463,0.10799146216874109,0.082340039892489,0.8064143669868344,0.000673518291564608,0.001465345295677622,0.002945820312301191,0.001480475016623569,0.001480475016623569,3.255604055534491e-05,3.255604055534491e-05
fuck,97883,4910,92973,0.05016192801610086,0.007331933008144521,0.04426699034990737,0.14616529503792466,0.09852675155586019,0.962121608670625,0.0032380117702162673,0.0,0.015031089539899933,0.015031089539899933,0.015031089539899933,0.0001544827394014752,0.0001544827394014752
fuckin,97883,734,97149,0.007498748505869252,0.0009492094785322801,0.01528073201623474,0.12658238608606973,0.07930391246825616,0.8562808911328792,0.0004355851824568568,0.0,0.0018054932819596644,0.0018054932819596644,0.0018054932819596644,2.0957642719446596e-05,2.0957642719446596e-05
full,97883,3527,94356,0.03603281468692214,0.0038167903974939098,0.02567895151252374,0.10592540246041857,0.0808813770727852,0.848103730682889,0.0007284227054643411,0.001740118592968551,0.004119458796131284,0.002379340203162733,0.002379340203162733,2.020202880909887e-05,2.020202880909887e-05
fun,97883,2436,95447,0.024886854714301767,0.003083481954423478,0.026875640652572905,0.12390002633203337,0.08647363588038634,0.957115503927863,0.0010896114439195737,0.0026561799186798655,0.002881628851346586,0.00022544893266672038,0.00022544893266672038,-1.439133942929991e-05,1.439133942929991e-05
funni,97883,1267,96616,0.012944025009450058,0.00158493830317041,0.01799547563906053,0.12244555321959685,0.0909986563767579,0.8552433810788225,0.0005711689503663447,0.0023456929389220594,0.0015033630211966926,-0.0008423299177253668,0.0008423299177253668,-2.0546233665960912e-05,2.0546233665960912e-05
futur,97883,2576,95307,0.026317133720870835,0.0032691409588752785,0.02611131295517211,0.12422101105496464,0.09419771528359115,0.975788086455707,0.0010803704093734078,0.0015805401802232901,0.0037421653730225386,0.0021616251927992483,0.0021616251927992483,3.462810525530411e-05,3.462810525530411e-05
game,97883,4156,93727,0.042458853937864596,0.004197785660897525,0.02728321123532819,0.09886714481367481,0.07107391956562009,0.8760076371009422,0.0012930923800721582,0.0031945159986096114,0.004313832005191795,0.0011193160065821836,0.0011193160065821836,6.6489277857328956e-06,6.6489277857328956e-06
garden,97883,874,97009,0.00892902751243832,0.001513200149265389,0.02024555831642243,0.16946975996629757,0.13092454586482835,0.9396262865178188,0.0008374596019649073,0.0007677925469642162,0.0015436343355398534,0.0007758417885756372,0.0007758417885756372,-8.550642081773266e-06,8.550642081773266e-06
gate,97883,908,96975,0.009276380985462235,0.0012993215730924543,0.016234819555702152,0.14006772416190386,0.11467212638284996,0.7050475183629173,0.0003260398900831615,0.0005829440950086536,0.0013564778251063945,0.0007735337300977409,0.0007735337300977409,4.330023612361954e-06,4.330023612361954e-06
get,97883,40529,57354,0.4140555561231266,0.042007970230154894,0.08055213136431913,0.10145491253271118,0.0686677720134171,1.0,0.005302606569965131,0.036562812578815405,0.04471597709140037,0.008153164512584965,0.008153164512584965,1.1246261160656345e-05,1.1246261160656345e-05
gettin,97883,956,96927,0.009766762359143059,0.001200087869158034,0.017376764780111378,0.12287468713053958,0.0808468351287886,0.9783810252583196,0.0005595260318351454,0.0,0.0013925853583685124,0.0013925853583685124,0.0013925853583685124,-1.2066827094436898e-05,1.2066827094436898e-05
ghost,97883,1765,96118,0.018031731761388597,0.002796875853261679,0.027424254151017433,0.15510855475626797,0.1087879736421082,0.9746097937572524,0.0010894405128668281,0.0,0.0034864336869300937,0.0034864336869300937,0.0034864336869300937,5.751354854341713e-05,5.751354854341713e-05
gift,97883,878,97005,0.00896989262691172,0.0012308129850508753,0.015885679563969524,0.13721602211359318,0.11007249220130735,0.7156274895010409,0.00041392628102786646,0.0,0.0012081280093799852,0.0012081280093799852,0.0012081280093799852,1.714181346578895e-05,1.714181346578895e-05
girl,97883,9657,88226,0.09865860261741058,0.012350078301743546,0.055068661544051226,0.12517994350311312,0.0778794581177414,0.9847208620475616,0.003957140144466656,0.007435024262661258,0.01093068909516824,0.0034956648325069816,0.0034956648325069816,-0.0001067756435637075,0.0001067756435637075
give,97883,19048,78835,0.19459967512233994,0.01912596986387019,0.0596443626237407,0.09828366800636319,0.06425504558125775,0.9736022394113444,0.003033517277381006,0.009225527537763534,0.01990448711069426,0.010678959572930727,0.010678959572930727,0.0001257277947669393,0.0001257277947669393
glad,97883,945,96938,0.009654383294341203,0.0014183938121799596,0.01902369952646682,0.1469170809710169,0.1082932264740214,0.8977444059994346,0.0013870857234948503,0.008144244210047068,0.0009370527761094927,-0.007207191433937576,0.007207191433937576,-5.887321177443053e-05,5.887321177443053e-05
glass,97883,2083,95800,0.02128050836202405,0.0025202480721955483,0.021960933877342534,0.11842988096529855,0.090924719737846,0.8392333523998557,0.0007268348255171024,0.0003154846743530297,0.0028689172287578316,0.002553432554404802,0.002553432554404802,2.789242242969284e-05,2.789242242969284e-05
glori,97883,838,97045,0.008561241482177701,0.001411675385639088,0.019742118947491196,0.16489143409607504,0.1232066607504339,0.9094057456699992,0.0006356669264085238,0.0002908811249437113,0.0014063279667736292,0.0011154468418299178,0.0011154468418299178,1.2519347806785381e-05,1.2519347806785381e-05
glow,97883,1166,96717,0.011912180868996659,0.0017477871707987417,0.019892814061694273,0.1467226857969925,0.11748864100423995,0.8166154225338008,0.0003695320322995225,0.00048635674891069937,0.0019513907784602668,0.0014650340295495675,0.0014650340295495675,6.469702367226609e-06,6.469702367226609e-06
go,97883,46590,51293,0.47597642082894887,0.04458259368584865,0.0792524735177495,0.09366555092835209,0.06246174979027145,0.9690856858555156,0.003184813344470769,0.05085077382764739,0.04457174874081594,-0.006279025086831452,0.006279025086831452,-5.5067498447461955e-05,5.5067498447461955e-05
god,97883,6502,91381,0.06642624357651482,0.00816365807412626,0.04188527777487724,0.12289808416944029,0.08628995865564615,0.9627272185792526,0.0020353448041312253,0.002621280308463307,0.00877425151321608,0.006152971204752772,0.006152971204752772,8.680282796548538e-05,8.680282796548538e-05
gold,97883,2173,95710,0.02219997343767559,0.0029441035831344327,0.026722984658258137,0.13261743719647842,0.0947996856027549,0.9656661172979422,0.0007434661068794018,0.005431493555404492,0.0034604743728601107,-0.0019710191825443816,0.0019710191825443816,-6.600392297533693e-06,6.600392297533693e-06
golden,97883,1217,96666,0.012433211078532534,0.0018470793006518352,0.02126590302208356,0.1485601176546455,0.1136713228591344,0.93043514106071,0.0005332232617819907,0.0014192947855900177,0.0018267214195694785,0.00040742663397946074,0.00040742663397946074,-1.324494785482395e-05,1.324494785482395e-05
gon,97883,1242,96641,0.012688618043991295,0.001588772314558306,0.019558113910405444,0.12521239973100698,0.08201662502501614,0.8996251434497458,0.0006994978285613464,0.0,0.0032200929896364517,0.0032200929896364517,0.0032200929896364517,3.1859198191018136e-05,3.1859198191018136e-05
good,97883,15040,82843,0.15365283041999123,0.014912062157106729,0.052169875135534394,0.09705035772101582,0.0644299187780075,0.9602787586083305,0.0020675690243909623,0.015425069241398567,0.015615368942174869,0.00019029970077630125,0.00019029970077630125,-1.7334164853238814e-05,1.7334164853238814e-05
goodby,97883,3174,94709,0.03242646833464442,0.0050860373802004664,0.03829381188426083,0.15684832920168945,0.10494005197831249,0.9597508753924426,0.0011596362138803673,0.011274093712323324,0.004233706907425517,-0.007040386804897807,0.007040386804897807,-1.7098838131928404e-05,1.7098838131928404e-05
grab,97883,1078,96805,0.011013148350581817,0.00123453906876793,0.015202315949005719,0.11209683457162456,0.08877487111594126,0.9124889518207144,0.0002594540490078632,0.0012216344312993602,0.0013187014398053187,9.706700850595847e-05,9.706700850595847e-05,2.4165796794446334e-06,2.4165796794446334e-06
grace,97883,1155,96728,0.011799801804194803,0.0016739647156692038,0.01924205622343281,0.14186379936263957,0.109339630272178,0.9436492456645036,0.0005887472297710623,0.0,0.0015503468156859487,0.0015503468156859487,0.0015503468156859487,2.4199277244872198e-05,2.4199277244872198e-05
grave,97883,1426,96457,0.014568413309767783,0.002041931435662113,0.021542282737495633,0.1401615530974156,0.1071983503192078,1.0,0.000605500964038032,0.0,0.0019552785363751058,0.0019552785363751058,0.0019552785363751058,2.065934168317671e-05,2.065934168317671e-05
great,97883,2980,94903,0.03044451028268443,0.003787704410077871,0.02768028367852899,0.12441337945357456,0.09313718142920199,0.9096872347554156,0.0007359143562401206,0.006400103433215754,0.0038861840956421765,-0.0025139193375735775,0.0025139193375735775,1.2106317351301283e-05,1.2106317351301283e-05
green,97883,1626,96257,0.01661166903343788,0.0023426973017329857,0.024236534499143,0.1410272078631795,0.10320993135520565,0.9338758962615672,0.0018365068763618552,0.005427044510755616,0.0019783232920723578,-0.0034487212186832586,0.0034487212186832586,-6.270474240024629e-05,6.270474240024629e-05
grey,97883,924,96959,0.009439841443355843,0.0014372777750276437,0.018051162721035418,0.15225655893185155,0.12142673890681105,0.7903541810348997,0.0004903933499838118,0.00048111787922329116,0.0014912554993917453,0.0010101376201684543,0.0010101376201684543,9.133127185070444e-06,9.133127185070444e-06
ground,97883,4449,93434,0.04545222357304128,0.005040033750663493,0.028961949113049893,0.11088640674672841,0.086559489096914,0.8750352734208885,0.0010296452838379595,0.0029162179713542844,0.005322021450644354,0.0024058034792900696,0.0024058034792900696,3.782609361539613e-05,3.782609361539613e-05
grow,97883,5329,92554,0.05444254875718971,0.005934583853317633,0.03264036903869257,0.10900635603570834,0.0812904903150824,0.8628597291218479,0.0006485589756014447,0.004435153979538846,0.005774466545070398,0.0013393125655315526,0.0013393125655315526,1.286435170674492e-05,1.286435170674492e-05
guess,97883,3726,94157,0.038065854131973886,0.004227054794783767,0.028471578183004262,0.11104584124471803,0.0798120355287778,1.0,0.0008895029957560974,0.006755086902352599,0.004741738366824908,-0.0020133485355276915,0.0020133485355276915,-1.9785975680767744e-05,1.9785975680767744e-05
guid,97883,1102,96781,0.01125833903742223,0.0016548769164836238,0.018788437077952337,0.14699121344479724,0.1179940722118703,0.8144347072190138,0.0005527924060380223,0.0,0.0016479651983430307,0.0016479651983430307,0.0016479651983430307,2.788281384359419e-05,2.788281384359419e-05
guitar,97883,880,97003,0.008990325184148423,0.0012937639348602817,0.017195729389205314,0.1439062445862829,0.11114523709996141,0.8363843251465591,0.0018216207793910132,0.002530896879728746,0.0007603635210652383,-0.0017705333586635077,0.0017705333586635077,-7.754860599310202e-05,7.754860599310202e-05
gun,97883,2182,95701,0.022291919945240747,0.002771222451422631,0.02551946706898643,0.12431510871338285,0.08875408605370594,0.9743470301958814,0.0009262468714514589,0.0042571248570790685,0.0025190622951116,-0.0017380625619674685,0.0017380625619674685,-1.937340005031648e-05,1.937340005031648e-05
guy,97883,1979,95904,0.0202180153857156,0.0024238536110483826,0.023007097724392855,0.11988583274898877,0.086417277091997,0.9153811499712377,0.0006844074251054104,0.0048448550643446515,0.00256613404653235,-0.0022787210178123016,0.0022787210178123016,-1.5184328814523512e-05,1.5184328814523512e-05
ha,97883,702,97181,0.007171827590082037,0.0016567980254175627,0.027770299978697975,0.2310147594329733,0.1343648856261464,0.99409730915112,0.0005879836648808566,0.0003175872773295,0.0016360130752246342,0.0013184257978951343,0.0013184257978951343,-5.641844480595274e-06,5.641844480595274e-06
hair,97883,3070,94813,0.031363975358335974,0.0033949936893843927,0.024223562460886167,0.10824500563453177,0.08578394036722085,0.8985309401440064,0.001058604689420399,0.003934669961983817,0.003156958566917265,-0.0007777113950665523,0.0007777113950665523,-2.4604114931374334e-05,2.4604114931374334e-05
half,97883,1995,95888,0.020381475843609206,0.0026998653847526053,0.02508219978072475,0.13246662829861616,0.0959659715107752,0.9361626953318436,0.0005363742027063888,0.0015087691277456741,0.0028439623158913693,0.0013351931881456951,0.0013351931881456951,1.7759764799722166e-05,1.7759764799722166e-05
hand,97883,13570,84313,0.138634900851016,0.012278242199230271,0.04240894145680021,0.08856530443531736,0.06507475309035496,0.9437270443188492,0.0017094206213611508,0.0068926674653340975,0.01158273877178574,0.004690071306451642,0.004690071306451642,4.315631428090946e-05,4.315631428090946e-05
hang,97883,3183,94700,0.032518414842209575,0.003876926567851835,0.029168154208123128,0.11922249552027683,0.0840995407915412,0.9808199199221332,0.0009688414336296396,0.002634867972267862,0.0036791844066874925,0.0010443164344196305,0.0010443164344196305,-1.949821797891995e-06,1.949821797891995e-06
happen,97883,3804,94079,0.03886272386420522,0.004974865442128862,0.03375730756826742,0.1280112392407727,0.08882028655607635,0.9286875819504457,0.0007176349600044418,0.0033946874198790104,0.004941691166295724,0.001547003746416714,0.001547003746416714,2.4764649621540953e-05,2.4764649621540953e-05
happi,97883,4569,93314,0.04667817700724334,0.006201481509588483,0.039279880553130725,0.13285612050843718,0.0915055518136104,0.9640001456563692,0.001405357184799851,0.0072698687441549925,0.005690824709505417,-0.0015790440346495757,0.0015790440346495757,-5.52919051155271e-05,5.52919051155271e-05
hard,97883,9119,88764,0.09316224472073803,0.008817979427089609,0.03842006156400276,0.09465185659193028,0.0669428738852368,0.933654566720596,0.001081117357261811,0.005634045387518798,0.009446550065791173,0.0038125046782723744,0.0038125046782723744,4.2423543931903245e-05,4.2423543931903245e-05
hate,97883,4523,93360,0.04620822819079922,0.0054032699556416045,0.034177520370864856,0.11693306943799849,0.0815782489259729,0.9768513106230146,0.0015383003045185458,0.001455916721064844,0.006432988324984168,0.004977071603919324,0.004977071603919324,7.64417703563075e-05,7.64417703563075e-05
haunt,97883,1172,96711,0.011973478540706762,0.0018533796180708914,0.0214339869666927,0.15479040712937975,0.1159143699488034,0.8878726354875834,0.0006151479714348787,0.0013046081118026464,0.0020774368101565926,0.0007728286983539462,0.0007728286983539462,2.8488928143764274e-05,2.8488928143764274e-05
head,97883,11182,86701,0.11423842751039506,0.010451352061982007,0.04155205854501263,0.09148718421418216,0.06447724518358211,0.981848967158558,0.0016483234629956376,0.00430637493451665,0.01134687627283714,0.007040501338320491,0.007040501338320491,7.08623002994931e-05,7.08623002994931e-05
heal,97883,1409,96474,0.014394736573255826,0.002088036449587007,0.022139634007599496,0.1450555513093861,0.1098330833961321,0.8839488904113099,0.0008430543010056375,0.0,0.002275978360563808,0.002275978360563808,0.002275978360563808,4.402161895400193e-05,4.402161895400193e-05
hear,97883,13278,84605,0.13565174749445766,0.01213346502393592,0.04264085163508818,0.08944569641044736,0.06495572965905011,1.0,0.0016928344298177468,0.015027649474087126,0.011338112599874245,-0.003689536874212881,0.003689536874212881,-6.28696968989648e-05,6.28696968989648e-05
heart,97883,19798,78085,0.2022618840861028,0.018600520933195135,0.053262173679568564,0.0919625613952894,0.06466400812119921,0.937940447227814,0.003765920904608745,0.025524337449000095,0.01786056788048626,-0.007663769568513834,0.007663769568513834,2.6194720933355884e-05,2.6194720933355884e-05
heat,97883,1706,96177,0.01742897132290592,0.0022245079056543472,0.022241977949919906,0.12763277100185488,0.093847880597733,0.9949962867684418,0.0008232150250747105,0.0007867599227324297,0.002420351520222342,0.0016335915974899124,0.0016335915974899124,8.631214952925377e-06,8.631214952925377e-06
heaven,97883,3333,94550,0.03405085663496215,0.004822974985070327,0.03543289612342382,0.14164034217330898,0.0956980328320119,0.9763314156876614,0.001956434154399198,0.011138361018846472,0.0045653308619812245,-0.006573030156865248,0.006573030156865248,-9.733370265676955e-06,9.733370265676955e-06
heavi,97883,1465,96418,0.014966848175883453,0.0020102365686742135,0.021790897792993674,0.1343126184652137,0.1016245697034189,0.9467433305704972,0.0006568484392668314,0.0012214083459676569,0.002293807364397697,0.0010723990184300402,0.0010723990184300402,1.2198673414962728e-05,1.2198673414962728e-05
hell,97883,2874,95009,0.029361584749139278,0.003516648711075912,0.027860548865547594,0.11977039867301444,0.08198482370380505,0.9355339241898966,0.0014231143384182158,0.0003851993141745642,0.004901652490632829,0.004516453176458265,0.004516453176458265,5.4728923828232e-05,5.4728923828232e-05
hello,97883,1030,96853,0.010522766976900993,0.0020895292510374345,0.028432744056535206,0.19857222493135648,0.12347168721980495,0.9946950818911302,0.0005546044180780591,0.001437202553625959,0.0020609681931609246,0.0006237656395349657,0.0006237656395349657,-1.3550376229884614e-06,1.3550376229884614e-06
help,97883,4948,92935,0.050550146603598176,0.005899891458774887,0.03483692415905956,0.11671363695619688,0.08264166541266016,0.9246136869358572,0.0015484477448610492,0.001990196726017248,0.006031609419462662,0.004041412693445413,0.004041412693445413,-1.6941836445442243e-05,1.6941836445442243e-05
hero,97883,807,97076,0.008244536845008837,0.0014697767855186264,0.02208393804153099,0.1782728142464928,0.1160335124794516,0.9144091536232936,0.0007834098370998475,0.0,0.0013580065799693025,0.0013580065799693025,0.0013580065799693025,1.4667844933247605e-05,1.4667844933247605e-05
hey,97883,5512,92371,0.056312127744347844,0.009558067502760196,0.058352982221542476,0.16973373029257555,0.09642677481714675,0.9888180199071644,0.002704629892179519,0.005734092166125678,0.008066516626334503,0.0023324244602088247,0.0023324244602088247,-8.607586032298983e-05,8.607586032298983e-05
hide,97883,6407,91476,0.06545569710777152,0.006710668620014464,0.03323124886619253,0.10252230006756294,0.0774200921116132,0.9374256176533586,0.001300117193675698,0.004689686889131268,0.0067623668801377644,0.0020726799910064965,0.0020726799910064965,5.367637757084751e-05,5.367637757084751e-05
high,97883,7029,90854,0.07181022240838553,0.008001626069403033,0.04165097168866327,0.11142739572505009,0.0754590066970695,0.973610308617004,0.0012160944417241746,0.006299374144944981,0.009249671050577842,0.00295029690563286,0.00295029690563286,2.9640792570836405e-05,2.9640792570836405e-05
hill,97883,1125,96758,0.01149331344564429,0.0017278460259308773,0.02054098116657548,0.1503348911610596,0.1167802491462696,0.8835443852647615,0.0006288309198214676,0.002080130221541268,0.001201039430918874,-0.0008790907906223938,0.0008790907906223938,-2.3392900400746908e-05,2.3392900400746908e-05
hip,97883,652,97231,0.006661013659164512,0.0009197862828478248,0.016451801325834188,0.13808503178526632,0.08703502170741095,0.9759925517394792,0.001194338994392284,0.0040677944314780855,0.000871374739509074,-0.0031964196919690114,0.0031964196919690114,-3.036574059424567e-05,3.036574059424567e-05
histori,97883,1013,96870,0.010349090240389035,0.0013634779207139323,0.016715243954408262,0.1317485778018182,0.1067597476919701,0.780797954038818,0.0004644901657417897,0.0003366972971258636,0.0015416951923535168,0.0012049978952276533,0.0012049978952276533,2.2385314379086027e-05,2.2385314379086027e-05
hit,97883,4227,93656,0.043184209719767476,0.0043735515994907746,0.02940732259896187,0.10127663856469257,0.069439151334665,0.9872664108398004,0.0011793753400895588,0.0011700782876015042,0.005886066208540885,0.004715987920939381,0.004715987920939381,5.995600135234543e-05,5.995600135234543e-05
hoe,97883,613,97270,0.006262578793048844,0.00074598681669472,0.013847580278289574,0.11911815265665461,0.0740610391279963,0.9557584362577676,0.0003423027443069105,0.0,0.0016830959237520739,0.0016830959237520739,0.0016830959237520739,1.4640026741764031e-05,1.4640026741764031e-05
hold,97883,12854,85029,0.13132004536027705,0.012986255218253836,0.04823460248335795,0.0988901213263062,0.06887003897411585,0.975334274984444,0.0019991612615859913,0.008406778289217404,0.013796919953431026,0.005390141664213623,0.005390141664213623,8.965699613370521e-05,8.965699613370521e-05
hole,97883,1854,96029,0.018940980558421788,0.0024831499219576565,0.022903720902210597,0.13109933323138148,0.10063330470110646,0.910022057913672,0.0006217117694412613,0.0012240190891628852,0.002383509067989851,0.0011594899788269658,0.0011594899788269658,2.1033742462011278e-05,2.1033742462011278e-05
holi,97883,1086,96797,0.01109487857952862,0.00183448776117471,0.022785898278406116,0.16534545628643108,0.12283578629302035,0.9429153958215144,0.0007695867371082362,0.00027857778305633577,0.0022546849550885498,0.001976107172032214,0.001976107172032214,2.640134903180375e-05,2.640134903180375e-05
home,97883,9922,87961,0.10136591645127346,0.01160967327189276,0.049910709896332194,0.11453231695955239,0.07564050219983165,0.950248260272636,0.0020217840654581294,0.007927865039793073,0.011337906112156302,0.003410041072363229,0.003410041072363229,-3.086818066588681e-05,3.086818066588681e-05
honest,97883,999,96884,0.01020606233973213,0.001384945391969502,0.01846392601679203,0.135698308110261,0.094499162598916,0.9064727921958204,0.0005384422849219664,0.0,0.0021936149920837103,0.0021936149920837103,0.0021936149920837103,7.606109324221202e-06,7.606109324221202e-06
honey,97883,1890,95993,0.019308766588682406,0.002993670962671786,0.028805026759702302,0.15504206076148272,0.10755344981166401,0.968280555254252,0.002252507213952876,0.006354635695036911,0.002700561193737954,-0.003654074501298957,0.003654074501298957,-0.00010184043944226392,0.00010184043944226392
hope,97883,7808,90075,0.07976870345208055,0.008162124405616452,0.037250607438759395,0.10232239026574733,0.07429225373327966,0.8927939302735124,0.0018437583405302355,0.001982640962249907,0.00875679214083658,0.006774151178586672,0.006774151178586672,9.413357376213234e-05,9.413357376213234e-05
hors,97883,733,97150,0.007488532227250901,0.0013096923776147156,0.019748800316436922,0.174893068210179,0.1284283355323573,0.9328881269028296,0.0006201425663742519,0.0006079179629598874,0.0012293597209342448,0.0006214417579743574,0.0006214417579743574,-8.151650211873682e-06,8.151650211873682e-06
hot,97883,2611,95272,0.026674703472513103,0.0030133488201264423,0.026633577143376476,0.11296653487569382,0.0739211803013608,0.9628499319800078,0.0011855151393054778,0.004190109173266977,0.0030825213405648935,-0.0011075878327020837,0.0011075878327020837,-4.801038586064251e-06,4.801038586064251e-06
hour,97883,2647,95236,0.02704248950277372,0.0032684653770499684,0.025026013300792474,0.12086407121336686,0.0930982355518531,0.8977119626531519,0.0006215500614179908,0.004506626242349744,0.002997494126109121,-0.0015091321162406233,0.0015091321162406233,3.726952566497502e-09,3.726952566497502e-09
hous,97883,3516,94367,0.035920435622120286,0.004262982307295502,0.030433109986135624,0.11867846905148055,0.08440923970281039,1.0,0.0008971086266593229,0.0014795464087789029,0.0044641790541690655,0.0029846326453901624,0.0029846326453901624,2.7602751027961254e-05,2.7602751027961254e-05
hug,97883,817,97066,0.008346699631192342,0.0012681282721992812,0.017557653604060443,0.15193170093963554,0.1130862392250015,0.9165543498317288,0.00039969584775169863,0.002624567102656913,0.0017572842774156861,-0.0008672828252412267,0.0008672828252412267,2.7435435934036033e-06,2.7435435934036033e-06
huh,97883,919,96964,0.009388760050264091,0.0013577620460022875,0.019996537954211722,0.1446156935243111,0.0892178291019848,0.9788393195420818,0.00036699893202480797,0.0,0.002037387365325739,0.002037387365325739,0.002037387365325739,7.177470530251412e-06,7.177470530251412e-06
human,97883,1849,96034,0.018889899165330036,0.002942321197418037,0.02848290297843044,0.15576161480090303,0.1129011074473001,0.9758873579060632,0.0013154082817975483,0.0,0.003325553415275113,0.003325553415275113,0.003325553415275113,5.3610701223400814e-05,5.3610701223400814e-05
hundr,97883,2407,95476,0.024590582634369605,0.002902672594248274,0.024770201804024828,0.1180400089500639,0.0842124176270969,0.90616798166533,0.0010348047584182493,0.005794869623681566,0.0035348456179414224,-0.0022600240057401434,0.0022600240057401434,-2.5435089775686677e-05,2.5435089775686677e-05
hurri,97883,697,97186,0.007120746196990284,0.0010926782316017394,0.016934759472515208,0.15344996175591546,0.1134696399064722,0.9216834702741687,0.0007379721488554935,0.001294687278000288,0.0009619935531782283,-0.0003326937248220597,0.0003326937248220597,-2.3933007282198915e-05,2.3933007282198915e-05
hurt,97883,5564,92319,0.05684337423250207,0.006587619933532982,0.03735239652912391,0.11589072644752138,0.07990446775881485,0.9754734782651656,0.0014193633851831374,0.001994690833871811,0.007185324312976133,0.005190633479104322,0.005190633479104322,6.715320217811492e-05,6.715320217811492e-05
ice,97883,1506,96377,0.015385715599235822,0.0019791936453965914,0.021319185326362677,0.12863838751152362,0.09507656863044045,0.9533288355819768,0.00047638928242454384,0.0011434102585817635,0.0021225653917445403,0.0009791551331627768,0.0009791551331627768,6.172183067091138e-06,6.172183067091138e-06
idea,97883,914,96969,0.009337678657172338,0.001352447253240827,0.017810920864235937,0.1448376307319167,0.11223372509088494,0.8639965851990814,0.0004109837313968632,0.0013842382994344062,0.0015852880418179285,0.0002010497423835223,0.0002010497423835223,1.4092743566460725e-05,1.4092743566460725e-05
ignor,97883,1336,96547,0.013648948234116241,0.0016768148039755602,0.017526068745881338,0.12285304151013453,0.09752200116955945,0.7731272627874208,0.0007021575492324138,3.9266322144575535e-05,0.0017667231051274102,0.0017274567829828346,0.0017274567829828346,3.330685465574183e-05,3.330685465574183e-05
illus,97883,964,96919,0.009848492588089862,0.0015071440669298447,0.018650394656205996,0.15303296960922613,0.1211671579169202,0.9346655997875846,0.0006124340803224383,0.0,0.0014039647232162054,0.0014039647232162054,0.0014039647232162054,2.048460168358572e-05,2.048460168358572e-05
imagin,97883,1576,96307,0.016100855102520358,0.0022314507159860706,0.02292253459132465,0.13859206245740138,0.10315511129526281,0.984422393886128,0.0007132509662450009,0.0005268054586357673,0.0024297220027311274,0.00190291654409536,0.00190291654409536,3.120231037136447e-05,3.120231037136447e-05
imma,97883,596,97287,0.006088902056536886,0.0008058971871071317,0.014562369895619343,0.13235509121746206,0.08538503617015261,0.805642615018436,0.000452103264646716,0.0,0.0013410809360351241,0.0013410809360351241,0.0013410809360351241,1.9241183234107887e-05,1.9241183234107887e-05
innoc,97883,1136,96747,0.011605692510446144,0.0016407924737705665,0.01955547873389445,0.14137824798422918,0.107463023264297,0.8835705754466748,0.0006523780694650086,0.0002939362899022994,0.0014176949651441325,0.0011237586752418332,0.0011237586752418332,2.5885455520069788e-05,2.5885455520069788e-05
insan,97883,1367,96516,0.013965652871285105,0.0018467794152483852,0.020175445100251113,0.13223724177231724,0.0985482781771015,0.9320137207976692,0.0006501128600721467,0.0,0.0017575182160453082,0.0017575182160453082,0.0017575182160453082,7.204614971973126e-06,7.204614971973126e-06
insid,97883,10078,87805,0.10295965591573614,0.010217282661819828,0.040601327706551414,0.09923578872662335,0.0719638656782656,1.0,0.003431083055435244,0.0031518111794301192,0.009719810294422947,0.0065679991149928275,0.0065679991149928275,0.00016397711929322465,0.00016397711929322465
instead,97883,1322,96561,0.013505920333459334,0.0016486988856323599,0.017842266130229986,0.12207230939663562,0.0933262425927491,0.8187607527409384,0.0003264227453997451,0.000768689259570456,0.0018651428664049898,0.0010964536068345338,0.0010964536068345338,6.891467725260269e-06,6.891467725260269e-06
jesus,97883,754,97129,0.007703074078236262,0.0013239838751998316,0.020128713659255868,0.17187733906655853,0.1180356260797367,0.8605852323257532,0.0005694739218332729,0.0011535600752258688,0.0011256975903307716,-2.786248489509719e-05,2.786248489509719e-05,-1.117098582990339e-05,1.117098582990339e-05
job,97883,938,96945,0.00958286934401275,0.0011182672650851568,0.014724171393377235,0.11669440800461664,0.09144806470198955,0.7908820383534992,0.00040072975712480144,0.00031802248008407097,0.0010583702582733577,0.0007403477781892867,0.0007403477781892867,-3.590891541502129e-06,3.590891541502129e-06
join,97883,811,97072,0.00828540195948224,0.0012504143139187027,0.017706166993171554,0.1509177611458747,0.113389537348125,0.8067083690693871,0.0005272334502204086,0.0002523990362915168,0.0009161769774935556,0.0006637779412020388,0.0006637779412020388,-3.4464529729915936e-06,3.4464529729915936e-06
joke,97883,912,96971,0.009317246099935637,0.0011941949110541394,0.015610605075687688,0.12817037333192144,0.09656275738899975,0.6475777039075925,0.0005132241934804521,0.0002338434122479584,0.001246224511270828,0.0010123810990228695,0.0010123810990228695,2.6059081118364618e-06,2.6059081118364618e-06
joy,97883,1380,96503,0.014098464493323661,0.0021020127870204444,0.022784207016324033,0.14909515770429146,0.11858262328955971,0.9472210835963318,0.0009291227161103079,0.0036233521676999883,0.0014314016856429553,-0.002191950482057033,0.002191950482057033,-2.4825779824765164e-05,2.4825779824765164e-05
jump,97883,1731,96152,0.01768437828836468,0.0022855343055138374,0.024542753672019635,0.12924029718463947,0.0867404765274869,0.999085472080024,0.00036980123221113265,0.0016989440655062228,0.0023162987546311376,0.0006173546891249148,0.0006173546891249148,-3.2996654254216977e-06,3.2996654254216977e-06
keep,97883,15592,82291,0.15929221621732068,0.014754808421940496,0.048978691306604684,0.09262730328147778,0.0634550973589982,0.8482885751355994,0.001652888064003071,0.00861984860090728,0.016601720693746172,0.007981872092838892,0.007981872092838892,6.354791418418612e-05,6.354791418418612e-05
key,97883,1621,96262,0.01656058764034613,0.001995965169245952,0.019644970569053663,0.1205250207657628,0.0909717546795196,0.8079519600029658,0.0006543230382116366,0.0,0.002065220296945358,0.002065220296945358,0.002065220296945358,2.7993591849692117e-05,2.7993591849692117e-05
kick,97883,1786,96097,0.018246273612373957,0.0020963739610699557,0.021734543839458494,0.1148932656390876,0.0818583727034702,0.96291221797173,0.00046276174932420106,0.0028357697848597854,0.001984546518757482,-0.0008512232661023033,0.0008512232661023033,-1.5347614921869897e-05,1.5347614921869897e-05
kid,97883,2624,95259,0.02680751509455166,0.0032089912869166133,0.02717329784127167,0.11970491392426023,0.08131890122938745,0.8325127184711281,0.0007472787344031423,0.0021837486007878215,0.0038711929817303883,0.0016874443809425667,0.0016874443809425667,2.3536917008229018e-05,2.3536917008229018e-05
kill,97883,4912,92971,0.05018236057333755,0.006394723354120377,0.03951579670989242,0.1274297040047567,0.08611601557435686,1.0,0.002042943939894693,0.0009756780494828951,0.006772070526813721,0.005796392477330826,0.005796392477330826,8.359879668750997e-05,8.359879668750997e-05
killer,97883,513,97370,0.0052409509312137965,0.0009574196600141358,0.018969951353086118,0.18268052355002662,0.1153700053298792,0.9852359268434798,0.00046488375760699735,0.00017850606506702383,0.0009456709151812335,0.0007671648501142097,0.0007671648501142097,1.48681747832258e-05,1.48681747832258e-05
kind,97883,4531,93352,0.04628995841974602,0.005068942222021619,0.03203324646604975,0.10950414290844011,0.0769848008447149,0.8803071364003638,0.0008453625164967616,0.004844049617993236,0.004987624023372945,0.00014357440537970858,0.00014357440537970858,-3.413269329079075e-05,3.413269329079075e-05
king,97883,1994,95889,0.020371259564990855,0.0030350350925893574,0.028874095225041408,0.14898612836906924,0.0995398044813844,0.9820026356455392,0.0007522607807881257,0.004890742224181068,0.0030556570722460527,-0.001835085151935015,0.001835085151935015,-6.66282430266045e-06,6.66282430266045e-06
kiss,97883,6474,91409,0.066140187775201,0.007522957140637439,0.03977821118707155,0.11374260330506866,0.07820691162422465,0.966706294872262,0.0018214748717694902,0.011492441543945348,0.006998438784830455,-0.004494002759114893,0.004494002759114893,-3.6681927228251004e-05,3.6681927228251004e-05
knee,97883,2262,95621,0.023109222234708786,0.002676721921026256,0.02195477733776493,0.11582916525013838,0.09087112755748195,0.8415842453843417,0.0004740735472014154,0.003011159567757401,0.002605118338961508,-0.0004060412287958926,0.0004060412287958926,-2.16500719037194e-06,2.16500719037194e-06
knife,97883,1179,96704,0.012044992491035215,0.001657109503935203,0.01925020114552413,0.13757663237802328,0.1071302536020152,0.9041261725225604,0.000642309459901991,0.0,0.0018337482719714077,0.0018337482719714077,0.0018337482719714077,1.8984016077927485e-05,1.8984016077927485e-05
knock,97883,1453,96430,0.014844252832463246,0.0020231957041516274,0.023362028343689053,0.1362948830760315,0.0936596225767247,0.9879418435576026,0.0006615019150455757,0.004646634019677338,0.001903089289126423,-0.002743544730550915,0.002743544730550915,-1.9819318932346408e-05,1.9819318932346408e-05
know,97883,44863,53020,0.4583329076550576,0.04106121584456786,0.07350779856289746,0.08958819050250398,0.0618092596218731,0.9543938584856768,0.0024766264413800853,0.03441484566198888,0.043276519155979146,0.008861673493990266,0.008861673493990266,5.7015495427389755e-05,5.7015495427389755e-05
la,97883,1567,96316,0.016008908594955202,0.006007646004772955,0.063254106921798,0.37526893036706516,0.2315565700239068,0.9970276353493276,0.0026807515238021396,0.0005092328752133786,0.005196385861860221,0.004687152986646842,0.004687152986646842,-5.921282155902247e-06,5.921282155902247e-06
ladi,97883,1836,96047,0.01875708754329148,0.0026698199632182026,0.02812709545971078,0.1423365944769539,0.0898826212927797,0.9781260392012352,0.0022846381128417415,0.004074546463205291,0.0017225398609195305,-0.0023520066022857606,0.0023520066022857606,-5.481979591553053e-05,5.481979591553053e-05
land,97883,3049,94834,0.031149433507350614,0.003948689023694933,0.028427077811900996,0.12676599793582524,0.0978155559659988,0.9361790856005352,0.00135538107980845,0.002121508918317905,0.003191138680848066,0.0010696297625301609,0.0010696297625301609,-3.3752805644792215e-06,3.3752805644792215e-06
last,97883,8177,89706,0.08353851026225187,0.008644513768220924,0.03875885411961449,0.10347938622658294,0.0745077785952284,0.8156217267826297,0.0009448920985357404,0.009472919897410047,0.008588320142141006,-0.0008845997552690416,0.0008845997552690416,1.5809628625157476e-05,1.5809628625157476e-05
late,97883,4508,93375,0.04605498401152396,0.0051656679859535416,0.03272625822769536,0.1121630611067193,0.0807039567765205,0.9261610874664774,0.000943970572236555,0.0044804564245440855,0.005686398882203047,0.0012059424576589617,0.0012059424576589617,6.805429082151046e-06,6.805429082151046e-06
later,97883,1104,96779,0.01127877159465893,0.001580493106805611,0.019548094808262896,0.14012989743972248,0.10011082629105594,0.8932396725245546,0.0004959705971475443,0.0,0.0016642149231550954,0.0016642149231550954,0.0016642149231550954,5.4006868486889905e-06,5.4006868486889905e-06
laugh,97883,3697,94186,0.03776958205204172,0.004239273180890449,0.02763089117739761,0.11224040485937241,0.0861259502708746,0.8827577093948535,0.001314506820871221,0.0054817516496524915,0.003724097561468567,-0.0017576540881839246,0.0017576540881839246,-5.113577917498367e-05,5.113577917498367e-05
law,97883,921,96962,0.009409192607500791,0.0013662055921306764,0.0188521260091874,0.14519902494519762,0.1084092752693436,0.9348058969192288,0.0007880939425498731,0.0003010898651355385,0.0010169211577424355,0.0007158312926068969,0.0007158312926068969,2.854260287392902e-07,2.854260287392902e-07
lay,97883,2451,95432,0.025040098893577025,0.0029576808587267692,0.024237730974057178,0.11811777865962969,0.0889730475205909,0.88221858510674,0.0006558001969051246,0.0031907665362470063,0.002820186215073497,-0.00037058032117350936,0.00037058032117350936,2.0941430862328503e-05,2.0941430862328503e-05
lead,97883,3272,94611,0.033427663639242766,0.0038961193588250252,0.02646436164881527,0.11655374425423898,0.0906619751284023,0.8147374744133266,0.0006541091799712946,0.004387985671370898,0.003625783676987792,-0.0007622019943831059,0.0007622019943831059,1.449700591318474e-05,1.449700591318474e-05
lean,97883,835,97048,0.00853059264632265,0.0011531841803305576,0.01646685556297902,0.13518218817161193,0.1005222886659945,0.9564212522114032,0.0005710635620367958,0.001751316490807278,0.0015616416079827216,-0.00018967488282455643,0.00018967488282455643,-1.3143514762411122e-05,1.3143514762411122e-05
learn,97883,4075,93808,0.04163133536977821,0.004924484423934136,0.031004198786354346,0.11828792855655092,0.0868053390487825,0.933067802304009,0.0007543320530382344,0.002865986644700808,0.004708028699682937,0.001842042054982129,0.001842042054982129,2.216541873799477e-05,2.216541873799477e-05
least,97883,1380,96503,0.014098464493323661,0.0017539348233276966,0.01831377971773943,0.12440608863172822,0.0974219274637581,0.7332257108761944,0.0004380405657982616,0.0009899444783311592,0.0021309166712332327,0.0011409721929020735,0.0011409721929020735,2.289180311619149e-05,2.289180311619149e-05
leav,97883,20225,77658,0.20662423505613844,0.018269161625179685,0.051556878578148974,0.08841732248986221,0.0625336255906313,0.9447002171806864,0.0023377709281626933,0.012828197519929597,0.01920545036015005,0.006377252840220454,0.006377252840220454,0.00010371904829835738,0.00010371904829835738
left,97883,1839,96044,0.018787736379146533,0.0022379325144864116,0.01966680100894279,0.11911666575066529,0.0969025885511214,0.7188281672337217,0.000408602181508358,0.0027109641575233895,0.0022784404749351906,-0.00043252368258819883,0.00043252368258819883,4.481150124108632e-06,4.481150124108632e-06
leg,97883,1168,96715,0.011932613426233361,0.0014713617746164825,0.016674896532871006,0.12330591145957635,0.09868271446327676,0.7698710116603156,0.0003755599013054534,0.0007226780262610015,0.0013856710275062713,0.0006629930012452698,0.0006629930012452698,1.766592843593209e-06,1.766592843593209e-06
less,97883,1613,96270,0.016478857411399324,0.002272866208030695,0.023062596726371665,0.13792620151312368,0.1002364429670417,0.9619982701038128,0.0007381092296554887,0.001046636386817166,0.002667451081027362,0.0016208146942101958,0.0016208146942101958,3.815036621020437e-05,3.815036621020437e-05
let,97883,23626,74257,0.24136979863714844,0.024522680359249673,0.06633524796729834,0.10159796502177414,0.0658956813828039,0.9264805566010909,0.0035197000229881263,0.01731166618690956,0.027006100821765102,0.009694434634855541,0.009694434634855541,0.0001783239845106786,0.0001783239845106786
letter,97883,1180,96703,0.012055208769653566,0.001694324553393095,0.019757542524466567,0.1405470934404884,0.10306807682191041,0.8877059368771837,0.0008974300746417867,0.00048037174523441714,0.0013360253849824934,0.0008556536397480762,0.0008556536397480762,-1.8839708542845873e-05,1.8839708542845873e-05
liar,97883,579,97304,0.005915225320024928,0.00107973233627548,0.019337025158158633,0.1825344391565679,0.1273175252219919,0.9263790407210531,0.0004835378740808643,0.0,0.0009785161954246485,0.0009785161954246485,0.0009785161954246485,2.2513006257143434e-05,2.2513006257143434e-05
lie,97883,11896,85987,0.1215328504438973,0.011753562948037895,0.04516911840696746,0.09671099546425631,0.06825634069078325,0.9708070188310896,0.002303718920284716,0.0042030302815852585,0.011390572057772844,0.007187541776187585,0.007187541776187585,0.0001007118898918856,0.0001007118898918856
life,97883,21371,76512,0.2183320903527681,0.0203131107689971,0.05487100597607441,0.09303767822758613,0.0658582593691764,0.9686455018315168,0.004642927536691038,0.008042158805812981,0.019439598151102962,0.011397439345289981,0.011397439345289981,0.00018217821639395762,0.00018217821639395762
lift,97883,1195,96688,0.012208452948928823,0.0018692680277099197,0.02251967557469698,0.1531126044822846,0.1115650914026679,0.9486747601631148,0.0005468941648326795,0.0011700599642851042,0.0020819611577270907,0.0009119011934419865,0.0009119011934419865,2.6160537441436183e-05,2.6160537441436183e-05
light,97883,14532,83351,0.14846296088186917,0.014248592757533695,0.04811030029943047,0.09597405758915983,0.06812218455904145,0.9558273535656184,0.0035487125731510855,0.0037496637445824446,0.015941634626705403,0.012191970882122958,0.012191970882122958,0.0001757571325455796,0.0001757571325455796
like,97883,37780,60103,0.3859710062012811,0.03326278402769791,0.06537896999330262,0.08617948885609195,0.059665137907565446,0.9004764331181475,0.004403538067082649,0.021464912751560566,0.03925343159817815,0.017788518846617585,0.017788518846617585,0.0002299853240759559,0.0002299853240759559
line,97883,5827,92056,0.059530255509128244,0.006151044040136105,0.032750853143314766,0.10332635039997294,0.0756787159472848,0.979219638988564,0.0009520625849174657,0.006664783494250045,0.006126994358626022,-0.0005377891356240228,0.0005377891356240228,2.111386886095993e-05,2.111386886095993e-05
lip,97883,2832,95051,0.02893250104716856,0.003179901970046762,0.02359332092287518,0.10990760753322289,0.0840872721018216,0.9007396286338356,0.0010868683701728045,0.004874513364907949,0.003222070343826062,-0.001652443021081887,0.001652443021081887,-5.381486067822385e-06,5.381486067822385e-06
listen,97883,4787,93096,0.04890532574604375,0.005163513537922889,0.031233975286877422,0.10558182486578363,0.0745558921023232,0.9471123044315384,0.0012216500081163892,0.0006107948758321792,0.0053088984153752085,0.0046981035395430295,0.0046981035395430295,2.252742021585168e-05,2.252742021585168e-05
littl,97883,10704,87179,0.10935504633082353,0.011949062280565675,0.04836920060719978,0.10926850366298674,0.07396676785027301,0.9943648998331284,0.003301343740476552,0.02155256585317007,0.011238647948848844,-0.010313917904321224,0.010313917904321224,-0.00015409726497040533,0.00015409726497040533
live,97883,14445,83438,0.1475741446420727,0.0149903780182429,0.05125972594952272,0.10157862039180823,0.0706322289874402,0.912300945642288,0.0035577438338984537,0.006145556176329203,0.01424540952975474,0.008099853353425538,0.008099853353425538,0.00010559913827195978,0.00010559913827195978
livin,97883,777,97106,0.007938048486458323,0.0010863664968307866,0.01681677914146476,0.13685561365416718,0.0915807313537192,0.941547137279772,0.0007396406627237228,0.0007581851253184535,0.0009152122610940566,0.00015702713577560312,0.00015702713577560312,-4.601163478301175e-06,4.601163478301175e-06
load,97883,781,97102,0.007978913600931725,0.0010864998974457858,0.015895738824321052,0.13617140776144154,0.1031078066039992,0.8937402720967028,0.0004835876046500532,0.0,0.0009048936871672488,0.0009048936871672488,0.0009048936871672488,-3.531694847763246e-06,3.531694847763246e-06
lock,97883,1926,95957,0.019676552618943025,0.002174080963450856,0.0195484424827273,0.11049094856981316,0.08525897625840095,0.9964488895220094,0.0006034187090361164,0.0003774449230928355,0.002385142199481493,0.0020076972763886577,0.0020076972763886577,2.0836384249857286e-05,2.0836384249857286e-05
lone,97883,3552,94331,0.0362882216523809,0.0049309853139769665,0.03578638046351564,0.13588390638738948,0.0911452204260524,0.9858804169312876,0.002212233746907214,0.0124166650415624,0.004755281583739065,-0.007661383457823335,0.007661383457823335,-0.00010235764283578173,0.00010235764283578173
loneli,97883,827,97056,0.008448862417375847,0.0013874159812806005,0.01915096144033117,0.164213347636867,0.1257105098686946,0.866490648013623,0.0005180275031988253,0.0,0.0011416150716387985,0.0011416150716387985,0.0011416150716387985,1.6316593364859405e-05,1.6316593364859405e-05
long,97883,13651,84232,0.1394624194191024,0.013784997198597238,0.04875152360916774,0.09884381223282494,0.0691043575392547,0.9720027501510252,0.0022143886014992847,0.014140122307727349,0.01306293133412938,-0.0010771909735979683,0.0010771909735979683,-8.13638664729906e-05,8.13638664729906e-05
look,97883,21092,76791,0.21548174861824831,0.017842393763025766,0.049938780993577805,0.08280234348123701,0.05759136746370145,0.929077749713443,0.00230917280106735,0.013851035696532628,0.018345931185342,0.004494895488809374,0.004494895488809374,3.2737994769190966e-05,3.2737994769190966e-05
lookin,97883,1186,96697,0.012116506441363669,0.001466547476022694,0.01907794043930399,0.12103715564547166,0.07733753607477295,0.9686654695353492,0.0009384807049442354,0.001894188346915275,0.0014139892608485553,-0.00048019908606671967,0.00048019908606671967,-3.446599478282856e-05,3.446599478282856e-05
loos,97883,1017,96866,0.010389955354862437,0.0014129341356302885,0.017989092562885122,0.1359903952781706,0.1036581364436064,0.8191340026985537,0.0006477613797448074,0.00015832897178154099,0.0014812862636797775,0.0013229572918982365,0.0013229572918982365,1.0945659988466974e-05,1.0945659988466974e-05
lord,97883,2045,95838,0.020892289774526732,0.0034644563202324346,0.03199755531324243,0.1658246347155557,0.1147857379559569,0.9051875265828938,0.0025808255506479007,0.005092168561820307,0.002697249952750153,-0.0023949186090701535,0.0023949186090701535,-0.00010856730219189448,0.00010856730219189448
lose,97883,14709,83174,0.15027124219731722,0.014245115073968122,0.04789754946073456,0.09479601596201113,0.0671893983565172,0.9130296532691456,0.0028245191686603614,0.006917155454209728,0.01528090008745514,0.008363744633245412,0.008363744633245412,0.00015347792461913775,0.00015347792461913775
lot,97883,3311,94572,0.03382609850535844,0.0037685808179500463,0.02688313087860937,0.11141044886843987,0.080340509996824,0.913019449314753,0.001112526226021279,0.005688091426985739,0.004202891215748079,-0.0014852002112376592,0.0014852002112376592,-4.978158065471766e-05,4.978158065471766e-05
loud,97883,1981,95902,0.0202384479429523,0.002342052393716374,0.021240732706842187,0.11572292501470964,0.0877234942031496,0.9159182434671058,0.00044363859728402025,0.0016133442446679745,0.0024902650748769625,0.0008769208302089879,0.0008769208302089879,1.7024419913006878e-05,1.7024419913006878e-05
love,97883,34299,63584,0.3504081403308031,0.04620347920707977,0.10253997969602507,0.1318561810906029,0.0820768025009731,0.9974761779446608,0.008934079236834229,0.0704214276773716,0.043697987316867005,-0.026723440360504593,0.026723440360504593,-0.00044026535843330654,0.00044026535843330654
lover,97883,2526,95357,0.025806319789953312,0.003814425213944837,0.032359318662402804,0.1478097320730651,0.0984257126750942,0.9839534904690456,0.0015034932312556197,0.011334530560179183,0.0033146150178351157,-0.008019915542344068,0.008019915542344068,-5.640567952604543e-05,5.640567952604543e-05
low,97883,2657,95226,0.027144652288957224,0.0034707926310269814,0.028863591204288514,0.12786285099842454,0.0915466781409702,0.9748257828732524,0.0005172180685656927,0.004265868766915089,0.00425508064588411,-1.0788121030978932e-05,1.0788121030978932e-05,5.5145547438637775e-06,5.5145547438637775e-06
luck,97883,1227,96656,0.012535373864716039,0.001718060934726479,0.01968666795976264,0.13705701587109367,0.1036202204593236,0.7820738252393672,0.0004071033319660046,0.0008399435092029358,0.0018947237508511697,0.001054780241648234,0.001054780241648234,9.849927736082181e-06,9.849927736082181e-06
lucki,97883,771,97112,0.00787675081474822,0.001373886180913249,0.0209906546251678,0.17442295855555326,0.1161341632181688,0.9561816395417544,0.00047430951975743616,0.0031988458187443055,0.0011463946367603738,-0.0020524511819839317,0.0020524511819839317,-8.014955712877108e-06,8.014955712877108e-06
machin,97883,1110,96773,0.011340069266369032,0.0017599494510705646,0.0218075225009799,0.1551974163235496,0.11374389945855826,0.9949777727891396,0.0006109545444471386,0.0006946399506260165,0.001580683217387003,0.0008860432667609864,0.0008860432667609864,4.204596230635264e-06,4.204596230635264e-06
mad,97883,2253,95630,0.02301727572714363,0.0028885495380634426,0.02657687665584206,0.12549484883899867,0.088246150190326,0.9614406064003946,0.0006869818413638197,0.0035935916755979423,0.003177221891870734,-0.00041636978372720833,0.00041636978372720833,5.28683720119625e-06,5.28683720119625e-06
magic,97883,1513,96370,0.015457229549564275,0.0023692791609332834,0.025796023003326677,0.15327967753445643,0.1036679077010056,0.9677296713216011,0.0008347710497994453,0.003654446173950777,0.002346511804695368,-0.001307934369255409,0.001307934369255409,-2.734108301264189e-05,2.734108301264189e-05
make,97883,31512,66371,0.3219353718214603,0.025488988571177346,0.055748201089938505,0.07917424055320361,0.055397751585420096,0.9005466417764141,0.0028565330596853847,0.016723762342494463,0.025952408132646074,0.009228645790151611,0.009228645790151611,0.00012267674593046196,0.00012267674593046196
mama,97883,1326,96557,0.013546785447932736,0.00210713560480056,0.026616585371653873,0.15554506365361478,0.0928473237081254,0.9692121486267335,0.0022699409870264083,0.005383765212295126,0.0018573877640783488,-0.0035263774482167777,0.0035263774482167777,-7.540705278968906e-05,7.540705278968906e-05
man,97883,12031,85852,0.12291204805737461,0.012825991991351737,0.049858734335174466,0.10435097449002427,0.0706971832499864,0.980736480382416,0.00514968226476444,0.016345282611159785,0.010244659675156436,-0.0061006229360033495,0.0061006229360033495,-0.00024634358314167584,0.00024634358314167584
mani,97883,5017,92866,0.05125506982826435,0.00576814300315201,0.03321205261924465,0.11253799911850271,0.0830663551438356,1.0,0.0011544863915837556,0.003376435043368281,0.0057357181150653365,0.0023592830716970556,0.0023592830716970556,-2.658670444734273e-05,2.658670444734273e-05
march,97883,673,97210,0.006875555510149873,0.001205939876283144,0.01849478497331898,0.17539526435397174,0.1367858568798007,0.9646489505981088,0.000469936699600155,0.0,0.0009387995512393441,0.0009387995512393441,0.0009387995512393441,5.264725758219946e-06,5.264725758219946e-06
mari,97883,425,97458,0.004341918412798954,0.0010716690563070989,0.022193322300484798,0.24681925232590063,0.1542983295333901,0.996154386127081,0.001111544607244005,0.0006734955464444783,0.0007252640094370713,5.1768462992593045e-05,5.1768462992593045e-05,-4.1518938358578866e-05,4.1518938358578866e-05
mark,97883,1065,96818,0.010880336728543261,0.0014736599583851364,0.017391104383791857,0.1354424954991665,0.1081724409044954,0.7859836424509079,0.00043124653884994273,0.0009350726545208642,0.0015555158347655956,0.0006204431802447314,0.0006204431802447314,1.5897403538122667e-05,1.5897403538122667e-05
marri,97883,673,97210,0.006875555510149873,0.00111864358583664,0.018093621162062014,0.16269864801255252,0.1103497393084183,0.8933933838126566,0.0005707554100504276,0.00020666204016928685,0.0008566601535678864,0.0006499981133985995,0.0006499981133985995,-9.473626411302302e-06,9.473626411302302e-06
matter,97883,4190,93693,0.04280620741088851,0.005243038567082746,0.03338115709936996,0.12248313700758007,0.0853292772843253,0.950597237424706,0.0007877812852149293,0.0055916853182538745,0.005747673494395003,0.00015598817614112873,0.00015598817614112873,3.1429543861529685e-05,3.1429543861529685e-05
may,97883,7965,89918,0.08137265919516157,0.008315199139194377,0.037495537112629124,0.10218664624504244,0.0742078559909073,0.8562387833452706,0.002236996421595993,0.020920944952489022,0.008014020422698016,-0.012906924529791006,0.012906924529791006,-6.884945312244108e-05,6.884945312244108e-05
mayb,97883,5759,92124,0.05883554856308041,0.007298539857286847,0.04096641929622881,0.12404983102115098,0.0842876731343276,0.9812224254386775,0.0014667961363487674,0.0038036133555029903,0.00851416460549591,0.004710551249992919,0.004710551249992919,7.456027275281972e-05,7.456027275281972e-05
mean,97883,7735,90148,0.07902291511294096,0.007968859079036605,0.037171365689029234,0.10084238309416159,0.0719511337234615,0.895390861348905,0.0008459509938406761,0.008195593115246891,0.007941383224158173,-0.00025420989108871847,0.00025420989108871847,2.37925875534559e-05,2.37925875534559e-05
meet,97883,5502,92381,0.05620996495816434,0.0057300183181682365,0.0314790072890258,0.10193954617180324,0.07549939744590185,0.9309470962482264,0.0008827344700175446,0.005849830025661537,0.006034180796478863,0.00018435077081732643,0.00018435077081732643,-3.210663648007489e-05,3.210663648007489e-05
melodi,97883,673,97210,0.006875555510149873,0.001075029208577616,0.01673028223361088,0.1563552511488897,0.1127373943036261,0.97533682747586,0.00040960287641929604,0.0001650148121974838,0.0011204309544971239,0.0009554161422996401,0.0009554161422996401,6.398108265849081e-06,6.398108265849081e-06
melt,97883,1059,96824,0.010819039056833159,0.001528385394021832,0.018572346070133455,0.14126812797265248,0.1112556581774507,0.9921092821832526,0.00033873993594071996,0.0004801929342289816,0.0018107343705374293,0.0013305414363084477,0.0013305414363084477,1.42868985831859e-05,1.42868985831859e-05
memori,97883,3868,94015,0.03951656569577965,0.004604936624824694,0.028603071376336123,0.11653180239082615,0.090668207978882,0.932846145330152,0.0007746656553516212,0.0036287166125219925,0.004975134376767823,0.0013464177642458302,0.0013464177642458302,2.383937731462561e-05,2.383937731462561e-05
merci,97883,708,97175,0.00723312526179214,0.0012907119587568681,0.020092669125692374,0.17844457437711655,0.12720727917870428,0.9415312306276362,0.0005435299861317047,0.00029036767802632387,0.00118056683646003,0.0008901991584337062,0.0008901991584337062,5.3167433786858585e-06,5.3167433786858585e-06
mess,97883,2025,95858,0.020687964202159723,0.002523012685435138,0.02324604269421402,0.12195558058688771,0.0884728701357877,0.8844040058577123,0.0006669345570663943,0.0029809665676011877,0.0030346742457004884,5.370767809930073e-05,5.370767809930073e-05,2.124699301720433e-05,2.124699301720433e-05
messag,97883,926,96957,0.009460274000592545,0.0012846332801298003,0.017495545206578544,0.13579239671592358,0.0958542788249667,0.9848164004725508,0.0005825570161321823,0.0018547919449958033,0.0015238330330401588,-0.0003309589119556446,0.0003309589119556446,-1.6815954260278806e-06,1.6815954260278806e-06
middl,97883,1403,96480,0.014333438901545722,0.0019823682480226462,0.022088618242949373,0.1383037428518893,0.100863045057097,0.9569538369816358,0.0006116931760312189,0.0,0.0024583797423583303,0.0024583797423583303,0.0024583797423583303,2.0514912577568492e-05,2.0514912577568492e-05
midnight,97883,880,97003,0.008990325184148423,0.0015604919374412897,0.022204112895239148,0.17357458217337018,0.1178509809506099,0.967043705182692,0.001040912160663774,0.0024008180652436853,0.0014473866690968276,-0.0009534313961468577,0.0009534313961468577,-2.8995112621040124e-05,2.8995112621040124e-05
mile,97883,1652,96231,0.016877292277514992,0.0023421983766571974,0.023465988287508465,0.13877808940819397,0.10272123496795979,0.9799934086106714,0.0008517167060875958,0.000861360518243136,0.0020898492753002006,0.0012284887570570644,0.0012284887570570644,-2.3129299945328586e-05,2.3129299945328586e-05
million,97883,1788,96095,0.018266706169610656,0.002328930573562452,0.023187373563803973,0.12749592356376593,0.09040280306997195,0.9667009496363638,0.0005175324635946394,0.003500266449471698,0.0023182434651288684,-0.0011820229843428295,0.0011820229843428295,3.1293536600284888e-06,3.1293536600284888e-06
mind,97883,13973,83910,0.14275206113421124,0.01341667861403416,0.047168168613313806,0.09398588368836366,0.0660499755515115,0.9434132750249086,0.002500848120069484,0.006655189683880292,0.014230485931015485,0.007575296247135192,0.007575296247135192,5.1678283721763635e-05,5.1678283721763635e-05
mine,97883,4828,93055,0.04932419316939612,0.006046315054935907,0.03652453887684096,0.12258315172375547,0.08597658978477744,0.993754398282534,0.001679360375287868,0.012036701328987567,0.005850972057293504,-0.006185729271694062,0.006185729271694062,-4.540837186952373e-05,4.540837186952373e-05
minut,97883,1755,96128,0.01792956897520509,0.002238813937237409,0.022875718067804612,0.12486713653482011,0.0851137609376145,0.9530133098868462,0.00048375602843521876,0.001475134291605403,0.0021687407805638143,0.0006936064889584113,0.0006936064889584113,3.7110324973534996e-06,3.7110324973534996e-06
miracl,97883,568,97315,0.005802846255223072,0.0011330823549449904,0.020349623030398972,0.19526320448781775,0.13063068521005095,0.9600758144878444,0.0005057436365721273,0.0009590876825144127,0.0012362254758681258,0.00027713779335371313,0.00027713779335371313,1.7456028967962415e-05,1.7456028967962415e-05
mirror,97883,1971,95912,0.020136285156768796,0.0024745140885612913,0.022601809829921892,0.12288831178622267,0.0927281632220985,0.8952490746063597,0.0008216928905393154,0.0002018166547116217,0.0027331919256135587,0.002531375270901937,0.002531375270901937,3.5791616947060066e-05,3.5791616947060066e-05
miseri,97883,812,97071,0.008295618238100589,0.0013143846650927526,0.01816084717687671,0.15844324405575605,0.12521340056317676,0.8454738750556394,0.000924323489747777,0.000427129860716208,0.0011576569915359566,0.0007305271308197486,0.0007305271308197486,-1.0431986359565633e-05,1.0431986359565633e-05
miss,97883,5208,92675,0.0532063790443693,0.006769270855106126,0.04098509959645465,0.1272266780165808,0.08297439483007266,0.9658588169174076,0.0011307799896535047,0.005744930931828104,0.007847920267589561,0.0021029893357614573,0.0021029893357614573,3.822940227028143e-05,3.822940227028143e-05
mistak,97883,2253,95630,0.02301727572714363,0.0027947865593099517,0.023131495807906553,0.12142125733907501,0.0939701256230765,0.9563082416374428,0.0008305085730160166,0.0011550381032045217,0.003000986777320156,0.0018459486741156342,0.0018459486741156342,4.192266821042582e-05,4.192266821042582e-05
mmm,97883,533,97350,0.005445276503580805,0.0008880301835588897,0.01759569294383418,0.16308266127072193,0.0994025849534812,0.9891526495149604,0.00039737349193974064,0.0,0.0009676923294431804,0.0009676923294431804,0.0009676923294431804,-9.502802239493963e-06,9.502802239493963e-06
mom,97883,802,97081,0.008193455451917084,0.0010711898903649076,0.01678391819039068,0.13073725690597038,0.0872344968465313,0.9354860402411876,0.0003676657200937201,0.0,0.001255234344882324,0.001255234344882324,0.001255234344882324,1.416154264182557e-05,1.416154264182557e-05
moment,97883,4081,93802,0.041692633041488306,0.0049452932692726674,0.030878642077547442,0.1186131195972106,0.0869994445515413,0.7543010438282984,0.0013862890628039087,0.008560055192725095,0.0056572677597454685,-0.0029027874329796265,0.0029027874329796265,3.434241405543474e-05,3.434241405543474e-05
money,97883,3839,94044,0.039220293615847494,0.004555247660409985,0.03329455505218218,0.11614516976918741,0.0770609437195701,1.0,0.0011925416409881448,0.007212894360958878,0.005748967159684748,-0.0014639272012741305,0.0014639272012741305,-4.4941382107862674e-05,4.4941382107862674e-05
moon,97883,3576,94307,0.03653341233922131,0.004807313326584704,0.03276480887525882,0.13158675904532735,0.0965271048826119,0.9397090868773572,0.0020776766528234777,0.01698989984902231,0.004444562461034572,-0.01254533738798774,0.01254533738798774,-6.045086637353625e-05,6.045086637353625e-05
moonlight,97883,733,97150,0.007488532227250901,0.0012537200856918703,0.01829041834696373,0.16741866732302502,0.1252389388806663,0.9727211507164344,0.0004894130602790748,0.0027457033810306735,0.0010550915921020822,-0.0016906117889285914,0.0016906117889285914,-6.2431996845016365e-06,6.2431996845016365e-06
morn,97883,4589,93294,0.04688250257961035,0.00550178487711457,0.03335544089127894,0.11735262783321106,0.0855687567921253,0.9217364746129746,0.0021515886799472975,0.006641623101156342,0.005351749116516603,-0.001289873984639739,0.001289873984639739,-5.086639945437186e-05,5.086639945437186e-05
mother,97883,2723,95160,0.027818926677768356,0.0035833159949020576,0.028518343384994486,0.12880856391075948,0.0926291677694444,0.9496802466995083,0.0011890603907809127,0.001268944501219547,0.003661820615984725,0.002392876114765178,0.002392876114765178,-3.6151060802326796e-05,3.6151060802326796e-05
motherfuck,97883,656,97227,0.006701878773637915,0.0009047222070631622,0.015509323957111942,0.1349953106615297,0.08823407785402425,0.7762329254321396,0.0004393666783402197,0.0,0.0016032719336941214,0.0016032719336941214,0.0016032719336941214,2.148873896813778e-05,2.148873896813778e-05
mountain,97883,1739,96144,0.017766108517311485,0.0026236667964229924,0.02491077394178864,0.14767819265915572,0.1139456436585732,0.941437660371178,0.0006884282851676491,0.0025380154417173296,0.002222716211747357,-0.00031529922996997254,0.00031529922996997254,-4.664251079592462e-06,4.664251079592462e-06
mouth,97883,3179,94704,0.03247754972773618,0.0036615508026626572,0.02580892336684081,0.11274098056528119,0.0855443989083638,0.8409655965678126,0.0010908118322654364,0.001139975947652353,0.004253008379759456,0.0031130324321071027,0.0031130324321071027,5.261570530154687e-05,5.261570530154687e-05
move,97883,7587,90296,0.0775109058774251,0.007947438002985661,0.039105243887464516,0.1025331585667913,0.0709349127162168,0.969028711003748,0.0018261377828331503,0.0023240062025090442,0.008221024171045801,0.005897017968536757,0.005897017968536757,6.771457520238577e-05,6.771457520238577e-05
movi,97883,1019,96864,0.01041038791209914,0.0013053836766218855,0.016927858002532655,0.12539241454247305,0.093193854738798,0.9042130369896548,0.000379475405415479,0.0007112761651975147,0.0014598946293880785,0.0007486184641905639,0.0007486184641905639,2.2356220126195636e-06,2.2356220126195636e-06
mr,97883,575,97308,0.005874360205551526,0.0011740980598534442,0.022269160488523853,0.19986824416110377,0.1085312479966377,0.9838143909688232,0.0012755766417397246,0.002284485774823896,0.0007467786147056024,-0.0015377071601182938,0.0015377071601182938,-4.623351124193363e-05,4.623351124193363e-05
much,97883,10764,87119,0.10996802304792457,0.01088093753894453,0.04314321649772929,0.09894637765928165,0.0708630165968913,0.9819639217883755,0.0016999005743600101,0.004261856935009481,0.011101683197983296,0.006839826262973815,0.006839826262973815,4.02590831570281e-05,4.02590831570281e-05
murder,97883,774,97109,0.007907399650603272,0.0012224612802976928,0.019216210278647075,0.15459712855216934,0.10532173501447756,0.9600760297059364,0.0006247661885473084,0.0,0.001136641771651441,0.001136641771651441,0.001136641771651441,1.5416732027178748e-05,1.5416732027178748e-05
music,97883,2573,95310,0.026286484885015785,0.0035877506884295107,0.031353616089648054,0.13648651404412973,0.0890270183901748,0.9576972005807995,0.001526280396464412,0.008214596293199159,0.0030270833711199406,-0.0051875129220792186,0.0051875129220792186,-5.0504909406570654e-05,5.0504909406570654e-05
must,97883,5028,92855,0.051367448893066214,0.006179002632965799,0.03570392966606712,0.12029023761388054,0.08638796677705995,0.8261509767012204,0.001826344677818858,0.007543738729129633,0.004612540024576856,-0.0029311987045527767,0.0029311987045527767,-5.319178058764359e-05,5.319178058764359e-05
mysteri,97883,992,96891,0.010134548389403676,0.0015615217904881322,0.019845178295155287,0.15407906997817525,0.11674072592083726,0.8595178684594759,0.0007234031463729989,0.0012655428533278037,0.0013061257130588177,4.058285973101397e-05,4.058285973101397e-05,3.7814338803625716e-06,3.7814338803625716e-06
na,97883,545,97338,0.005567871847001011,0.002997869922059378,0.04730128869403439,0.5384229386806203,0.5490787177738771,0.9986928920172982,0.0011826217113935268,0.0,0.002729895082317103,0.002729895082317103,0.002729895082317103,4.032861888434402e-05,4.032861888434402e-05
nah,97883,437,97446,0.00446451375621916,0.0007691774539545567,0.018226394665683224,0.1722869490284528,0.0894604857134794,0.9883200662722152,0.00029850749832656284,0.0,0.0013455977055535503,0.0013455977055535503,0.0013455977055535503,9.81648785143831e-06,9.81648785143831e-06
nake,97883,858,97025,0.008765567054544711,0.0012869131519584235,0.01816343573674609,0.14681459213653422,0.10918020248407945,0.9560941787180596,0.0004944919469303644,0.0,0.0015193956145625094,0.0015193956145625094,0.0015193956145625094,1.8189974242674803e-05,1.8189974242674803e-05
name,97883,7053,90830,0.07205541309522594,0.007432842811092981,0.036808503307218556,0.1031545374845051,0.0740006198688409,0.9121836169705604,0.0012573848425203949,0.004513405107094121,0.007651310023557543,0.003137904916463422,0.003137904916463422,1.6805828795399287e-05,1.6805828795399287e-05
natur,97883,1382,96501,0.014118897050560363,0.002138933201965958,0.02368598362565033,0.1514943549985773,0.1111180343606916,0.9847521296437672,0.0008277894320596522,0.0,0.0021072945805158854,0.0021072945805158854,0.0021072945805158854,9.129548759152843e-06,9.129548759152843e-06
near,97883,2265,95618,0.023139871070563835,0.0028220226343880104,0.022894818381687724,0.12195498521933847,0.0977639365421034,0.909036238571354,0.0014883656133796235,0.010455976997617215,0.0021941784666779864,-0.008261798530939229,0.008261798530939229,-6.629124592042826e-05,6.629124592042826e-05
neck,97883,1273,96610,0.013005322681160161,0.0015101662751294982,0.016644066773482426,0.11611909309387326,0.0902949773524754,0.9385115697069216,0.00047498115501675705,0.0020378111328444707,0.0019419218162934702,-9.588931655100052e-05,9.588931655100052e-05,1.3393600326140783e-05,1.3393600326140783e-05
nee,97883,3475,94408,0.035501568198767916,0.0038101572332212737,0.025634563549366645,0.1073236317868771,0.0809146784684569,0.82806338999117,0.0008215631068807163,0.0009716519637563901,0.004362323793933059,0.0033906718301766683,0.0033906718301766683,4.0090509388504966e-05,4.0090509388504966e-05
need,97883,15741,82142,0.1608144417314549,0.0160709011167017,0.05446556170370409,0.09993443961667699,0.0659665356463921,1.0,0.0026963380043300983,0.007001525077069364,0.01729952113269332,0.010297996055623957,0.010297996055623957,8.882730041775423e-05,8.882730041775423e-05
never,97883,26433,71450,0.27004689271885823,0.025315253415070682,0.06317602164532916,0.09374391669607551,0.063370972054565,0.9148295405170156,0.003353495913157766,0.025941229613080742,0.02561572935472718,-0.00032550025835356364,0.00032550025835356364,0.0001595045066410672,0.0001595045066410672
new,97883,7816,90067,0.07985043368102734,0.008361309870849898,0.03942359347856811,0.10471214100414541,0.074773157046143,1.0,0.001153665399609229,0.010125174343970578,0.008692794605051912,-0.0014323797389186668,0.0014323797389186668,-2.8523307353420087e-05,2.8523307353420087e-05
news,97883,1058,96825,0.010808822778214808,0.0013630009324087946,0.017832429371570164,0.1261007752995936,0.09047295121761495,0.978047942923101,0.0008069402128711224,0.0022345679805648713,0.0013317788253595971,-0.0009027891552052742,0.0009027891552052742,-3.461357747733149e-05,3.461357747733149e-05
next,97883,3464,94419,0.03538918913396606,0.0038732012459853963,0.027355066255235604,0.1094458884413362,0.0781642791967203,0.8837255955780967,0.0007097763322350608,0.0004456323037428844,0.004117132842008789,0.0036715005382659044,0.0036715005382659044,2.268473054516416e-05,2.268473054516416e-05
nice,97883,1855,96028,0.01895119683704014,0.002335049453625437,0.02304165318419524,0.12321382515860843,0.0879014570517519,0.952654959113262,0.000618982628258794,0.00085826410081357,0.0024453250945902015,0.0015870609937766315,0.0015870609937766315,3.951136624355093e-06,3.951136624355093e-06
nigga,97883,1525,96358,0.015579824892984482,0.003859637547478192,0.0401354812244292,0.24773305053102151,0.1817737233946922,0.9825342835675565,0.0018757932479813708,0.0,0.008863287399711386,0.008863287399711386,0.008863287399711386,7.468986352920168e-05,7.468986352920168e-05
night,97883,18164,79719,0.1855684848237181,0.016972766123355867,0.05256594514598816,0.09146362400641062,0.06244592200435175,1.0,0.00290872730966376,0.0182316189600135,0.017121864626607752,-0.0011097543334057484,0.0011097543334057484,-5.6975283173102286e-05,5.6975283173102286e-05
nightmar,97883,778,97105,0.007948264765076674,0.0012144550373638264,0.01712779366406825,0.1527949902600044,0.1159657604360586,0.8946700955916339,0.0005880131527894401,0.0,0.0013425634425137268,0.0013425634425137268,0.0013425634425137268,2.1149623350404037e-05,2.1149623350404037e-05
nine,97883,1242,96641,0.012688618043991295,0.0016643224012217182,0.02004176379137205,0.13116656167374027,0.09463010507785061,0.995407100156721,0.0005693893853008794,0.0014059718744210484,0.0017119543327231625,0.00030598245830211414,0.00030598245830211414,-1.0866807342227508e-07,1.0866807342227508e-07
nobodi,97883,3643,94240,0.037217903006650795,0.005074081881039645,0.03699528683945638,0.1363344377605829,0.0867111328241549,0.96569313807404,0.0011135088434508817,0.004044576530102764,0.005459365981555743,0.0014147894514529788,0.0014147894514529788,-2.7285438938102574e-05,2.7285438938102574e-05
nois,97883,995,96888,0.010165197225258727,0.0014339034046480066,0.018924658079075535,0.141060067293629,0.1034403861759874,0.9266671564486142,0.0005099113691787883,0.0,0.0015666929494426325,0.0015666929494426325,0.0015666929494426325,2.0108281565537898e-05,2.0108281565537898e-05
none,97883,1138,96745,0.011626125067682846,0.0016158612463326807,0.019482623314253288,0.13898536588293656,0.1015703366751894,0.861710213755051,0.0005468832165479714,0.0,0.0017480809500313066,0.0017480809500313066,0.0017480809500313066,1.4740589730472175e-05,1.4740589730472175e-05
noth,97883,14271,83612,0.14579651216247969,0.014929164731320235,0.052575404162889944,0.10239726938517403,0.0694593441455508,0.9848314005157818,0.00240915696690288,0.008552083876178139,0.015520957676129803,0.006968873799951664,0.006968873799951664,0.00012352861722102115,0.00012352861722102115
notic,97883,1273,96610,0.013005322681160161,0.0017540170415055705,0.019503644428266045,0.13486916737917498,0.1058531280264738,0.9580321754548372,0.000453171318257042,0.0019344010724627154,0.002027634360576819,9.32332881141034e-05,9.32332881141034e-05,1.431709623698961e-05,1.431709623698961e-05
nowher,97883,1785,96098,0.018236057333755606,0.0026280968287217795,0.025579083989149855,0.14411540721892097,0.1055100665727225,0.8911353667769965,0.0007650991297850035,0.0008016998875197542,0.002575281146370758,0.0017735812588510038,0.0017735812588510038,1.6902110755865e-05,1.6902110755865e-05
numb,97883,812,97071,0.008295618238100589,0.001264531646365965,0.017414394404374554,0.1524336836714775,0.11687625533325165,0.8275643467764637,0.0005251376124518531,0.0,0.0016549839183694177,0.0016549839183694177,0.0016549839183694177,2.7505022274718523e-05,2.7505022274718523e-05
number,97883,1636,96247,0.016713831819621383,0.0020792563716682563,0.022263426803346646,0.1244033321687066,0.08580100290696635,0.8253849590538264,0.0006738546946643959,0.0010777881811253392,0.002086561393516299,0.00100877321239096,0.00100877321239096,-1.1942485593030415e-05,1.1942485593030415e-05
ocean,97883,2040,95843,0.020841208381434977,0.002850496159264873,0.024959601926936834,0.13677211546927623,0.1045331440021445,0.9139118857928796,0.0007161740861792492,0.0,0.003159384966697348,0.003159384966697348,0.003159384966697348,3.383115905395397e-05,3.383115905395397e-05
oh,97883,22479,75404,0.22965172706190043,0.03227136477172442,0.09444723894050154,0.14052306588152058,0.0851382273350425,1.0,0.004406842817262775,0.028438362809757894,0.03314114498386789,0.004702782174109993,0.004702782174109993,-8.487964878746035e-05,8.487964878746035e-05
ohh,97883,855,97028,0.00873491821868966,0.0017259632199516362,0.025460081954473635,0.19759351796318833,0.123058214511921,0.9893062801340052,0.0008856122254687832,0.0,0.0013856141315818445,0.0013856141315818445,0.0013856141315818445,-1.1169560739736209e-05,1.1169560739736209e-05
ohoh,97883,365,97518,0.003728941695697925,0.0010626088359664187,0.022672104340869657,0.2849625772353451,0.2102771831726215,0.9846266398023856,0.00040921229543045023,0.0008841176312484727,0.0015938321263163735,0.0007097144950679008,0.0007097144950679008,3.8509832837847325e-06,3.8509832837847325e-06
ok,97883,920,96963,0.009398976328882442,0.0015545886570569832,0.02225871713401593,0.16539978425946597,0.10956381550686234,0.9897785995039562,0.0005424350687825561,0.0,0.0015835734472831528,0.0015835734472831528,0.0015835734472831528,2.692154305699411e-05,2.692154305699411e-05
okay,97883,1941,95942,0.01982979679821828,0.0026319949632087436,0.02602566467381833,0.1327292957154876,0.0888711547905748,0.9507013608538288,0.0008687845743638121,0.0,0.00414774491532946,0.00414774491532946,0.00414774491532946,4.435906690350816e-05,4.435906690350816e-05
old,97883,7564,90319,0.07727593146920303,0.007980453061824211,0.03705934394685896,0.10327216909710989,0.07533740781724971,0.8600735660042507,0.0033536490924378024,0.018710591982685668,0.007354373364094245,-0.011356218618591422,0.011356218618591422,-0.00015591692115642146,0.00015591692115642146
one,97883,29733,68150,0.3037606121594148,0.026662145211348933,0.06278396594764846,0.08777354319182283,0.059763389533663,0.957270000636924,0.0030231143441389863,0.01699602986074817,0.026045782833779688,0.009049752973031518,0.009049752973031518,0.00014043630617806234,0.00014043630617806234
ooh,97883,3924,93959,0.04008867729840728,0.007612380230412011,0.054095152914897256,0.18988853570168676,0.11136884554313235,1.0,0.0032373706734355615,0.004196507105799429,0.009021847022960447,0.004825339917161019,0.004825339917161019,-4.0324481025120766e-05,4.0324481025120766e-05
oooh,97883,751,97132,0.00767242524238121,0.0016423006087512711,0.026096970346087867,0.2140523441896147,0.1349660941029588,0.9907267027368412,0.0008195388439746874,0.0005739352189633707,0.0018169108806019426,0.001242975661638572,0.001242975661638572,1.377532906649104e-05,1.377532906649104e-05
open,97883,6434,91449,0.06573153663046699,0.006857278692391711,0.03390154604412285,0.1043225070325424,0.07873746041263574,0.8761583056766803,0.0015703454538087847,0.003325573673804095,0.007043361477511966,0.0037177878037078713,0.0037177878037078713,7.615660651638842e-05,7.615660651638842e-05
other,97883,1551,96332,0.015845448137061593,0.002040856413099485,0.02014688415146301,0.12879764557280263,0.0992828171451266,1.0,0.00033276403287044106,0.0024248015210739586,0.002096138170552452,-0.00032866335052150666,0.00032866335052150666,4.237375412008716e-06,4.237375412008716e-06
outsid,97883,2617,95266,0.026736001144223205,0.00333060693515079,0.02615723033072072,0.12457386267992542,0.0936689509721795,0.8255275212106222,0.0008450278212684613,0.0010329821417362367,0.0035066581504024173,0.002473676008666181,0.002473676008666181,2.5030627977131998e-05,2.5030627977131998e-05
outta,97883,697,97186,0.007120746196990284,0.0009640695066943446,0.016536375134143813,0.13538883145446562,0.0846640045854189,0.8742420134024921,0.00035421410889571964,0.0003364938547806826,0.0010536952323249606,0.000717201377544278,0.000717201377544278,1.6075403420689558e-06,1.6075403420689558e-06
pack,97883,1174,96709,0.011993911097943464,0.0012964299083706415,0.014543387174628464,0.10809067182371679,0.08390610855654446,0.6417656669343681,0.000342210352942092,0.0018962479122911196,0.0012837403854633266,-0.000612507526827793,0.000612507526827793,-5.564736745538087e-06,5.564736745538087e-06
page,97883,1015,96868,0.010369522797625737,0.0013058087342397936,0.015784704838753456,0.12592756289024015,0.0988652708818095,0.7243869808073259,0.0003952747848914701,0.0,0.0013492287138287032,0.0013492287138287032,0.0013492287138287032,1.2457406736069109e-05,1.2457406736069109e-05
pain,97883,7355,90528,0.07514072923796777,0.007783771235688479,0.03596696881280955,0.10358924267340523,0.0775199940429028,0.9751903481371228,0.002313170960340008,0.001474082097744862,0.00776636897061364,0.006292286872868778,0.006292286872868778,8.842714466807293e-05,8.842714466807293e-05
paint,97883,1727,96156,0.01764351317389128,0.0022533098969758723,0.02166572703430206,0.12771322098766025,0.0990856931200973,0.8836581457067197,0.0007378886645980949,0.0007335426636408257,0.0024201703621249035,0.0016866276984840779,0.0016866276984840779,1.0556089688671974e-05,1.0556089688671974e-05
paper,97883,1288,96595,0.013158566860435417,0.0016147639127439709,0.01852912720011469,0.12271578887509166,0.09120052613742824,0.9241903210378614,0.0005461633253328338,0.0,0.0016813050623469329,0.0016813050623469329,0.0016813050623469329,8.089630372810708e-06,8.089630372810708e-06
paradis,97883,769,97114,0.007856318257511518,0.00142590724701965,0.021804976629362847,0.1814981522236988,0.1223581881708346,0.9501645789555372,0.0005945767530231536,0.0025218664007874876,0.0016454656647418972,-0.0008764007360455904,0.0008764007360455904,4.078795365567245e-06,4.078795365567245e-06
park,97883,1038,96845,0.010604497205847798,0.0012636213953909252,0.01573102643037496,0.11915901064070321,0.09177194303917646,1.0,0.00034792384218023444,0.0021881368669216038,0.0012834486909898918,-0.000904688175931712,0.000904688175931712,-5.1368512726930705e-06,5.1368512726930705e-06
part,97883,3550,94333,0.0362677890951442,0.004338791107460212,0.02958592292339638,0.11963208168212054,0.0871569752939366,0.9164287619108672,0.0008255351638442152,0.0016633451818015579,0.004278942126259414,0.0026155969444578565,0.0026155969444578565,3.285432372278409e-05,3.285432372278409e-05
parti,97883,2122,95761,0.021678943228139718,0.0029745416724981776,0.028840249500576575,0.1372087947828177,0.08535304092548635,0.9820638264056336,0.0008164152469833548,0.0008736526260039048,0.003091043878761631,0.002217391252757726,0.002217391252757726,1.8771491410462066e-05,1.8771491410462066e-05
pass,97883,5078,92805,0.05187826282398374,0.0056077116539661855,0.03150321518410426,0.10809366676352346,0.0814126571744061,0.8361570641742231,0.001258999708244761,0.001942014865590763,0.005750290918785809,0.003808276053195046,0.003808276053195046,7.4904223648785186e-06,7.4904223648785186e-06
passion,97883,1259,96624,0.012862294780503254,0.0017209445295657364,0.01943806613205913,0.1337976277898991,0.1039657795222162,0.9871275314576944,0.0009096062838747327,0.0,0.0014014691923154858,0.0014014691923154858,0.0014014691923154858,2.2856715550025146e-05,2.2856715550025146e-05
past,97883,4032,93851,0.041192035389189134,0.004280177954199089,0.026002666848731325,0.10390790146102911,0.0807628357771567,0.7998422414642876,0.0008448669574654125,0.004495123115971579,0.004493403439311677,-1.7196766599015742e-06,1.7196766599015742e-06,3.158051200897194e-05,3.158051200897194e-05
path,97883,1704,96179,0.017408538765669217,0.002292456660748806,0.020599442764901714,0.1316857601667109,0.11047337560436195,0.8014949583698662,0.0007525112281608612,0.0002670028383136465,0.0025791345908973444,0.002312131752583698,0.002312131752583698,3.9205481617901405e-05,3.9205481617901405e-05
pay,97883,3583,94300,0.03660492628954977,0.0038937727299177263,0.026925810878595646,0.10637291546819337,0.077148927401628,0.8842290399325888,0.0008761014561244381,0.002426533669716928,0.00407219108751025,0.001645657417793322,0.001645657417793322,1.1066032099275922e-05,1.1066032099275922e-05
peac,97883,2767,95116,0.028268442936975776,0.0036137930652054284,0.027341675945373147,0.12783841944398375,0.0970465096641915,0.8743289699568905,0.0011434552861192412,0.0017920483230624863,0.0037380911112203127,0.0019460427881578264,0.0019460427881578264,2.161625035732845e-05,2.161625035732845e-05
peopl,97883,7284,90599,0.07441537345606489,0.007927255753162974,0.03879982805168836,0.10652712450396093,0.0753407945845681,0.8603899011742906,0.0032931587542819646,0.002094155709173397,0.007109365313933249,0.005015209604759851,0.005015209604759851,-5.508324126281908e-05,5.508324126281908e-05
perfect,97883,2646,95237,0.02703227322415537,0.003445912734809124,0.027688849245410874,0.12747402729452814,0.09067463982002955,0.7991517358087945,0.0012452175485481894,0.0008047617554817162,0.0037059897255278277,0.0029012279700461113,0.0029012279700461113,6.644987366640453e-05,6.644987366640453e-05
person,97883,1170,96713,0.011953045983470061,0.0016584315658566132,0.019642115653512066,0.1387455187698657,0.10432234981930125,0.9006042734586303,0.0003340234380437316,0.001392669774059435,0.002142816732895362,0.000750146958835927,0.000750146958835927,1.2176448658862525e-05,1.2176448658862525e-05
phone,97883,2364,95519,0.024151282653780533,0.0024429788825125606,0.020557358724285046,0.10115317341665693,0.07466862886278819,0.9393763224312536,0.0005915797837986136,0.0013568069350482095,0.0033760416717679063,0.0020192347367196965,0.0020192347367196965,2.3808247059670573e-05,2.3808247059670573e-05
pick,97883,2578,95305,0.026337566278107537,0.0028955393223537456,0.023707166667780093,0.10993951725754529,0.0806929435357032,0.990714960079594,0.000616387446204425,0.001159402028563757,0.0032891760619371394,0.0021297740333733823,0.0021297740333733823,9.889200093198785e-06,9.889200093198785e-06
pictur,97883,2349,95534,0.023998038474505278,0.0026787570431281126,0.02270315494127689,0.11162399985206857,0.083749729283139,0.9449880995091758,0.00044666598814780025,0.002413172060897915,0.0026969594377458427,0.0002837873768479276,0.0002837873768479276,1.2593604085520322e-05,1.2593604085520322e-05
piec,97883,2461,95422,0.02514226167976053,0.0032234008836936156,0.026889301611924987,0.1282064805764251,0.0911180756760059,0.9479321584606292,0.0008769999097475138,0.0007963119411936801,0.003473127539286744,0.0026768155980930637,0.0026768155980930637,2.4375811700369512e-05,2.4375811700369512e-05
pill,97883,787,97096,0.008040211272641828,0.001016951824505404,0.014555099243309994,0.12648322164938047,0.0983340199219898,0.9878837371518772,0.0003717937110373131,0.0,0.0013258054260411464,0.0013258054260411464,0.0013258054260411464,1.8487926204927323e-05,1.8487926204927323e-05
place,97883,9676,88207,0.09885271191115924,0.009339448457358946,0.037461426971766694,0.09447842428190015,0.07049739014775436,0.8886687565814166,0.001055353488945461,0.005243126843161064,0.009243614176147708,0.004000487332986644,0.004000487332986644,3.9871274941241396e-05,3.9871274941241396e-05
plan,97883,2648,95235,0.02705270578139207,0.0028725377958688843,0.021879779926244094,0.10618301248981647,0.0819365168987197,0.8878228478845334,0.0005333387223314767,0.002347597955480604,0.0028065912239643998,0.00045899326848379595,0.00045899326848379595,2.0682214838090016e-05,2.0682214838090016e-05
play,97883,8746,89137,0.08935157279609329,0.008422747414841785,0.037962196019613384,0.09426523956173775,0.0665615205926386,0.9754003754589604,0.0013862341328809845,0.006763409742669563,0.008588914012531902,0.0018255042698623394,0.0018255042698623394,-3.181651473303911e-05,3.181651473303911e-05
pleas,97883,6072,91811,0.062033243770624115,0.007682858823470972,0.04108849780420072,0.12385067032572615,0.08685769532240945,0.984874788531734,0.002657934390791526,0.00809240127766638,0.006751125192058652,-0.0013412760856077281,0.0013412760856077281,-0.00011023147434136927,0.00011023147434136927
pleasur,97883,1049,96834,0.010716876270649654,0.0015732261225801373,0.0190688143516987,0.14679894428647433,0.1161213819057272,0.8386592637523884,0.00081159948159929,0.001453877766887993,0.001196059105354608,-0.00025781866153338487,0.00025781866153338487,9.369175189672054e-07,9.369175189672054e-07
pocket,97883,963,96920,0.009838276309471513,0.0011565508695225127,0.015366458285148302,0.11755625001191289,0.0908628409681171,0.8890584590473668,0.00039273653424458767,0.001405333491484037,0.001380795043008284,-2.453844847575301e-05,2.453844847575301e-05,-5.073265310025031e-06,5.073265310025031e-06
point,97883,2217,95666,0.022649489696883015,0.0026536711619006715,0.02230204973277908,0.11716251436189601,0.0918029499919586,0.8609449620047422,0.00090651781515229,0.00041277133940405476,0.0030232282131968566,0.0026104568737928017,0.0026104568737928017,3.3076561952948963e-05,3.3076561952948963e-05
poison,97883,1222,96661,0.012484292471624286,0.0018757282120622153,0.021637266245158795,0.15024705775882635,0.11696200193319906,0.944626014166582,0.0006608407189665352,0.0,0.0020963837835587702,0.0020963837835587702,0.0020963837835587702,3.3941105886938194e-05,3.3941105886938194e-05
poor,97883,1112,96771,0.011360501823605734,0.0017125318216329078,0.020818265517005257,0.15074438156195494,0.11419206541025725,0.93525769130176,0.0015791603463006449,0.0006697477093997245,0.001375328279286719,0.0007055805698869946,0.0007055805698869946,-6.678722019933106e-05,6.678722019933106e-05
pop,97883,1032,96851,0.010543199534137696,0.0011906847372003355,0.017018504268062246,0.11293390904203532,0.0760549738508231,0.9855951304469656,0.00041347322101973195,0.0,0.001677251814281268,0.001677251814281268,0.001677251814281268,1.8436323175727042e-05,1.8436323175727042e-05
pour,97883,1365,96518,0.013945220314048405,0.0017041159238151144,0.018089239037748332,0.1222007171947215,0.0939989628822107,0.8442520738972162,0.00043653314660965965,0.001300004429807148,0.0020716503939512587,0.0007716459641441107,0.0007716459641441107,2.2053255106319655e-05,2.2053255106319655e-05
power,97883,2436,95447,0.024886854714301767,0.0033933806504047766,0.029010136919087555,0.1363523309538468,0.09566805035368281,0.9221641180996512,0.001694736919324921,0.0013565728213187679,0.0034298650358215994,0.0020732922145028313,0.0020732922145028313,3.2184824569782526e-05,3.2184824569782526e-05
pray,97883,2746,95137,0.02805390108599042,0.003495591249930262,0.027647877931272147,0.12460267964928036,0.09037011040136414,0.8980774026569196,0.0007831140407073892,0.002914649494686859,0.0037596523856479355,0.0008450028909610767,0.0008450028909610767,2.926996215111557e-05,2.926996215111557e-05
prayer,97883,1023,96860,0.01045125302657254,0.0015160601243791216,0.01840816280952671,0.14506013016090086,0.113022674778272,0.7389002357278833,0.0005485286584101644,0.0046462240133363425,0.0014946565421628762,-0.003151567471173466,0.003151567471173466,-5.946863666693458e-06,5.946863666693458e-06
pressur,97883,784,97099,0.008009562436786776,0.0012552307861692028,0.019334982553891805,0.15671652428903068,0.1088589103088788,0.9360842685041864,0.000597012005126446,0.0,0.0017130725088715004,0.0017130725088715004,0.0017130725088715004,2.3128217351463917e-05,2.3128217351463917e-05
pretend,97883,2518,95365,0.025724589561006508,0.0031609579574893164,0.025481009274380927,0.1228769053824173,0.09060201590839995,0.9227183408310232,0.0008311770009836193,0.0011546702777445812,0.0037291629189817317,0.0025744926412371505,0.0025744926412371505,3.846813263533625e-05,3.846813263533625e-05
pretti,97883,2655,95228,0.027124219731720522,0.0035744758954530166,0.03025367121171638,0.1317817039829106,0.0885052926500545,0.9687308489747216,0.0025997612446192883,0.01141867902448522,0.003765610467997418,-0.007653068556487803,0.007653068556487803,-0.00010063396433297251,0.00010063396433297251
price,97883,1012,96871,0.010338873961770686,0.0014127656684449835,0.017966115959413855,0.13664599004387384,0.1008991913493867,0.8580369779418874,0.0005634078835382253,0.0017677084849266288,0.001436387058631687,-0.0003313214262949417,0.0003313214262949417,8.881879908754614e-07,8.881879908754614e-07
pride,97883,1490,96393,0.015222255141342214,0.0018636938798230608,0.018477892738864223,0.12243217989175882,0.0970188802158477,0.7680732136426234,0.0005845873641876956,0.00023189032153048348,0.0015944705632236857,0.0013625802416932023,0.0013625802416932023,9.319255494986338e-06,9.319255494986338e-06
probabl,97883,1017,96866,0.010389955354862437,0.0012465075271147837,0.015950868766582877,0.11997236605366408,0.0881234104370515,0.839103856341495,0.00038656635161356153,0.0,0.001617406711733135,0.001617406711733135,0.001617406711733135,1.3754461782738991e-05,1.3754461782738991e-05
problem,97883,1701,96182,0.017377889929814167,0.002154514359880195,0.022241927105840227,0.12398020522525167,0.0885358757241205,0.9878884192350132,0.0006550486502247243,0.0012303210454753632,0.0027789557797374687,0.0015486347342621054,0.0015486347342621054,2.356850530257884e-05,2.356850530257884e-05
promis,97883,3381,94502,0.03454123800864297,0.004333017471405252,0.030758518461550952,0.12544476461211485,0.0917799161971416,0.940096489175034,0.001156007756474795,0.0,0.0045228279134358245,0.0045228279134358245,0.0045228279134358245,5.139303491518572e-05,5.139303491518572e-05
pron,97883,18813,79070,0.19219884964702758,0.01865352287685582,0.05460278790402495,0.09705324933584639,0.0665898537406356,0.8584123150287354,0.004057506869915221,0.007741278030915745,0.02064025917228855,0.012898981141372804,0.012898981141372804,0.00021712539958568006,0.00021712539958568006
protect,97883,983,96900,0.010042601881838522,0.0014128788121378136,0.017711645948506015,0.14068852163630274,0.1134043034294466,0.981094451998903,0.0004046631564692029,0.0,0.0014760582161453576,0.0014760582161453576,0.0014760582161453576,1.3112865699908959e-05,1.3112865699908959e-05
proud,97883,1081,96802,0.011043797186436869,0.0014210712261462693,0.016984078808234174,0.1286759619138532,0.0985503740987511,0.8363920649253447,0.00035513051250570497,0.0007178335632950392,0.0014143096305998333,0.0006964760673047941,0.0006964760673047941,-1.36579506923355e-07,1.36579506923355e-07
prove,97883,1174,96709,0.011993911097943464,0.0015110686705542828,0.017111545353159004,0.1259863157409411,0.09551147739215896,0.8214120637127817,0.0004100244285653958,0.0007953331981694219,0.001467413478249105,0.000672080280079683,0.000672080280079683,1.1535225390410272e-05,1.1535225390410272e-05
pull,97883,4263,93620,0.04355199575002809,0.004681242575145356,0.02982777026690241,0.10748629298216113,0.077592383791716,0.9596908755578444,0.0014635313894907117,0.0005171122558690666,0.006151522326086161,0.005634410070217095,0.005634410070217095,7.503414170445473e-05,7.503414170445473e-05
pure,97883,1097,96786,0.011207257644330476,0.0016289497003356926,0.019142055598084767,0.14534775161163044,0.1136368505934527,0.9264429852956442,0.0005424270752072761,0.0005929690081759281,0.0015840149208160884,0.0009910459126401604,0.0009910459126401604,2.0710091283217923e-05,2.0710091283217923e-05
push,97883,2516,95367,0.025704157003769806,0.0032994990410583425,0.028601234283510683,0.1283644136072789,0.08951069519229121,0.9975998526329416,0.0011441490928178547,0.0002178742886175211,0.0037042903338912925,0.0034864160452737713,0.0034864160452737713,5.8510787882072356e-05,5.8510787882072356e-05
pussi,97883,562,97321,0.00574154858351297,0.0007418816942361564,0.01405635283166341,0.12921282184504926,0.08307971900426125,0.9799848085815868,0.00034030787691839107,0.0,0.001810804627353187,0.001810804627353187,0.001810804627353187,1.2539059927672072e-05,1.2539059927672072e-05
put,97883,8683,89200,0.08870794724313721,0.008026568580494371,0.03594178832051074,0.09048308330813436,0.0648560495055339,0.9823690969355118,0.001445325614441792,0.003366035582511061,0.00891891569089016,0.0055528801083791,0.0055528801083791,6.12882481064721e-05,6.12882481064721e-05
queen,97883,1296,96587,0.013240297089382222,0.002007060846383493,0.024607037832419874,0.15158729693407055,0.09753089137659485,0.9995953967949296,0.001164215042899287,0.0018667262476535973,0.0020602947252083984,0.00019356847755480112,0.00019356847755480112,-3.225969016580797e-05,3.225969016580797e-05
question,97883,1856,96027,0.01896141311565849,0.002205179985197539,0.020316798033546243,0.11629829336804455,0.09013427357092696,0.9026307823228016,0.0005044610668842701,0.0,0.002282549793276232,0.002282549793276232,0.002282549793276232,1.177563936683674e-05,1.177563936683674e-05
quick,97883,1428,96455,0.014588845867004485,0.0015455395761681855,0.016163573575301966,0.10593981115831266,0.0830634483590534,0.7430940388080227,0.0004716003246046315,0.00014838732078745136,0.0016456092051700955,0.0014972218843826441,0.0014972218843826441,-1.2068423880906442e-06,1.2068423880906442e-06
quiet,97883,1505,96378,0.015375499320617473,0.00210526056915281,0.02110497394973127,0.13692306996038836,0.1067665926089757,0.8085232830216105,0.000549874834565673,0.0007397071819595187,0.0022880761706255874,0.0015483689886660688,0.0015483689886660688,2.5085267990786383e-05,2.5085267990786383e-05
quit,97883,1966,95917,0.020085203763677045,0.0023277904171162818,0.02091422060587464,0.1158957830104746,0.08772164034485119,0.9638260146682608,0.0008652452559534526,0.0008614408811446043,0.0022580297963226124,0.001396588915178008,0.001396588915178008,2.565836913266868e-06,2.565836913266868e-06
race,97883,1571,96312,0.016049773709428602,0.0019333769543083163,0.018696612450319918,0.1204613217177345,0.0961570812844083,0.6427819527065561,0.0006301250689383424,0.0011599462866648863,0.0018050811136767237,0.0006451348270118374,0.0006451348270118374,1.1470738262286902e-05,1.1470738262286902e-05
radio,97883,1132,96751,0.011564827395972742,0.0017472795937995536,0.023194195116237163,0.15108566120130892,0.0970778084177819,0.953238546843268,0.0010715390917807961,0.0007623569279354022,0.0013009302959215308,0.0005385733679861286,0.0005385733679861286,7.57155711204571e-06,7.57155711204571e-06
rage,97883,1044,96839,0.0106657948775579,0.001475511714419103,0.017834375562140695,0.1383405298299665,0.11043241782145775,0.8374057618416003,0.0005978639169092587,0.0,0.0014939962772776208,0.0014939962772776208,0.0014939962772776208,2.7483617645247834e-05,2.7483617645247834e-05
rain,97883,5236,92647,0.05349243484568311,0.006975092493573276,0.04169143458620122,0.13039399895882983,0.0895470181057322,0.9898607934269504,0.0017934736643123775,0.0065340194217139765,0.005936118551544788,-0.0005979008701691886,0.0005979008701691886,-6.440194466624038e-05,6.440194466624038e-05
rais,97883,1779,96104,0.018174759662045504,0.002243584752057052,0.021873223397640407,0.12344508503968543,0.0921921752801668,0.9304894165110752,0.0005367287720379563,0.002178874594059013,0.0023108001111010164,0.00013192551704200358,0.00013192551704200358,1.1085283949106615e-05,1.1085283949106615e-05
rap,97883,726,97157,0.0074170182769224486,0.0007798188146680215,0.01257050395204065,0.10513912539414594,0.07224703057776605,0.9751468008599928,0.0003077189862822013,0.0,0.0013285040103654963,0.0013285040103654963,0.0013285040103654963,1.353508546957443e-05,1.353508546957443e-05
rather,97883,1441,96442,0.014721657489043041,0.0019672327097418397,0.02136468803621713,0.13362847975548964,0.0965235203043868,0.8007400853223244,0.0008169962611544472,0.004246111941932571,0.002257672125088009,-0.0019884398168445623,0.0019884398168445623,-1.871001464652132e-05,1.871001464652132e-05
reach,97883,3569,94314,0.03646189838889286,0.0044201241842012915,0.029916820655360752,0.12122583791599188,0.0902848227160555,0.9735021791405042,0.0008642422107388693,0.0028090936132380228,0.004515185309425137,0.0017060916961871143,0.0017060916961871143,2.7894680863767924e-05,2.7894680863767924e-05
read,97883,2386,95497,0.024376040783384244,0.002776801991016172,0.022688570983074034,0.11391521763899244,0.0860466891711171,0.8905545683731307,0.0009524126908354492,0.00047538129734603764,0.0024815689130459504,0.002006187615699913,0.002006187615699913,1.059103878741404e-05,1.059103878741404e-05
readi,97883,2986,94897,0.03050580795439453,0.004243807284286708,0.03497945924769261,0.13911473154984455,0.0884523979127094,1.0,0.0010197213468284983,0.003412099054543198,0.004749886289375925,0.001337787234832727,0.001337787234832727,4.1387405079078566e-05,4.1387405079078566e-05
real,97883,5673,92210,0.05795694860190227,0.006229291470080407,0.035755088541801726,0.10748135677170467,0.0728159645237024,0.933175194897004,0.0017359394651902406,0.0023698917412361964,0.006835702448220208,0.004465810706984012,0.004465810706984012,6.0536527925040785e-05,6.0536527925040785e-05
realiti,97883,1221,96662,0.012474076193005936,0.0016663650294786506,0.018412011238270104,0.13358624748604322,0.1031563298456792,0.8380366457070574,0.0006315380322187248,0.0018999392951502333,0.0018373455934668997,-6.259370168333351e-05,6.259370168333351e-05,2.0285558097485967e-05,2.0285558097485967e-05
realiz,97883,1914,95969,0.019553957275522817,0.002405660433601597,0.021184987536133883,0.12302678172530045,0.0954758599415147,0.9120751449648322,0.0005727298663966107,0.0018599088675465758,0.002252994038918194,0.00039308517137161833,0.00039308517137161833,2.2697288831428467e-05,2.2697288831428467e-05
realli,97883,7964,89919,0.08136244291654322,0.008445714629959833,0.039685251884120476,0.10380360184886468,0.07206796307269075,0.932215711125897,0.0016816490018263057,0.003934862529945888,0.008833838416003806,0.004898975886057918,0.004898975886057918,-1.1008985539833211e-05,1.1008985539833211e-05
reason,97883,4279,93604,0.0437154562079217,0.005144580645489603,0.03183704451047245,0.1176833342655898,0.0868241884073104,0.8844058162392167,0.001299342845641813,0.000735146563444048,0.004961294102629862,0.004226147539185814,0.004226147539185814,5.321717687980393e-05,5.321717687980393e-05
record,97883,1009,96874,0.010308225125915635,0.0012439924591815302,0.016541175555734085,0.12067959750452502,0.0870278006009642,0.8239048503092918,0.0003385000065980673,0.000880997325706363,0.0012022951553021912,0.00032129782959582813,0.00032129782959582813,-9.840903872256009e-07,9.840903872256009e-07
red,97883,3278,94605,0.03348896131095287,0.003967559031338276,0.02898996980776427,0.11847363656634669,0.08447201963329945,0.9066247505555904,0.0006143392263038694,0.0026495723036244418,0.004049691394361848,0.0014001190907374063,0.0014001190907374063,6.797924520859963e-07,6.797924520859963e-07
reflect,97883,1333,96550,0.01361829939826119,0.0017964371095206965,0.01866741426274429,0.1319134685605509,0.1065415858351099,0.7031320798961767,0.0005914139572554904,0.0,0.001838490728677721,0.001838490728677721,0.001838490728677721,1.980531067334011e-05,1.980531067334011e-05
regret,97883,1858,96025,0.01898184567289519,0.0023611107598768455,0.021206246806325272,0.12438783881002438,0.09615196929796399,0.9411945064901642,0.0007682327779937453,0.0016183396402216625,0.0026898484403962957,0.0010715088001746332,0.0010715088001746332,3.5685189844179956e-05,3.5685189844179956e-05
releas,97883,891,96992,0.009102704248950277,0.001431754001139762,0.018770697471239765,0.15728886295573888,0.1214240352243626,0.8303080850795417,0.0005523161330578578,0.0,0.0016598006887915942,0.0016598006887915942,0.0016598006887915942,2.310385646372654e-05,2.310385646372654e-05
remain,97883,1786,96097,0.018246273612373957,0.0025652852784337275,0.023050759581739633,0.1405922838235882,0.11027932894060395,0.7839670709673526,0.0007766165203369499,0.00024353050342404374,0.002729805815208494,0.0024862753117844503,0.0024862753117844503,3.147324597434054e-05,3.147324597434054e-05
rememb,97883,6398,91485,0.06536375060020637,0.00775661430020021,0.04073726394649341,0.11866843975406333,0.08298324251915029,0.9150112438507756,0.0009321056558945634,0.005102501583871161,0.008109919916613998,0.003007418332742837,0.003007418332742837,2.8553816427182962e-05,2.8553816427182962e-05
remind,97883,1360,96523,0.013894138920956652,0.0019344675468808978,0.020994936239234596,0.13922903447892862,0.10373530640941944,0.9969836939060788,0.0006212653751957574,0.0,0.0019422666216677522,0.0019422666216677522,0.0019422666216677522,2.965656857382862e-05,2.965656857382862e-05
repeat,97883,1417,96466,0.01447646680220263,0.0019876224100672905,0.02092478398422714,0.1373002430237238,0.10390835778644,0.8319967359898002,0.0007995909058257267,0.00552154476668555,0.0019089068308029433,-0.003612637935882607,0.003612637935882607,-6.847146428325825e-06,6.847146428325825e-06
resist,97883,948,96935,0.009685032130196254,0.001518258693999767,0.01990264068079544,0.15676341323288945,0.11362845916478079,0.9421909883849746,0.0005844374039874115,0.0013287411212180816,0.0014304102952647044,0.0001016691740466228,0.0001016691740466228,2.1232293617358948e-05,2.1232293617358948e-05
rest,97883,3153,94730,0.03221192648365906,0.003767329123276335,0.026275663832081585,0.11695448035954885,0.0903373616267301,0.8142463588592147,0.0006830669111335821,0.003486384190357252,0.0036486448680684517,0.00016226067771119967,0.00016226067771119967,2.5433110179911553e-05,2.5433110179911553e-05
return,97883,2062,95821,0.02106596651103869,0.002954710080247741,0.02548860291441485,0.14025988689858856,0.1059269831295939,0.8757361777806277,0.0007840796358752641,0.0009492308766805742,0.0026670024575282006,0.0017177715808476264,0.0017177715808476264,7.46540115999664e-06,7.46540115999664e-06
rhyme,97883,869,97014,0.008877946119346567,0.0010586251152004504,0.014186588760732168,0.11924211985174417,0.0922028021446172,0.7524626834692916,0.0005955756764524959,0.0,0.0009930200855227168,0.0009930200855227168,0.0009930200855227168,-1.8452702314557753e-06,1.8452702314557753e-06
rhythm,97883,925,96958,0.009450057721974194,0.0014284816866180592,0.019926971350714074,0.15116115992565998,0.1064886521610452,0.8497630083336388,0.0005385297421733864,0.001953901533430718,0.0013277447986890405,-0.0006261567347416775,0.0006261567347416775,-6.597195651820753e-06,6.597195651820753e-06
rich,97883,1109,96774,0.011329852987750681,0.0014014420349088609,0.017586032867350845,0.12369463544002167,0.0891955304295872,0.9665920987667976,0.0006961551410586234,0.0029936224750479277,0.0016726207870313965,-0.0013210016880165312,0.0013210016880165312,-2.8790149169242212e-05,2.8790149169242212e-05
ride,97883,3847,94036,0.039302023844794295,0.0049372407484354446,0.03481389646501161,0.1256230663319747,0.0836666926056652,0.962877164899936,0.0014515671211495628,0.00931599212443606,0.004896951749446578,-0.004419040374989483,0.004419040374989483,-5.603389156986789e-05,5.603389156986789e-05
right,97883,16263,81620,0.16614733917023386,0.015043336407191736,0.04992028502272882,0.09054214459479484,0.0612558756482503,0.9773620894379258,0.0017478130480551022,0.012355282176684542,0.014988761230989656,0.0026334790543051136,0.0026334790543051136,3.0116322280901538e-05,3.0116322280901538e-05
ring,97883,2014,95869,0.020575585137357865,0.002413422979525985,0.022109045550637123,0.11729547244535352,0.08705307049402135,0.8914101438270216,0.0013161976642066713,0.007101669248443764,0.0025462197843875373,-0.004555449464056227,0.004555449464056227,-5.2611966905434484e-05,5.2611966905434484e-05
rip,97883,1069,96814,0.010921201843016664,0.0014523528768513965,0.018057550167536494,0.1329847115480311,0.1021642322853424,0.8877372585320873,0.0005168074058862691,0.0016326503777947692,0.0015421363273903802,-9.051405040438909e-05,9.051405040438909e-05,1.7938962758851032e-05,1.7938962758851032e-05
rise,97883,4434,93449,0.04529897939376603,0.005808149707000018,0.03625270868710767,0.12821811406636957,0.0930916327239679,0.9762354402462968,0.0011872800264741744,0.0037734422515389165,0.005890497625799081,0.002117055374260164,0.002117055374260164,4.096018102610438e-05,4.096018102610438e-05
river,97883,2125,95758,0.021709592063994768,0.0034623835756356818,0.030685442354768177,0.15948634895715172,0.114765362427063,0.9392664887309148,0.001402605508005142,0.0023925912097228106,0.003046864087981237,0.0006542728782584265,0.0006542728782584265,-4.619722512054282e-05,4.619722512054282e-05
road,97883,3928,93955,0.040129542412880685,0.004879706584368847,0.03211352888603182,0.1215988593680692,0.0868558121933877,0.9561026887511328,0.0013537240762017098,0.003548743093201135,0.004518044722613474,0.0009693016294123388,0.0009693016294123388,-1.1185391316521413e-05,1.1185391316521413e-05
rock,97883,2795,95088,0.02855449873828959,0.004180745891121064,0.036631763697057645,0.14641286227570774,0.0869476485132607,0.9837160469908396,0.0025958006739039896,0.01450365104991057,0.0028177181882866097,-0.01168593286162396,0.01168593286162396,-9.02200068090186e-05,9.02200068090186e-05
roll,97883,3460,94423,0.03534832401949266,0.004360755302897955,0.0327135195640994,0.12336526338542211,0.0826282696317039,0.9717261039157686,0.002173660301406477,0.007615796779935517,0.0040897221187973535,-0.003526074661138164,0.003526074661138164,-6.678917872287492e-05,6.678917872287492e-05
room,97883,4516,93367,0.046136714240470764,0.004744934559672443,0.028129601915288006,0.10284509067856903,0.07852239727653075,0.8752251913435181,0.0009100247825836659,0.0031831424460774783,0.005081116546443471,0.001897974100365993,0.001897974100365993,1.1861555371372394e-05,1.1861555371372394e-05
rose,97883,654,97229,0.0066814462164012135,0.0011318986641017765,0.018222808399191742,0.1694092307924682,0.12647450344962224,0.958031213535185,0.0006964147738102741,0.00025919751050415687,0.001109198028918526,0.0008500005184143692,0.0008500005184143692,-8.337995321542562e-06,8.337995321542562e-06
round,97883,3361,94522,0.034336912436275964,0.004622128115352486,0.034872083408366276,0.1346110581121831,0.0900084332445276,0.9973430382478244,0.0020440067927880315,0.005228112942706679,0.004279060470270537,-0.000949052472436142,0.000949052472436142,-7.020396351037667e-05,7.020396351037667e-05
ruin,97883,756,97127,0.007723506635472962,0.001226782096638926,0.01811631802428808,0.15883744968956087,0.11926043619742305,0.965832571013787,0.0003876203621386673,0.0,0.0015084326014520222,0.0015084326014520222,0.0015084326014520222,4.451681097637148e-06,4.451681097637148e-06
rule,97883,1733,96150,0.017704810845601382,0.0022539509883512,0.0218945906525617,0.12730726173847692,0.0953379863176974,0.8718234374940184,0.001058227650363682,0.0017257070325446572,0.0020397656009213763,0.00031405856837671904,0.00031405856837671904,8.858824120004593e-06,8.858824120004593e-06
run,97883,12571,85312,0.12842883851128387,0.013222857707326976,0.051916487168531374,0.10295863343936731,0.068257937255879,0.9986399883312151,0.0024377502351687667,0.0046566141510603,0.01462086116266712,0.00996424701160682,0.00996424701160682,6.782601400866262e-05,6.782601400866262e-05
runnin,97883,758,97125,0.007743939192709663,0.001025154996338239,0.016624875079671548,0.13238159169732966,0.08724361294326415,0.9709243507094282,0.00070134080771647,0.0007446320027466652,0.0011160038281883059,0.0003713718254416407,0.0003713718254416407,-1.9650767420679176e-05,1.9650767420679176e-05
rush,97883,1286,96597,0.013138134303198717,0.0016627601128426795,0.01924975861620587,0.12655983524524103,0.0931422907718417,0.9778942209561872,0.0005792795715824302,0.0028304304247176336,0.001745151716718271,-0.0010852787079993625,0.0010852787079993625,6.267925840121827e-06,6.267925840121827e-06
sad,97883,3466,94417,0.035409621691202764,0.00454776241459045,0.030890786470422312,0.12843295684574638,0.09792724979339655,0.8662193801106984,0.0020063710337672974,0.009467050991165122,0.004240448197274882,-0.0052266027938902395,0.0052266027938902395,-8.818981133406146e-05,8.818981133406146e-05
safe,97883,1862,96021,0.019022710787368592,0.0025110140499280623,0.023489148239807328,0.13200085298018716,0.09934359988675676,0.9637404385796682,0.0008004653392612348,0.00024288003662946975,0.0030534840786801665,0.0028106040420506967,0.0028106040420506967,4.2572265154471294e-05,4.2572265154471294e-05
sail,97883,1156,96727,0.011810018082813154,0.0020115010512344426,0.023576002240577466,0.1703215894446202,0.1275619166698243,0.9505364684440678,0.0008004966104359811,0.002613976253778036,0.0014534929191668095,-0.0011604833346112264,0.0011604833346112264,-2.7485098879341606e-05,2.7485098879341606e-05
sand,97883,1665,96218,0.01701010389955355,0.002264110858749355,0.021572018519280076,0.13310388179397187,0.1047244084186422,0.9362780087459834,0.0005664298476459864,0.0007037459169180473,0.0020600375784842976,0.0013562916615662503,0.0013562916615662503,-4.095966223199091e-06,4.095966223199091e-06
satisfi,97883,823,97060,0.008407997302902445,0.001274568692008476,0.01780519410374232,0.15159004529752815,0.109757102553462,0.8639034695862328,0.0008805532346292803,0.0019332748755723412,0.001051103398338779,-0.0008821714772335623,0.0008821714772335623,-3.954471412070971e-05,3.954471412070971e-05
save,97883,4372,93511,0.044665570119428295,0.0061353041609258216,0.040003372431683726,0.1373609279926583,0.09167894378511146,0.9801951728897208,0.00165573113874418,0.0037187079031259906,0.006221742779758543,0.0025030348766325525,0.0025030348766325525,7.199044858493044e-05,7.199044858493044e-05
say,97883,31732,66151,0.3241829531174974,0.027919175893593752,0.061136075661095725,0.08612166563697962,0.060268819511618596,0.9505144259678784,0.0025282989520592027,0.027341848014108956,0.027125534045377948,-0.00021631396873100783,0.00021631396873100783,-3.7279562548852336e-05,3.7279562548852336e-05
scar,97883,1310,96573,0.013383324990039129,0.0017980864026062963,0.019415574766970103,0.13435274148573445,0.10392969911753265,0.985500818337524,0.0006647197293757534,0.0,0.002124511777056931,0.002124511777056931,0.002124511777056931,3.519362271146307e-05,3.519362271146307e-05
scare,97883,2489,95394,0.025428317481074342,0.0030884415830614484,0.025355570985699998,0.12145678082555396,0.0884791350601128,0.9255865985815352,0.0009696872009569517,0.00030383996722932477,0.003557781980174125,0.0032539420129448003,0.0032539420129448003,5.0490846417523336e-05,5.0490846417523336e-05
scene,97883,1411,96472,0.014415169130492527,0.0016695156802012318,0.017143222885381892,0.11581658633957276,0.093255749853152,0.7694575506339947,0.00044501702498772795,0.0008245629539723574,0.0015145624920572805,0.000689999538084923,0.000689999538084923,5.441315463151382e-06,5.441315463151382e-06
school,97883,1447,96436,0.014782955160753144,0.0016171822565358264,0.017743986645672515,0.10939505930649364,0.0817124258204851,0.9766358773701832,0.0006732810301193161,0.0021092745129081447,0.001404458920475167,-0.0007048155924329778,0.0007048155924329778,-2.4666085467891442e-05,2.4666085467891442e-05
scream,97883,3802,94081,0.03884229130696852,0.004415602113695389,0.02866291989258067,0.11368026872563013,0.08473035265586715,0.8886417990196134,0.0016537187359772487,0.0003860040059230832,0.004121544391350743,0.0037355403854276597,0.0037355403854276597,6.874283974966435e-05,6.874283974966435e-05
sea,97883,4460,93423,0.04556460263784314,0.006025144390173118,0.035856052624243705,0.13223300635500343,0.09936812066626971,0.931151713090848,0.0012143500150465386,0.003332884844581643,0.005415405464586712,0.002082520620005069,0.002082520620005069,-4.3047713829404865e-06,4.3047713829404865e-06
search,97883,2280,95603,0.023293115249839094,0.0029988856812714865,0.02435367697700719,0.12874558207890216,0.0989693010865895,0.7781933575798108,0.0007829292939662933,0.0007003462647342009,0.0029581269515112467,0.002257780686777046,0.002257780686777046,3.280297759765945e-05,3.280297759765945e-05
season,97883,1005,96878,0.010267360011442232,0.001465265042282192,0.018214117932989354,0.14271098321761966,0.1109195852989729,0.9299651375133254,0.0003969217759909398,0.00047355956213017766,0.0013731676749478732,0.0008996081128176956,0.0008996081128176956,-9.21157113953697e-06,9.21157113953697e-06
seat,97883,836,97047,0.008540808924941001,0.0010411478653206093,0.014029139609010232,0.1219027230875325,0.09846782332534035,0.7585715742265153,0.0002897235745653924,0.00195476920986461,0.0010785433465839132,-0.0008762258632806967,0.0008762258632806967,-9.637739057286697e-07,9.637739057286697e-07
second,97883,2413,95470,0.024651880306079708,0.002806174295196583,0.022935971178789878,0.11383205907033865,0.0868619609846275,0.8660575274565833,0.0007028231765003627,0.000555728681162389,0.0030611104043511343,0.002505381723188745,0.002505381723188745,2.353451481199609e-05,2.353451481199609e-05
secret,97883,2576,95307,0.026317133720870835,0.0032785230937250483,0.026631301807646692,0.12457751396859039,0.09271704325821234,0.9533897275359876,0.000981203469913821,0.0001799690482948569,0.003147883420846639,0.0029679143725517823,0.0029679143725517823,3.977792372739635e-05,3.977792372739635e-05
see,97883,35694,62189,0.36465984900340204,0.028507921755557955,0.05743429476732666,0.07817674973943181,0.0550702144228985,0.8565260348046504,0.003972415404092593,0.015884544726072234,0.027901715683860923,0.01201717095778869,0.01201717095778869,7.982175417173577e-05,7.982175417173577e-05
seek,97883,1184,96699,0.012096073884126968,0.001760462717725944,0.019374446714577685,0.14554001030335184,0.11974806815199185,0.8298619007230783,0.0004827433268550342,0.001855541546931369,0.0017339127202075503,-0.00012162882672381867,0.00012162882672381867,1.3556823234172136e-05,1.3556823234172136e-05
seem,97883,6956,90927,0.07106443406924594,0.00685707069727442,0.03185723404760472,0.09649089290703164,0.07342354855149985,0.7190519281283078,0.00115664949158371,0.007103070915843875,0.005779291955035459,-0.0013237789608084157,0.0013237789608084157,-1.0054851556074394e-05,1.0054851556074394e-05
self,97883,929,96954,0.009490922836447596,0.0014249232491976556,0.018563906032661198,0.1501353739517913,0.1192501651111315,0.9925563543340188,0.0005770698623489273,0.0007879912276549813,0.0017280325496741946,0.0009400413220192133,0.0009400413220192133,2.565041208756253e-05,2.565041208756253e-05
sell,97883,1982,95901,0.02024866422157065,0.0024281353437175532,0.022754291109593955,0.11991582837997238,0.0871961994247613,0.9232240946845396,0.0005773205771186005,0.0011223318270232447,0.0024857617359561497,0.001363429908932905,0.001363429908932905,1.7969783775990392e-05,1.7969783775990392e-05
send,97883,2958,94925,0.030219752153080717,0.0037618374284612032,0.029580938238634297,0.12448273597365381,0.08636339829222034,0.8963774517345448,0.0015789028520907737,0.004358187364226977,0.0037776146597371693,-0.0005805727044898078,0.0005805727044898078,-5.586047200084254e-05,5.586047200084254e-05
sens,97883,2484,95399,0.02537723608798259,0.003082348704306324,0.024025310472041737,0.12146116675668917,0.09425271384287046,0.8528662956038814,0.0010606780151371053,0.0010745373907712357,0.0029616393860201293,0.0018871019952488937,0.0018871019952488937,4.7034426188081385e-05,4.7034426188081385e-05
set,97883,4327,93556,0.04420583758160253,0.004995228316092481,0.03104088672169045,0.11299929125585402,0.0835329736062193,0.9372996909499464,0.0008886651826265621,0.0032906189318371313,0.004918639228671868,0.0016280202968347365,0.0016280202968347365,2.761409576020868e-05,2.761409576020868e-05
seven,97883,1137,96746,0.011615908789064495,0.0017261040805042409,0.02151725502666384,0.14859828118909113,0.1075624623126606,0.9718565136810698,0.0005648998424682118,0.002450950457337132,0.0018164400703565627,-0.0006345103869805694,0.0006345103869805694,-1.2931682452801851e-05,1.2931682452801851e-05
sex,97883,685,97198,0.006998150853570078,0.0009638707545288846,0.017323314636594252,0.13773220593511068,0.0858740983333277,0.9978233173231044,0.0004052383737360048,0.0,0.0012833603931637564,0.0012833603931637564,0.0012833603931637564,1.783957417202193e-05,1.783957417202193e-05
shade,97883,952,96931,0.009725897244669657,0.0014108310839533978,0.017754492813132964,0.14505922162879248,0.1174117794742427,0.7842520533185737,0.0003796510625711174,0.0014980504484985275,0.0015203603963623677,2.230994786384024e-05,2.230994786384024e-05,1.0737573367970895e-05,1.0737573367970895e-05
shadow,97883,3328,94555,0.033999775241870395,0.004348543896544612,0.030052027398351507,0.12789919538025127,0.0976659787001032,0.907564845149864,0.0012730815268955078,0.002679711351711226,0.004172625580749835,0.0014929142290386085,0.0014929142290386085,3.536406180129759e-05,3.536406180129759e-05
shake,97883,3053,94830,0.031190298621824014,0.0039697525659110906,0.03264523513196599,0.12727523432986415,0.0846913919772673,0.9871620866952848,0.0012410208119672265,0.004776768426975666,0.0036857929317670704,-0.0010909754952085952,0.0010909754952085952,-2.8897757637009765e-05,2.8897757637009765e-05
shall,97883,1231,96652,0.01257623897918944,0.002386054308357332,0.026618772571665287,0.18972717616973253,0.146463084246257,0.9376296300336664,0.0006622428038665731,0.0023475015061528177,0.0018762576293364056,-0.0004712438768164121,0.0004712438768164121,6.2320019934742755e-06,6.2320019934742755e-06
shame,97883,1649,96234,0.016846643441659943,0.002389038022788396,0.025233888349703686,0.14181092103371531,0.1002525587946039,0.9882483159936156,0.0005094293305997682,0.004127225075539049,0.0023485276894379325,-0.0017786973861011164,0.0017786973861011164,1.8015701636454727e-06,1.8015701636454727e-06
shape,97883,986,96897,0.010073250717693574,0.0014328961312400908,0.01730180585883804,0.14224763895960832,0.11549700051659764,0.8632214519800743,0.0004905393351153469,0.0002492503471138813,0.0015231774901904123,0.0012739271430765309,0.0012739271430765309,2.444145723643947e-05,2.444145723643947e-05
share,97883,2126,95757,0.02171980834261312,0.0026031762587472745,0.0219210239942126,0.11985263487063004,0.09267700452994196,0.8079323529765533,0.0006809775171037212,0.0009638335054108055,0.002424512785560873,0.0014606792801500675,0.0014606792801500675,1.6505115858199073e-07,1.6505115858199073e-07
shine,97883,4430,93453,0.045258114279292626,0.005657445076968281,0.03519137022438189,0.12500399468823617,0.0905638106345934,0.9100637636342044,0.0009241795079420351,0.005124169088873721,0.00506351773250002,-6.065135637370149e-05,6.065135637370149e-05,-1.541070835509857e-06,1.541070835509857e-06
ship,97883,1072,96811,0.010951850678871715,0.001541091660088105,0.018285999510049583,0.14071518186977983,0.1132436608799249,0.6718170960264022,0.00041820060074545216,0.00018949293581528318,0.0012766970334497573,0.001087204097634474,0.001087204097634474,-1.405962833636653e-06,1.405962833636653e-06
shit,97883,3202,94681,0.03271252413595824,0.0038059043608699495,0.028013099441395482,0.11634395270300851,0.08057549131411525,0.9861959061672828,0.001652695417315619,0.0,0.007940518432016836,0.007940518432016836,0.007940518432016836,7.746419303156327e-05,7.746419303156327e-05
shoe,97883,1533,96350,0.015661555121931285,0.001833278624768084,0.018538006675440692,0.11705597627408634,0.0924498860055507,0.8273223740511184,0.0007770409587499255,0.004672519575356257,0.001496841551617994,-0.0031756780237382634,0.0031756780237382634,-3.173557634996303e-05,3.173557634996303e-05
shoot,97883,2362,95521,0.024130850096543834,0.002874031586761201,0.025968302072090423,0.11910196181496469,0.0802503494616762,0.8979674221186695,0.0006987897955528948,0.0019497140712464768,0.003041035498967209,0.001091321427720732,0.001091321427720732,8.13373657572068e-06,8.13373657572068e-06
shore,97883,903,96980,0.009225299592370484,0.0014061581943942622,0.017515022769704625,0.15242412241627196,0.1247002237534033,0.7631056352412177,0.00023444257027862601,0.0011961835948935608,0.0013043491585308668,0.00010816556363730601,0.00010816556363730601,4.099946770577155e-06,4.099946770577155e-06
short,97883,1252,96631,0.0127907808301748,0.001539489492349827,0.01694606104497291,0.12035930509558955,0.09403606429702174,0.925239722478582,0.00030472987258784747,0.001065847827269632,0.0016205967384825106,0.0005547489112128787,0.0005547489112128787,1.1393664579365353e-05,1.1393664579365353e-05
shot,97883,1122,96761,0.011462664609789237,0.0013638680071727872,0.017050873230142653,0.1189835045865365,0.08469588905095815,0.9641614168479288,0.00046391034375755356,0.0,0.001740858821079832,0.001740858821079832,0.001740858821079832,2.0822958570518525e-05,2.0822958570518525e-05
shoulder,97883,1302,96581,0.013301594761092324,0.001705409324210652,0.01841653319699277,0.12821089161421756,0.0992878211389511,0.735293346737627,0.0004217295355841974,0.00021858889894255443,0.0018673465255525572,0.0016487576266100029,0.0016487576266100029,1.6412088665032163e-05,1.6412088665032163e-05
shout,97883,1334,96549,0.01362851567687954,0.0017913192342378457,0.02024058967763859,0.13143905592571442,0.0974931515147224,0.9731345813260468,0.0009075825096075911,0.0021279695880954005,0.0015666771217204554,-0.0005612924663749451,0.0005612924663749451,-2.6880193880062273e-05,2.6880193880062273e-05
show,97883,8832,89051,0.09023017275727144,0.008784322460375233,0.03891994268735071,0.09735460092718627,0.06834642470702075,0.9741774177513696,0.0017952023644278474,0.0034991902970116485,0.009044248799590865,0.005545058502579216,0.005545058502579216,6.767654859072586e-05,6.767654859072586e-05
shut,97883,1598,96285,0.016325613232124066,0.0023183488591461774,0.0248028464608885,0.1420068469210296,0.09785159083191156,0.9939012037580706,0.0008285752876252586,0.0,0.0025975932392921,0.0025975932392921,0.0025975932392921,4.441473227527576e-05,4.441473227527576e-05
sick,97883,2590,95293,0.026460161621527742,0.003307363333500074,0.02766531293176237,0.12499407149536207,0.08966364509498134,0.968749914797797,0.0010604159720293508,0.0001904582998315991,0.004074330360772087,0.003883872060940488,0.003883872060940488,5.6096464804026166e-05,5.6096464804026166e-05
side,97883,6182,91701,0.06315703441864266,0.007009052675714242,0.037088564319393905,0.11097817907747286,0.0798916083237485,0.9875693033521682,0.0008339347225371946,0.005992760837165369,0.007802674728782166,0.0018099138916167967,0.0018099138916167967,3.109679115221154e-05,3.109679115221154e-05
sight,97883,2180,95703,0.022271487388004045,0.0026441266650678217,0.02153374814120459,0.11872250016368513,0.09774900587369215,0.7840047333887693,0.0006454597995985457,0.0037102339648883704,0.002414937890948397,-0.0012952960739399735,0.0012952960739399735,7.710964316159468e-06,7.710964316159468e-06
sign,97883,2872,95011,0.029341152191902576,0.003465695329645417,0.02602294836934171,0.1181172200388866,0.08753580729585875,0.8574206931969083,0.0009562509281635316,0.0004600410646161685,0.0034237996533373048,0.0029637585887211364,0.0029637585887211364,3.0917368546694325e-05,3.0917368546694325e-05
silenc,97883,2502,95381,0.0255611291031129,0.003374152572296551,0.026616340821478398,0.13200326787933786,0.10094882988928205,0.8910223434883013,0.0010379333881501709,0.0007942090247225562,0.003875532600649131,0.0030813235759265746,0.0030813235759265746,5.560855850207351e-05,5.560855850207351e-05
silent,97883,1457,96426,0.014885117946936649,0.002071506739034772,0.020852816582823397,0.1391662965936449,0.1138036738747508,0.9685773315834894,0.0006982643925392657,0.0,0.0019748892654155286,0.0019748892654155286,0.0019748892654155286,2.0221838136470202e-05,2.0221838136470202e-05
silver,97883,1135,96748,0.011595476231827795,0.001644140532513741,0.019038889319107598,0.14179154867316518,0.1110010820523707,0.8971637828425851,0.0010648462099689285,0.002683993263638991,0.001415677104609002,-0.0012683161590299888,0.0012683161590299888,-4.367095735850801e-05,4.367095735850801e-05
simpl,97883,1343,96540,0.013720462184444695,0.0019588301248748634,0.021729609027205412,0.14276706560917815,0.1080273567996725,0.9753782276783636,0.0006268720623347354,0.00046382383550225195,0.0019157605738746666,0.0014519367383724147,0.0014519367383724147,2.0877097049407895e-05,2.0877097049407895e-05
sin,97883,1849,96034,0.018889899165330036,0.002590011995173035,0.024215791344594173,0.137110948687681,0.1023955208420292,0.883242152683871,0.0009759669595320103,0.0011838257537340365,0.002400109084215834,0.0012162833304817976,0.0012162833304817976,2.7861775789580593e-05,2.7861775789580593e-05
sinc,97883,3202,94681,0.03271252413595824,0.0035247813750167163,0.025179683295900604,0.10775021090904474,0.08029427832771324,0.8839158725000305,0.002074361549990222,0.011008160693759391,0.0033205343727330354,-0.007687626321026356,0.007687626321026356,-8.111813454486347e-05,8.111813454486347e-05
sing,97883,6553,91330,0.0669472737860507,0.008199094298912482,0.0424805197833983,0.12247092129718459,0.0857179772892468,0.9655902263715496,0.002620181672848121,0.01041053120092846,0.007507863651697031,-0.0029026675492314297,0.0029026675492314297,-7.132158124890024e-05,7.132158124890024e-05
singl,97883,1556,96327,0.015896529530153348,0.001890709706003979,0.018866549430308098,0.11893852066374516,0.09362293303451749,0.8997058211537903,0.000483850359686144,0.0009326206489682251,0.002118020282694912,0.0011853996337266872,0.0011853996337266872,2.2555718974412568e-05,2.2555718974412568e-05
sink,97883,1830,96053,0.018695789871581377,0.002472237038460786,0.022197268216834428,0.13223496067522245,0.10345115511179195,0.8053883248624416,0.0007656461229263765,0.001061499536054777,0.002995930700774315,0.0019344311647195378,0.0019344311647195378,3.99324430507679e-05,3.99324430507679e-05
sister,97883,1099,96784,0.011227690201567176,0.0017149087082408644,0.022265546810226015,0.15273922574043725,0.1012783679711527,0.9723487966465018,0.0009146607178462785,0.00024516705476420854,0.0015019245221658604,0.001256757467401652,0.001256757467401652,-1.876319803880827e-05,1.876319803880827e-05
sit,97883,4547,93336,0.04645341887763963,0.004777612800372319,0.029004552773756912,0.10284738811058801,0.0770000592123437,0.946564603510056,0.0017956163456903434,0.010927849710620037,0.004731598418435397,-0.00619625129218464,0.00619625129218464,-6.269317366523473e-05,6.269317366523473e-05
six,97883,1366,96517,0.013955436592666756,0.001681632377219208,0.01915646995105009,0.12050016250318284,0.08721172195696986,0.8952918417077073,0.00028215433293797933,0.0014325503842700068,0.0019977641032913017,0.0005652137190212949,0.0005652137190212949,-1.5675762709559266e-06,1.5675762709559266e-06
skin,97883,3827,94056,0.03909769827242728,0.004415986675532942,0.02817348549758547,0.112947484651474,0.0856709121276828,0.902378113930112,0.001642950225638613,0.00450828215326765,0.005016688826217085,0.0005084066729494352,0.0005084066729494352,7.93639016425653e-05,7.93639016425653e-05
sky,97883,7943,89940,0.08114790106555786,0.008673286171451682,0.03785268882670916,0.1068824462193384,0.0816551026183497,0.8898023708464886,0.0012382122442816613,0.007902845499069222,0.008142983675458881,0.00024013817638965894,0.00024013817638965894,2.587119134672675e-06,2.587119134672675e-06
slave,97883,725,97158,0.0074068019983040976,0.0011791387318652617,0.017706397877784958,0.1591967399878171,0.1153885923988752,0.8898633874936296,0.0005166013512063238,0.0005051878227429159,0.0011312355917980001,0.0006260477690550842,0.0006260477690550842,6.294127648649916e-06,6.294127648649916e-06
sleep,97883,7287,90596,0.07444602229191995,0.008037210679387822,0.03875489025767598,0.10796024330046908,0.0770424895729506,0.9355166271791944,0.0016129074294456965,0.0021438275289547815,0.008509398458656371,0.006365570929701589,0.006365570929701589,7.72908134526221e-05,7.72908134526221e-05
slide,97883,735,97148,0.007508964784487602,0.001094868983277121,0.017037549236429205,0.14580824583689037,0.1029806373363659,0.9823740881111156,0.0005116191699664,0.0001467099343393801,0.0009616864279126083,0.0008149764935732282,0.0008149764935732282,6.9995456109496795e-06,6.9995456109496795e-06
slip,97883,1974,95909,0.020166933992623846,0.0025415512479102583,0.022695773394572807,0.12602566403201612,0.0960292222348587,0.767698538645705,0.0008903710390153703,0.0008796544384929317,0.002555635523272835,0.0016759810847799031,0.0016759810847799031,2.521252265289349e-05,2.521252265289349e-05
slow,97883,3133,94750,0.03200760091129205,0.004023084615716871,0.030781649508114586,0.1256915389212303,0.0882991443690978,0.9627393464951944,0.0010847668406190824,0.0016131132956457624,0.004888481393360642,0.0032753680977148794,0.0032753680977148794,5.3308904776814964e-05,5.3308904776814964e-05
slowli,97883,1821,96062,0.018603843364016222,0.0025416936986094726,0.023321354743635433,0.13662196831465734,0.1076413107166492,0.8399924728560387,0.0007360698476903705,0.0006684642134526541,0.002748427974755286,0.002079963761302632,0.002079963761302632,2.6106336610180105e-05,2.6106336610180105e-05
small,97883,1821,96062,0.018603843364016222,0.0022865060806359053,0.021118962172916124,0.12290503827066684,0.0958117549970537,0.9324334971502296,0.0006407697998007855,0.0010723001622949333,0.002324725175014681,0.0012524250127197475,0.0012524250127197475,1.0933825006715984e-05,1.0933825006715984e-05
smell,97883,1506,96377,0.015385715599235822,0.0018899197420553214,0.019281680749549973,0.12283599874608302,0.09890269080607385,0.9232900263533842,0.0006065455309683049,0.0007858177297514806,0.0019487221870997356,0.001162904457348255,0.001162904457348255,2.0526926039070715e-05,2.0526926039070715e-05
smile,97883,6270,91613,0.06405606693705751,0.006381413696396187,0.03236180077754126,0.0996223152861799,0.0752416285364309,0.9538223604250324,0.001461651129131547,0.006425685434653984,0.005407645830810052,-0.0010180396038439324,0.0010180396038439324,-3.216072020997388e-05,3.216072020997388e-05
smoke,97883,2649,95234,0.02706292206001042,0.0029708199073450988,0.023384848752539374,0.10977454322033232,0.0830006634944754,0.9614293547732956,0.0006471322723951378,0.0035293094174238585,0.004451960797549385,0.0009226513801255261,0.0009226513801255261,1.7223496944827198e-05,1.7223496944827198e-05
snow,97883,1323,96560,0.013516136612077685,0.0019646135831347935,0.020677646317626686,0.14535319074677475,0.116869326049981,0.9112772222587764,0.0005007041499416125,0.001238523035248808,0.001804385858667027,0.0005658628234182189,0.0005658628234182189,3.505198622954725e-06,3.505198622954725e-06
soft,97883,1653,96230,0.016887508556133343,0.002270763603449812,0.022075166283748,0.13446409788050692,0.1033019550762446,0.8689560735766186,0.0009016216507017054,0.003926839041534555,0.002171029939118877,-0.001755809102415678,0.001755809102415678,-3.1898299890179027e-05,3.1898299890179027e-05
soldier,97883,709,97174,0.00724334154041049,0.001140244381237182,0.017947843617545724,0.15741966257918066,0.1100180786527914,0.9247400146226682,0.000615409507403932,0.0,0.0007258839253766417,0.0007258839253766417,0.0007258839253766417,1.0814054462961327e-06,1.0814054462961327e-06
somebodi,97883,2516,95367,0.025704157003769806,0.004017335266749535,0.035439286237020064,0.15629126705693352,0.0958700978147564,0.9592301681668886,0.0014665073732648593,0.0086822474925877,0.003837609146487469,-0.004844638346100232,0.004844638346100232,-5.836469547561137e-05,5.836469547561137e-05
someday,97883,1163,96720,0.011881532033141608,0.0019952991148587426,0.024110234606966874,0.16793281449674832,0.1191731171357821,0.9341943923577566,0.0009932460570062894,0.002897682549345231,0.0018486374411713804,-0.0010490451081738507,0.0010490451081738507,-2.676535865557746e-05,2.676535865557746e-05
somehow,97883,1414,96469,0.014445817966347578,0.001963677510120612,0.020251364845308227,0.1359339785877906,0.1013605500523817,0.6941372873738104,0.0006187930169801737,0.0,0.0020112256604600948,0.0020112256604600948,0.0020112256604600948,2.4047765280530988e-05,2.4047765280530988e-05
someon,97883,6592,91291,0.06734570865216637,0.007734052939057504,0.039151124738761034,0.114841065508763,0.08073736841462945,0.8996311850185125,0.0009476923156901356,0.010803905811006992,0.007294843343832558,-0.003509062467174433,0.003509062467174433,-2.4812217136765815e-05,2.4812217136765815e-05
someth,97883,10615,87268,0.10844579753379034,0.011189792560027712,0.045792930609267174,0.10318327509686223,0.0700923988824968,1.0,0.002080237141097419,0.0072730560702105795,0.01228619629711184,0.00501314022690126,0.00501314022690126,0.00010630427392765206,0.00010630427392765206
sometim,97883,4229,93654,0.04320464227700418,0.005430076035906027,0.03478572988709368,0.12568269865750525,0.088843762665403,0.9739748901273042,0.0009501843269587774,0.0009880680176505242,0.005256470927797032,0.004268402910146508,0.004268402910146508,2.7529751825525352e-05,2.7529751825525352e-05
somewher,97883,2178,95705,0.022251054830767343,0.003010305755030753,0.02580817787698056,0.13528822691445141,0.1003804091515591,0.8743115068641986,0.0006870519128117368,0.00518650052432886,0.0030134316422401873,-0.0021730688820886727,0.0021730688820886727,1.354957023318233e-06,1.354957023318233e-06
son,97883,2018,95865,0.02061645025183127,0.0028971481741506817,0.026834994191162944,0.14052604297839005,0.0986396500889964,0.9834199134345728,0.000986758757663338,0.0,0.002493569040488061,0.002493569040488061,0.002493569040488061,1.973142785368309e-06,1.973142785368309e-06
song,97883,6185,91698,0.06318768325449772,0.00742234215767845,0.039446591102820124,0.11746501494260951,0.0805926333807716,0.8864973525635684,0.0019362584104892788,0.007458508381358679,0.007395939591916625,-6.256878944205409e-05,6.256878944205409e-05,-3.5535968014041034e-05,3.5535968014041034e-05
soon,97883,3693,94190,0.037728716937568324,0.004450387004214582,0.029293828508294734,0.11795754972475926,0.0899316802317045,0.8892905707636544,0.001279939606129604,0.006374296137594947,0.00403403376489892,-0.0023402623726960278,0.0023402623726960278,-4.8860349795363034e-05,4.8860349795363034e-05
sorri,97883,2524,95359,0.02578588723271661,0.003822727518368126,0.03295182035632211,0.1482488263393135,0.09807852424146635,0.9549153708260092,0.0009320579569432177,0.0013944844726344993,0.004836103998784263,0.003441619526149764,0.003441619526149764,4.4092610430812754e-05,4.4092610430812754e-05
sorrow,97883,1390,96493,0.014200627279507166,0.002175669142187676,0.023123936797190634,0.15320936880917715,0.1201675334791874,0.9161895747141342,0.0008425906728391788,0.0012931110135937153,0.0018236143627260437,0.0005305033491323284,0.0005305033491323284,-1.1047211223144049e-05,1.1047211223144049e-05
soul,97883,7628,90255,0.07792977330077745,0.00831165340305459,0.03777350491776481,0.10665568563859365,0.0793615342346064,0.9289122593485968,0.0022702728542095215,0.0060916993579187605,0.007333120282392326,0.0012414209244735654,0.0012414209244735654,7.44314161150155e-05,7.44314161150155e-05
sound,97883,5772,92111,0.058968360185118966,0.006257928453887295,0.03331361725304562,0.10612349460357763,0.0786493970470718,0.8585731396296585,0.0008630044878148654,0.004588674477487323,0.006099905750197661,0.0015112312727103379,0.0015112312727103379,-2.8263098956841294e-06,2.8263098956841294e-06
space,97883,2429,95454,0.024815340763973313,0.003196814987716866,0.026039649329229222,0.1288241422160107,0.0965808848313581,0.8871412110716397,0.0008539701059377087,0.0019141002507213666,0.0036074206423210783,0.0016933203915997118,0.0016933203915997118,3.301158669556268e-05,3.301158669556268e-05
spark,97883,834,97049,0.0085203763677043,0.0011696034228841669,0.01572322370351464,0.1372713331440898,0.10770326542762534,0.8277860695499939,0.0005436416969117194,0.0028874843923916496,0.0013945390905682024,-0.0014929453018234472,0.0014929453018234472,4.559211164550297e-06,4.559211164550297e-06
speak,97883,4333,93550,0.04426713525331263,0.004872411240846825,0.02944617654013415,0.11006836590994916,0.0837219925076876,0.7871991344300772,0.000704134654822725,0.004046722783468932,0.005030478626355092,0.0009837558428861595,0.0009837558428861595,1.8322247117001414e-05,1.8322247117001414e-05
special,97883,945,96938,0.009654383294341203,0.0013165775244772745,0.017775887347202778,0.13637096066498314,0.0948860945599298,0.7734887335438627,0.0005020583707414986,0.0,0.0012085614002377229,0.0012085614002377229,0.0012085614002377229,5.4696669537903345e-06,5.4696669537903345e-06
speed,97883,951,96932,0.009715680966051306,0.0013279788812417747,0.01756368718523854,0.1366840765852667,0.103750191975331,0.9275494844523486,0.0004646684767285795,0.000717267586883719,0.001441550666736539,0.00072428307985282,0.00072428307985282,5.495705936765449e-06,5.495705936765449e-06
spell,97883,932,96951,0.009521571672302647,0.0013674917898731074,0.017720943290362102,0.14362038505166239,0.1107333537642667,0.8960232389566319,0.00103863438349563,0.00503657976835343,0.0013156602955437572,-0.0037209194728096725,0.0037209194728096725,-3.2746271603944563e-05,3.2746271603944563e-05
spend,97883,3245,94638,0.03315182411654731,0.0035422468110667448,0.024610721209141647,0.10684922792223304,0.0828492399141868,0.8784848595323362,0.0007228718509779482,0.0041564468767299025,0.003815567953714489,-0.0003408789230154134,0.0003408789230154134,-8.812528226565895e-06,8.812528226565895e-06
spin,97883,1798,96085,0.018368868955794163,0.0023649089302907557,0.022590929020325456,0.12874548432906008,0.09405898476560665,0.9365736032351653,0.0007064591301288879,0.0003396831014793544,0.0024130566395821887,0.0020733735381028343,0.0020733735381028343,2.557910123037188e-05,2.557910123037188e-05
spirit,97883,1440,96443,0.01471144121042469,0.00219313260534139,0.023172232673669125,0.14907666583932724,0.11432370358105295,0.8752968222869357,0.001054731186706385,0.0,0.0019123925219133055,0.0019123925219133055,0.0019123925219133055,3.424472161222484e-05,3.424472161222484e-05
spit,97883,928,96955,0.009480706557829245,0.0011819808559165646,0.016111080169810412,0.12467223288758737,0.0894553572662923,0.9837012135903318,0.0004496728207603495,0.00022233728063413518,0.0013992134947590073,0.001176876214124872,0.001176876214124872,2.1190499870964705e-05,2.1190499870964705e-05
spread,97883,1104,96779,0.01127877159465893,0.001557702759319624,0.017931501860120134,0.13810925651311848,0.11402904217039994,0.7717459673423541,0.00039796882108803736,0.0010552940238172134,0.001542051538253818,0.00048675751443660463,0.00048675751443660463,-5.457976544085855e-06,5.457976544085855e-06
spring,97883,919,96964,0.009388760050264091,0.001432643105470152,0.018107233914425435,0.15259130042735025,0.1255089872909832,0.9261653383414516,0.002768656720379441,0.01785437772961795,0.0012467735715084231,-0.016607604158109527,0.016607604158109527,-8.908786835717979e-05,8.908786835717979e-05
stand,97883,8761,89122,0.08950481697536855,0.00877645249580435,0.03947716242874827,0.09805564429252565,0.070233321342406,0.945677674627758,0.0013692878807887803,0.007604439156235486,0.007581784969193119,-2.2654187042366394e-05,2.2654187042366394e-05,-1.188723803680094e-05,1.188723803680094e-05
star,97883,5881,92002,0.06008193455451917,0.006967874953924345,0.03718638956291742,0.11597287946182228,0.0843908866245582,0.9707237890429324,0.0010975404107333678,0.008565224801261546,0.006845820764653069,-0.0017194040366084774,0.0017194040366084774,-6.991224706451522e-06,6.991224706451522e-06
stare,97883,2563,95320,0.02618432209883228,0.002938435862913706,0.02233631001592653,0.11222119296511208,0.0889832776291319,0.7293497522197173,0.000769317981915901,0.0016930074060000947,0.0029995936814260276,0.001306586275425933,0.001306586275425933,3.559771025924635e-05,3.559771025924635e-05
start,97883,9110,88773,0.09307029821317286,0.008534098228081982,0.0361284874095777,0.09169518516568043,0.06629054668067055,0.8079624528764628,0.0012310224014162134,0.009235421531838097,0.00876018167570138,-0.0004752398561367159,0.0004752398561367159,2.909987718905608e-05,2.909987718905608e-05
state,97883,1327,96556,0.013557001726551086,0.0018188544242596848,0.020405781551921857,0.13416347220030952,0.099301967191574,0.9801249802531428,0.0007233361584163079,0.0013811024038330327,0.0018184598861656024,0.0004373574823325697,0.0004373574823325697,1.356294555114703e-05,1.356294555114703e-05
stay,97883,10475,87408,0.10701551852722127,0.011134422420405016,0.045843490591712756,0.10404493267556127,0.0719905927188776,1.0,0.0014534772179662463,0.008193262528407536,0.012841142674698942,0.004647880146291406,0.004647880146291406,6.099575408719906e-05,6.099575408719906e-05
steal,97883,2175,95708,0.022220405994912294,0.002686096572577478,0.023232877403839742,0.12088422566142588,0.0907282771287619,0.7959266251354741,0.00046054477264562864,0.0028888143782460256,0.0023300972092943446,-0.000558717168951681,0.000558717168951681,1.3437788040426588e-06,1.3437788040426588e-06
step,97883,3726,94157,0.038065854131973886,0.004411234095143828,0.03033263887382812,0.11588427990739757,0.08254074390726555,0.97066320127612,0.0009572096940728033,0.0036640377493129465,0.004565246335932753,0.0009012085866198067,0.0009012085866198067,3.751933667071007e-05,3.751933667071007e-05
stick,97883,2301,95582,0.023507657100824454,0.0025572604666162947,0.021444954040440833,0.10878414874133106,0.0823275364026245,0.8914689153004709,0.0004720367143907168,0.0031393689559595346,0.00305779409199737,-8.157486396216445e-05,8.157486396216445e-05,1.1450084512835312e-05,1.1450084512835312e-05
still,97883,14557,83326,0.14871836784732792,0.01391012714632026,0.046708687487934455,0.09353334996656357,0.0660466484797811,0.8993565950984089,0.0018794851282396298,0.011048937313402434,0.015386848780106144,0.00433791146670371,0.00433791146670371,9.617820086194741e-05,9.617820086194741e-05
stone,97883,2719,95164,0.027778061563294956,0.003664592780767837,0.028543972499305122,0.13192399233537996,0.0985003365063786,0.9581632794496628,0.0010322438453115067,0.0013431762968806407,0.0035434625140215365,0.0022002862171408956,0.0022002862171408956,1.5475554658601648e-05,1.5475554658601648e-05
stop,97883,9185,88698,0.09383651910954915,0.010050063533926946,0.04587214978323267,0.10710183656955594,0.0705218180284751,0.9586259098995747,0.001885609971377994,0.0057415140427333755,0.01044259613730892,0.004701082094575544,0.004701082094575544,6.062417480663975e-05,6.062417480663975e-05
stori,97883,3092,94791,0.03158873348793968,0.0036105882964964867,0.026074839997283477,0.11429987523478835,0.08528326369577474,0.8814756012971507,0.0008201292994149002,0.0018901645296292026,0.003803841010242065,0.0019136764806128624,0.0019136764806128624,3.0016748338498196e-05,3.0016748338498196e-05
storm,97883,2000,95883,0.020432557236700958,0.002708577338312294,0.023589206857008202,0.13256183780301112,0.10397311580175869,0.8975437900338314,0.0007567766119926873,0.0005444643705327298,0.0029344743468781333,0.0023900099763454036,0.0023900099763454036,3.9142494908222645e-05,3.9142494908222645e-05
straight,97883,2233,95650,0.02281295015477662,0.0026404276640857064,0.02372379085927368,0.11574249039126785,0.0834398405001992,0.9004671132492833,0.000638857481544349,0.0013674330271732746,0.0027763872812509353,0.0014089542540776606,0.0014089542540776606,2.2329371641542077e-05,2.2329371641542077e-05
strang,97883,2203,95680,0.022506461796226108,0.0031363652926121293,0.02737114967645871,0.13935399180061417,0.1024718871993807,0.955634888306038,0.0008926422008832017,0.005288624885220252,0.0026877631649787023,-0.0026008617202415494,0.0026008617202415494,-4.5155155063127103e-05,4.5155155063127103e-05
stranger,97883,1114,96769,0.011380934380842435,0.0017003332065007194,0.02114881621397496,0.14940189878986526,0.10595828801177534,0.9157284453465644,0.0008290602634366221,0.0010654124861121802,0.0017487682741345798,0.0006833557880223996,0.0006833557880223996,-5.9053897481729005e-06,5.9053897481729005e-06
street,97883,4888,92995,0.04993716988649714,0.005138525547113698,0.030351313861691685,0.10289981508349633,0.0750635074311565,0.8837961844339447,0.0020655203645571873,0.008649068720788895,0.004574793438189547,-0.004074275282599348,0.004074275282599348,-7.409989406120735e-05,7.409989406120735e-05
strength,97883,1380,96503,0.014098464493323661,0.0018919343286410192,0.019449511383705945,0.13419435354374554,0.10999848206552734,0.8190506955000076,0.0005407396329004867,0.0007929244484111412,0.0017940800261038912,0.00100115557769275,0.00100115557769275,2.3132264686918618e-05,2.3132264686918618e-05
strike,97883,1046,96837,0.010686227434794601,0.001508883164840194,0.01839565527206448,0.14119886312050928,0.1072144085598743,0.9117737577362448,0.0005914697479048558,0.0005184147206380058,0.00145142170333407,0.0009330069826960643,0.0009330069826960643,1.0302842882201258e-05,1.0302842882201258e-05
strong,97883,4297,93586,0.04389934922305201,0.004778716165235296,0.02921248871295352,0.10885619604415324,0.0799071427512804,0.877977485330474,0.0009642920458179324,0.001444259194748309,0.004301447119314202,0.0028571879245658923,0.0028571879245658923,3.550999457888269e-05,3.550999457888269e-05
stuck,97883,1074,96809,0.010972283236108415,0.0013792744647781712,0.016798410885891065,0.12570532815259006,0.09366490945200324,0.7403052901855419,0.00048669867285018283,0.0,0.0018395512646371206,0.0018395512646371206,0.0018395512646371206,2.5663742939385046e-05,2.5663742939385046e-05
stuff,97883,827,97056,0.008448862417375847,0.0011179937745955473,0.01644906632510905,0.13232476981709307,0.0936726985629725,0.8611998088282286,0.0005240688617447463,0.0,0.0010813225311362903,0.0010813225311362903,0.0010813225311362903,2.038161825661757e-06,2.038161825661757e-06
stupid,97883,1119,96764,0.011432015773934186,0.001507586082344151,0.018540216883560875,0.13187403797863498,0.0972030460734983,0.7998707427879711,0.0005221071609700017,0.0,0.0017389835784356925,0.0017389835784356925,0.0017389835784356925,1.910593909322965e-05,1.910593909322965e-05
style,97883,1036,96847,0.010584064648611098,0.0011514487089381343,0.014786756910298685,0.10879078569207665,0.08427546649816475,0.8483604909699324,0.0004464050887414259,0.0014819426337150845,0.0009265222214157168,-0.0005554204122993678,0.0005554204122993678,-6.4438947747223905e-06,6.4438947747223905e-06
suck,97883,895,96988,0.009143569363423679,0.0011300131072389064,0.015321413485476333,0.1235855563976155,0.0929916166736185,0.6842080385768069,0.0003867310698641851,0.0005740274172176903,0.001543273696704027,0.0009692462794863368,0.0009692462794863368,1.635640307179586e-05,1.635640307179586e-05
sudden,97883,1353,96530,0.0138226249706282,0.0018452186873347306,0.019715789794752983,0.1334926391518,0.1029748355334407,0.8909550270301955,0.00045386368424544214,0.001856077870551131,0.0018173964865572374,-3.8681383993893585e-05,3.8681383993893585e-05,1.4235753054962567e-05,1.4235753054962567e-05
suffer,97883,1788,96095,0.018266706169610656,0.002831804441104032,0.026154815416592946,0.15502545531800108,0.11922057390839591,0.8559761738229791,0.001101280901514083,0.0,0.0027195394010524863,0.0027195394010524863,0.0027195394010524863,4.373200737053095e-05,4.373200737053095e-05
sugar,97883,608,97275,0.006211497399957092,0.0012027184893694109,0.02122150550000532,0.19362778601142439,0.12268539121716909,0.9808542311958496,0.0006331196339870816,0.0006570229108023245,0.0010960121339269597,0.0004389892231246353,0.0004389892231246353,-2.3261446502037322e-05,2.3261446502037322e-05
summer,97883,2395,95488,0.0244679872909494,0.00367850994557472,0.03168088256179672,0.1503397031326473,0.1024792660177827,0.9652252605299584,0.0010804711107055007,0.004302153371029983,0.003856814414267295,-0.00044533895676268816,0.00044533895676268816,-2.5800399394194265e-05,2.5800399394194265e-05
sun,97883,8547,89336,0.08731853335104155,0.009538215895785952,0.04180723117960387,0.10923472405840837,0.0796360051176046,0.9603274184304053,0.0017123936674187333,0.007060984129797569,0.008628450738559305,0.0015674666087617363,0.0015674666087617363,-2.8259855279946037e-06,2.8259855279946037e-06
sunday,97883,745,97138,0.007611127570671107,0.0012980200200192209,0.020275080396607675,0.1705424075430086,0.1147231612839548,0.9699401785259654,0.0009759687925132918,0.0025995402416567445,0.0009876267092434397,-0.0016119135324133048,0.0016119135324133048,-3.7232656671101256e-05,3.7232656671101256e-05
sunshin,97883,770,97113,0.00786653453612987,0.0015059920239854868,0.0227272549994154,0.19144287958931347,0.13023501914297955,0.9434666470548392,0.0012483274032708879,0.0032387602129387546,0.001032588563991643,-0.0022061716489471116,0.0022061716489471116,-4.9157405193399474e-05,4.9157405193399474e-05
suppos,97883,1308,96575,0.013362892432802427,0.0018052855246968049,0.020002548403873555,0.13509691361918755,0.09911753988883415,0.734340583794145,0.0005601445459911912,0.0003003232003767948,0.0019758408705686527,0.0016755176701918578,0.0016755176701918578,2.458645682084931e-05,2.458645682084931e-05
sure,97883,4607,93276,0.047066395594740656,0.004902127619256805,0.028702167074060175,0.10415345295326978,0.0781160333603611,0.9017179612560564,0.0013227000418431416,0.008178138885615556,0.004468015381327316,-0.0037101235042882406,0.0037101235042882406,-4.7161400827691016e-05,4.7161400827691016e-05
surpris,97883,1334,96549,0.01362851567687954,0.001735869807710583,0.019279472279857063,0.12737042307956148,0.0977259687627856,0.9395282395577036,0.0005762701495908064,0.0010498706752302132,0.001505648853769786,0.0004557781785395729,0.0004557781785395729,1.4318430530707846e-05,1.4318430530707846e-05
surrend,97883,954,96929,0.009746329801906357,0.001745005024967774,0.02341825578969128,0.17904227134058764,0.1206419396545306,0.9703221698706652,0.0003887016898314057,0.0014688380259462303,0.001684828042673843,0.00021599001672761267,0.00021599001672761267,1.1822278633589623e-05,1.1822278633589623e-05
surround,97883,1041,96842,0.01063514604170285,0.00147389429212373,0.01724593074967918,0.13858712295480025,0.1123828170779632,0.7969899804086177,0.0005500230206032565,0.0,0.0013523353488459706,0.0013523353488459706,0.0013523353488459706,2.244606852263444e-05,2.244606852263444e-05
surviv,97883,1499,96384,0.015314201648907368,0.002258708630124213,0.02352210138392046,0.14749111196961198,0.1071842863754464,0.9829892280836856,0.0008291546398108329,0.0,0.002530473409446012,0.002530473409446012,0.002530473409446012,4.003057984885389e-05,4.003057984885389e-05
swallow,97883,1204,96679,0.012300399456493978,0.0017308223373506536,0.01971660139818552,0.14071269339443027,0.10772788640087205,0.8969993161150354,0.000541775132872,0.0,0.0019401344295481029,0.0019401344295481029,0.0019401344295481029,2.8014993373848887e-05,2.8014993373848887e-05
swear,97883,2246,95637,0.022945761776815177,0.0028565985392471575,0.024709812268374386,0.1244935150566026,0.09014716523010335,0.9703963918152604,0.0009407272400812379,0.0,0.0035616408475720716,0.0035616408475720716,0.0035616408475720716,4.8327716815876255e-05,4.8327716815876255e-05
sweat,97883,1057,96826,0.010798606499596457,0.0012943145381998208,0.01658315789074235,0.11985940391921766,0.0901348650817956,0.9716654840324708,0.0005343605123039828,0.0,0.0015026752487127277,0.0015026752487127277,0.0015026752487127277,1.6435692932175412e-05,1.6435692932175412e-05
sweet,97883,4408,93475,0.04503335614968892,0.005847022586567216,0.03764698066772987,0.12983759343034457,0.08803700744389795,0.9619358366404128,0.002792751669821912,0.0121796017033788,0.0049574591190725,-0.0072221425843062995,0.0072221425843062995,-0.00014258378625963463,0.00014258378625963463
swim,97883,1251,96632,0.01278056455155645,0.0019250533841785314,0.022475691213540046,0.15062350152162043,0.1057880735858902,0.9667855294305342,0.0006005448274560391,0.0,0.002380774911818733,0.002380774911818733,0.002380774911818733,3.182371595495925e-05,3.182371595495925e-05
swing,97883,929,96954,0.009490922836447596,0.0014186458108740236,0.019338394423955067,0.14947395899438323,0.1115381695569845,0.9257608792243542,0.0008174251472234822,0.001097263145470877,0.0014178055186194107,0.0003205423731485338,0.0003205423731485338,-1.2446329186155821e-05,1.2446329186155821e-05
tabl,97883,1033,96850,0.010553415812756045,0.0013337909448870682,0.016004657265980212,0.12638476191517997,0.1015113487507054,0.7842671527949535,0.00043309587571984694,0.0004890309255730944,0.001362539472565141,0.0008735085469920465,0.0008735085469920465,-6.050781997345413e-06,6.050781997345413e-06
take,97883,29273,68610,0.2990611239949736,0.024705512089161035,0.05819029698193031,0.08261024287990126,0.0569308463253131,0.9499377374247522,0.003577371211903172,0.01192349244081204,0.02458439567641057,0.012660903235598528,0.012660903235598528,0.00013666516802821906,0.00013666516802821906
talk,97883,7998,89885,0.08170979638956713,0.008228637640314139,0.03987241153080459,0.10070564367927842,0.06985481753481515,0.9778714364734836,0.0013365195251142494,0.0033434961555979252,0.009528815656753675,0.0061853195011557505,0.0061853195011557505,2.191853140900531e-05,2.191853140900531e-05
talkin,97883,895,96988,0.009143569363423679,0.0011352683579929003,0.016822997709763626,0.1241603046764459,0.079957187296512,0.9360479464105284,0.0015158787220008155,0.003920567924355084,0.0010304339439240462,-0.002890133980431037,0.002890133980431037,-7.353513180621578e-05,7.353513180621578e-05
tall,97883,919,96964,0.009388760050264091,0.0012831946738058864,0.016527656598251183,0.13667349755836947,0.1087624388690263,0.933049264569035,0.0004275209451693799,0.0020655589475587397,0.001134916530628112,-0.0009306424169306278,0.0009306424169306278,-1.4017278442694628e-05,1.4017278442694628e-05
tast,97883,2947,94936,0.030107373088278863,0.0034654496420201556,0.025518306750357243,0.11510302250080044,0.0866884609908144,0.8971715032199633,0.0009034851340964869,0.0010337877668554214,0.0038009908037261756,0.002767203036870754,0.002767203036870754,3.480003557846492e-05,3.480003557846492e-05
teach,97883,1652,96231,0.016877292277514992,0.002157698168394848,0.021459678482838362,0.1278462287027802,0.0972747561673838,0.905137923502666,0.0005353675513534907,0.0006807181848690107,0.00219199280852616,0.0015112746236571493,0.0015112746236571493,1.161722953051721e-05,1.161722953051721e-05
tear,97883,7240,90643,0.07396585719685747,0.00758894863979286,0.035718143802289125,0.1026006988548128,0.07616496721560251,0.971627388087524,0.0012390506848142158,0.006110223981035997,0.006575868621864438,0.00046564464082844096,0.00046564464082844096,-3.881401968291703e-06,3.881401968291703e-06
tell,97883,21253,76630,0.21712656947580275,0.01923012226338368,0.05502676155206465,0.08856641685911565,0.0601186700101215,0.9626910580363484,0.002090086176850021,0.017537698668468125,0.020620780828277882,0.0030830821598097566,0.0030830821598097566,-5.062009854062174e-05,5.062009854062174e-05
ten,97883,1719,96164,0.017561782944944475,0.001995876283202658,0.01987303529578968,0.11364884131979394,0.0843403185604369,0.8865202735454463,0.0004861338369037657,0.001371117692410157,0.002111120615095725,0.0007400029226855679,0.0007400029226855679,4.880391701489273e-06,4.880391701489273e-06
thank,97883,1554,96329,0.015876096972916646,0.002344015424841377,0.026302857672399822,0.14764431263175581,0.0956191453368784,0.9840101158990998,0.000952480907850788,0.0008454114784062727,0.002267706874677037,0.001422295396270764,0.001422295396270764,-1.8705485535109917e-06,1.8705485535109917e-06
thing,97883,17119,80764,0.17489247366754185,0.015361999668927722,0.047286134504374015,0.0878368253749432,0.0613194992973062,0.8973405865695122,0.0012338688060517574,0.014119531937442018,0.0142924417897058,0.00017290985226378272,0.00017290985226378272,5.758328952999605e-06,5.758328952999605e-06
think,97883,21689,76194,0.22158086695340357,0.019104214294604717,0.052848183816027024,0.08621779739954787,0.0593493002968547,1.0,0.0025836967923102364,0.013268107370718376,0.020336477660484742,0.007068370289766366,0.007068370289766366,9.560716400174324e-05,9.560716400174324e-05
thinkin,97883,733,97150,0.007488532227250901,0.0009793232496587245,0.01492569291518227,0.13077639515190304,0.0935182377963636,0.858352371459227,0.0007768843841646984,0.0016016205551925176,0.0009687943834596135,-0.0006328261717329041,0.0006328261717329041,-2.6792643216835433e-05,2.6792643216835433e-05
though,97883,4005,93878,0.04091619586649367,0.004325447509147098,0.02625969402529259,0.10571480113304504,0.0827556789857817,0.6829420965855294,0.0009878029181383254,0.006191212981778604,0.0045608300451391815,-0.0016303829366394228,0.0016303829366394228,-2.0446065239726646e-05,2.0446065239726646e-05
thought,97883,5489,92394,0.056077153336125785,0.005654338754369503,0.03007470382080831,0.10083141561194209,0.077256477089033,0.832872696184528,0.0013293832967786064,0.006082603265161142,0.0060372711215654845,-4.5332143595657425e-05,4.5332143595657425e-05,5.950252160874365e-05,5.950252160874365e-05
thousand,97883,3103,94780,0.03170111255274154,0.003838441491144491,0.02717284089726975,0.12108223283200008,0.0927367927008661,0.8340284843746159,0.0006895941996827468,0.0030931723396271367,0.003847780388851193,0.0007546080492240562,0.0007546080492240562,8.01067325865411e-06,8.01067325865411e-06
three,97883,3295,94588,0.03366263804746483,0.0035000150290296025,0.024946013332709696,0.10397328409302112,0.0766082503562991,0.8643694885148347,0.0003846878307467444,0.003104303511470022,0.0036887260217001784,0.0005844225102301565,0.0005844225102301565,3.4837328290117845e-06,3.4837328290117845e-06
throw,97883,3966,93917,0.040517761000378,0.004241407917431981,0.02743561033864481,0.10468021461976666,0.07768138787420735,0.9150453432469444,0.001033777967952338,0.0017807958946901372,0.0044148656013448815,0.0026340697066547444,0.0026340697066547444,4.827694925036493e-05,4.827694925036493e-05
thunder,97883,887,96996,0.009061839134476876,0.0013928230962318956,0.01924876439436598,0.15370203283930844,0.1137180941943114,0.9961936768169742,0.000656636994604475,0.0006226334129311009,0.001491546986268067,0.0008689135733369661,0.0008689135733369661,3.5771790743000876e-06,3.5771790743000876e-06
tick,97883,483,97400,0.004934462572663282,0.0008836197681180262,0.017228968084723545,0.17907112580268478,0.1204947575155837,0.9790406040418,0.00033927994241056013,0.0009445680007208468,0.0010164398194250238,7.187181870417698e-05,7.187181870417698e-05,1.5732805098956413e-05,1.5732805098956413e-05
tide,97883,1086,96797,0.01109487857952862,0.0016819352634695414,0.019689897853560786,0.15159564400938225,0.11767283118860436,0.9251709342721962,0.0005419957088207061,0.0003025822175130024,0.0019343363776003057,0.0016317541600873032,0.0016317541600873032,1.4596290701144826e-05,1.4596290701144826e-05
tie,97883,1779,96104,0.018174759662045504,0.002287773527240653,0.021833938508471793,0.12587641156093132,0.0982955332675073,1.0,0.00040525561835207504,0.0011025187451990123,0.0025051412751856505,0.0014026225299866382,0.0014026225299866382,1.3384549265748662e-05,1.3384549265748662e-05
tight,97883,2265,95618,0.023139871070563835,0.0025876763992887125,0.021555069181434478,0.11182760661879783,0.0857611932980108,0.7911264710552248,0.0008165001657679435,0.003383209130920641,0.0025882590017406023,-0.0007949501291800386,0.0007949501291800386,-2.0666350294927225e-05,2.0666350294927225e-05
til,97883,3055,94828,0.031210731179060716,0.0037058143251041506,0.02779762735462253,0.11873526140234686,0.0838867197292957,0.8364684799975853,0.0007890425565592634,0.0033138665956876233,0.004151007527116987,0.0008371409314293639,0.0008371409314293639,3.3007940279883385e-05,3.3007940279883385e-05
till,97883,3699,94184,0.03779001460927842,0.0044390543836580545,0.029193117168533025,0.11746633150462323,0.0854518794194328,0.943810710862822,0.0009519901012061455,0.007607107729284308,0.003962102360204449,-0.0036450053690798593,0.0036450053690798593,-3.750466864880174e-05,3.750466864880174e-05
time,97883,32661,65222,0.33367387595394504,0.02772002939702392,0.06103297162281601,0.08307521623553756,0.0567974075467257,0.989437957929792,0.003793786682796828,0.016089387776499195,0.02771724162647694,0.011627853849977745,0.011627853849977745,0.0001169017933931177,0.0001169017933931177
tire,97883,3269,94614,0.03339701480338772,0.0039019630999514486,0.027431013140426144,0.11683568495336422,0.0869624990714026,0.9915117476453524,0.0008342005040210021,0.0019343618713870603,0.004245452940762088,0.002311091069375028,0.002311091069375028,2.7037989467137824e-05,2.7037989467137824e-05
today,97883,5102,92781,0.05212345351082415,0.006725047400335393,0.03864703599918339,0.12902152385084856,0.09188936960636679,0.9372000585397238,0.0014387010833346885,0.008532242070831947,0.006533977308475506,-0.0019982647623564406,0.0019982647623564406,1.7515886429577578e-05,1.7515886429577578e-05
togeth,97883,4878,93005,0.04983500710031364,0.006046281311360794,0.03665100693188649,0.12132598474783284,0.08347382897232625,0.9900225949363186,0.0010958052674804291,0.006665001021649017,0.006149171364890296,-0.000515829656758721,0.000515829656758721,-1.1243202880004841e-05,1.1243202880004841e-05
tomorrow,97883,2843,95040,0.029044880111970414,0.004235501718293703,0.03280890931053594,0.1458261043586854,0.105622831438406,0.9416440530891976,0.0009239545059499721,0.0048366032502615616,0.004048472278353442,-0.0007881309719081197,0.0007881309719081197,-3.5884466089780694e-05,3.5884466089780694e-05
tongu,97883,1680,96203,0.017163348078828806,0.0020905780974990427,0.019754714083687046,0.12180479518898739,0.09635132347305855,0.960722554822204,0.0006923864439601058,0.0003300207372091012,0.0024468216182044903,0.002116800880995389,0.002116800880995389,3.592890403234732e-05,3.592890403234732e-05
tonight,97883,6074,91809,0.06205367632786081,0.009058212876729426,0.04858086063371801,0.1459738312500669,0.0969176730241083,0.9830915640757164,0.0027502411272412723,0.00864198544885452,0.00791506413739158,-0.0007269213114629407,0.0007269213114629407,6.175811334993922e-05,6.175811334993922e-05
tooth,97883,1475,96408,0.015069010962066958,0.0019287031650926283,0.019684294725084907,0.12799135722627913,0.1012926610941089,0.8861482895904449,0.0006277798229870779,0.0,0.0024583868510392485,0.0024583868510392485,0.0024583868510392485,3.1117148319514325e-05,3.1117148319514325e-05
top,97883,2425,95458,0.024774475649499913,0.0027161737312175875,0.023242170565502002,0.10963597250835921,0.0773290741275119,0.9088474044394824,0.0006429381461069936,0.0005604854094663192,0.0032317103628468633,0.002671224953380544,0.002671224953380544,1.986811679445361e-05,1.986811679445361e-05
touch,97883,5434,92449,0.05551525801211651,0.006103351636163893,0.03489635262754516,0.10994007512010129,0.0770536448207442,0.9357954084498736,0.0016716934237684413,0.0023070968312281846,0.00591443047561204,0.0036073336443838556,0.0036073336443838556,5.0468477198632645e-05,5.0468477198632645e-05
tough,97883,760,97123,0.0077643717499463645,0.0010579163484248251,0.015956998475193294,0.136252665701141,0.10089451736241785,0.8628474361467786,0.0006237971239420897,0.0,0.0010648316543588753,0.0010648316543588753,0.0010648316543588753,-4.62687292503205e-06,4.62687292503205e-06
toward,97883,994,96889,0.010154980946640376,0.0014782838696763966,0.017481917987643526,0.14557229377820396,0.11898323957120516,0.7284914590839863,0.00045810783483766376,0.0,0.0015676578870363988,0.0015676578870363988,0.0015676578870363988,2.2833137300918945e-05,2.2833137300918945e-05
town,97883,3404,94479,0.03477621241686503,0.00413160303022302,0.029834429906101544,0.11880543460849585,0.08473620340757204,0.9761988446778772,0.0017130984573449622,0.010221326172076496,0.003386946871214991,-0.006834379300861506,0.006834379300861506,-8.505607604457165e-05,8.505607604457165e-05
track,97883,1466,96417,0.014977064454501803,0.0016780082454431922,0.017391234254079856,0.11203852734564528,0.08799295611330045,0.8042160699787247,0.00030715288397693076,0.0017977649381149064,0.0017775000127390637,-2.0264925375842666e-05,2.0264925375842666e-05,-1.0480839324089055e-06,1.0480839324089055e-06
train,97883,1717,96166,0.017541350387707773,0.0025345702661543875,0.025496194909621846,0.14449117143971457,0.1017365128570049,0.9358724988805898,0.0014733049655800922,0.005461738766177606,0.0020732170868458413,-0.0033885216793317643,0.0033885216793317643,-6.823053638261755e-05,6.823053638261755e-05
trap,97883,1268,96615,0.012954241288068408,0.0016728520913660409,0.018962165187464082,0.12913547417916577,0.10063712265982569,0.9847819973007452,0.0005623517825103327,0.0002830918693060046,0.002225149020661664,0.0019420571513556592,0.0019420571513556592,2.6663831273066856e-05,2.6663831273066856e-05
travel,97883,1296,96587,0.013240297089382222,0.0019774998388385075,0.022260510554960162,0.14935464253474512,0.11125633352110775,0.976324275333915,0.0007143332847980968,0.0,0.0016934490696582842,0.0016934490696582842,0.0016934490696582842,7.936005414969666e-06,7.936005414969666e-06
treat,97883,1385,96498,0.014149545886415415,0.0017294651565597095,0.019301888790193962,0.12222760860616175,0.0871117028436126,0.8569669150736356,0.0010827148512519284,0.004678691723038231,0.0017409880511021138,-0.0029377036719361177,0.0029377036719361177,-5.198489072051219e-05,5.198489072051219e-05
tree,97883,2627,95256,0.02683816393040671,0.003412438228603766,0.026432818136947533,0.12714872140480488,0.0999593928350456,0.9561832483999329,0.0018076843133915277,0.010498499358194802,0.003142593876246772,-0.0073559054819480295,0.0073559054819480295,-5.559546787373896e-05,5.559546787373896e-05
tri,97883,15445,82438,0.15779042326042317,0.014412488237146758,0.047131902874562565,0.09133943581201917,0.0636895240012886,0.9776056285929452,0.0021015738999430916,0.008153929475573408,0.014848189524218632,0.006694260048645224,0.006694260048645224,9.644636256278037e-05,9.644636256278037e-05
trick,97883,838,97045,0.008561241482177701,0.0010694060088171497,0.015248365167139406,0.12491249207762416,0.0923341678144126,0.8420638416769807,0.0003964212493607418,0.0,0.0010391285701259248,0.0010391285701259248,0.0010391285701259248,1.3013717062553344e-05,1.3013717062553344e-05
trip,97883,1221,96662,0.012474076193005936,0.0015410880053628566,0.018465973258799725,0.12354325735375306,0.09022496676015,0.9570651874676468,0.00042586865241220687,0.00032033993997961346,0.0016499967093686748,0.0013296567693890614,0.0013296567693890614,9.114963444428144e-06,9.114963444428144e-06
troubl,97883,1892,95991,0.01932919914591911,0.0027081013474609915,0.02702915390195683,0.14010416712131304,0.09569445542058995,0.9091219420358768,0.0009662680100422855,0.004159987637478791,0.002532574109807714,-0.0016274135276710768,0.0016274135276710768,-4.4992787786097775e-05,4.4992787786097775e-05
true,97883,5349,92534,0.05464687432955671,0.006214596353530739,0.034403444144562374,0.11372281452096643,0.0837291226308647,0.8469024334848009,0.0030587393273139637,0.012735976216173998,0.005456485636403489,-0.00727949057977051,0.00727949057977051,-0.000126909740260006,0.000126909740260006
trust,97883,2507,95376,0.025612210496204654,0.0030571644605434634,0.025009085807695414,0.11936355360645226,0.08915148510872,0.9422143963946736,0.0009465268139526433,0.0006365599709952306,0.003623005633118606,0.0029864456621233756,0.0029864456621233756,4.966260108981105e-05,4.966260108981105e-05
truth,97883,4753,93130,0.04855797227301983,0.005245312797247482,0.030442651710206797,0.10802166053712929,0.0805539091204025,0.9378198805345052,0.0015584123642062287,0.0024372309079149107,0.005843136560773446,0.0034059056528585358,0.0034059056528585358,8.402367374985797e-05,8.402367374985797e-05
tryin,97883,1003,96880,0.01024692745420553,0.0012630752829932796,0.01710076220118042,0.12326380650571403,0.0856409380291644,0.9932900344729524,0.0008174893649531808,0.00032837745231277646,0.0009017651865292485,0.0005733877342164721,0.0005733877342164721,-2.4499770797933785e-05,2.4499770797933785e-05
tryna,97883,1058,96825,0.010808822778214808,0.0011864987017766177,0.014919235917941524,0.10977131609262825,0.076230308021038,0.8110045052044558,0.0005832042457935303,0.0,0.0030103518191226366,0.0030103518191226366,0.0030103518191226366,2.0553880515028977e-05,2.0553880515028977e-05
tune,97883,904,96979,0.009235515870988833,0.0012566418260300698,0.016360877201004573,0.13606622993064305,0.1088574028116635,0.850574656316428,0.0009097884559989437,0.004117567026678064,0.0010899530235481925,-0.003027614003129872,0.003027614003129872,-3.657312420456986e-05,3.657312420456986e-05
turn,97883,13176,84707,0.13460968707538593,0.012370551981004181,0.04501666755025599,0.09189941860630176,0.064980109382013,1.0,0.00235331463718892,0.007567345607973439,0.0113049986300539,0.0037376530220804612,0.0037376530220804612,5.950542385332718e-05,5.950542385332718e-05
tv,97883,1151,96732,0.011758936689721403,0.0013578896892864722,0.016223329304705852,0.11547725148256102,0.0861026746443046,0.8856891239685062,0.0006178955122817113,0.0002754199096023012,0.0012763263298461482,0.0010009064202438469,0.0010009064202438469,1.5330929727367526e-05,1.5330929727367526e-05
twenti,97883,782,97101,0.007989129879550074,0.0010681652018389833,0.016278530073167267,0.13370232027059487,0.09415095686636765,0.9150598007448282,0.000510474817227961,0.0028774911580278376,0.001202176087648769,-0.0016753150703790686,0.0016753150703790686,-1.3803317838039723e-05,1.3803317838039723e-05
twice,97883,903,96980,0.009225299592370484,0.001250514218223337,0.01692630193310988,0.13555269459839966,0.0969777605528715,0.8792157527793558,0.0006088295269064836,0.0015078101557288264,0.0012889861672784003,-0.00021882398845042604,0.00021882398845042604,-7.729232224412638e-06,7.729232224412638e-06
twist,97883,1386,96497,0.014159762165033766,0.0019182911762088623,0.0210398628521242,0.13547481616223092,0.10273624192258449,0.9753304020181546,0.0010109202989591116,0.000530692304500315,0.0016718480788122164,0.0011411557743119015,0.0011411557743119015,-6.013951174826892e-07,6.013951174826892e-07
two,97883,7274,90609,0.07431321066988139,0.007379476826902971,0.03598409288148903,0.09930235499694028,0.0716305530557889,0.9155471486337252,0.0008999258663557245,0.006498042697651614,0.007623813600042534,0.0011257709023909197,0.0011257709023909197,-1.5838092362922726e-05,1.5838092362922726e-05
type,97883,804,97079,0.008213888009153786,0.0009482562322624827,0.014368623516541806,0.11544547858525944,0.08151284606755875,0.8652353324429094,0.000338468144195828,0.0006004619048802777,0.0015015027082438774,0.0009010408033635997,0.0009010408033635997,1.5065431758630407e-05,1.5065431758630407e-05
uh,97883,1748,96135,0.01785805502487664,0.003372680063456152,0.037149102166058934,0.18886043629935842,0.10308054287082766,1.0,0.0009019015820789767,0.0012427666372143132,0.004588981949783211,0.003346215312568898,0.003346215312568898,4.1933463992765514e-05,4.1933463992765514e-05
underneath,97883,1019,96864,0.01041038791209914,0.001481848205025425,0.0183304546044055,0.14234322654808998,0.1098789889733556,0.8359947140166741,0.00046855321587209865,0.0009092013116468899,0.0017367860764208214,0.0008275847647739315,0.0008275847647739315,2.1809953969339397e-05,2.1809953969339397e-05
understand,97883,5675,92208,0.057977381159138974,0.006276692488966509,0.03369570804074741,0.10826105566475924,0.0797335589593053,0.98339581434789,0.0010785053901962178,0.002907359222184465,0.006027632850069086,0.0031202736278846213,0.0031202736278846213,2.939740106694907e-05,2.939740106694907e-05
univers,97883,887,96996,0.009061839134476876,0.0015002750509599237,0.020282094806780393,0.1655596649527736,0.1229094839341358,0.9199856421315044,0.0005440761094510191,0.0,0.0016745739066375749,0.0016745739066375749,0.0016745739066375749,2.3685539713209536e-05,2.3685539713209536e-05
upon,97883,2830,95053,0.028912068489931858,0.003531927642190447,0.024905903783115205,0.12216101533587545,0.09798667149512745,0.8015012764104853,0.0008800187431374612,0.0024963675998450324,0.0025075144039588605,1.1146804113828113e-05,1.1146804113828113e-05,-2.7019807680906895e-06,2.7019807680906895e-06
us,97883,1904,95979,0.019451794489339314,0.0023168918706601167,0.02012219564478525,0.11910941542847908,0.0960219662880642,0.7448584459450786,0.0006226135623523068,0.001627234524106,0.002438658702913532,0.0008114241788075318,0.0008114241788075318,2.985656516785561e-05,2.985656516785561e-05
use,97883,7138,90745,0.07292379677778572,0.007466091606691793,0.036871434530893636,0.10238210209271684,0.07207245839082854,0.9650901387874224,0.0011230871070388917,0.00895630483666941,0.007846030293550714,-0.0011102745431186972,0.0011102745431186972,-2.1145987481463846e-05,2.1145987481463846e-05
vein,97883,1216,96667,0.012422994799914183,0.0016941281736385957,0.018352300017912094,0.13637035199035089,0.1105185403490509,0.791818600102764,0.0006640117689366818,0.0,0.002023804905168062,0.002023804905168062,0.002023804905168062,3.5742787088249636e-05,3.5742787088249636e-05
view,97883,1358,96525,0.013873706363719951,0.0017592130080537262,0.018083970566071302,0.1268019490922849,0.10424529801648369,0.6524337794667859,0.0004799777827291411,0.0011658714291468287,0.0018869787448066429,0.0007211073156598142,0.0007211073156598142,1.5130577888100178e-05,1.5130577888100178e-05
vision,97883,1491,96392,0.015232471419960565,0.0020254051108481667,0.021014501354059856,0.132966283343495,0.10353500890839,0.952984366209299,0.0007674284188739873,0.0,0.0022235207833862583,0.0022235207833862583,0.0022235207833862583,2.9091020529268593e-05,2.9091020529268593e-05
voic,97883,4325,93558,0.044185405024365826,0.004895944280572623,0.029019582187667307,0.11080455815382428,0.0855508882074972,0.847320359521074,0.0011440008432144035,0.0032556643474672448,0.005290875149831389,0.0020352108023641443,0.0020352108023641443,4.98651411650755e-05,4.98651411650755e-05
wait,97883,11622,86261,0.11873359010246927,0.013355649250446695,0.05369013916103962,0.11248416929801014,0.0739588386468413,0.9634345418689956,0.002961104678174304,0.0022560822314654843,0.013555280399419356,0.011299198167953873,0.011299198167953873,0.00013560303851548926,0.00013560303851548926
wake,97883,5364,92519,0.05480011850883197,0.006309107197010666,0.036658538943556286,0.11512944440063293,0.0811694267028933,0.9894628527726798,0.0016402144275005667,0.0028591541559775955,0.007434361844841618,0.004575207688864023,0.004575207688864023,8.835434883092054e-05,8.835434883092054e-05
walk,97883,10555,87328,0.10783282081668931,0.010469973970162874,0.04265310111079467,0.09709450138526315,0.0690609652038088,0.94400083985704,0.002235380993071105,0.006347143219411853,0.00916876090798767,0.0028216176885758164,0.0028216176885758164,-4.2491002362434315e-05,4.2491002362434315e-05
wall,97883,4609,93274,0.04708682815197736,0.005145816035564132,0.030698300774817583,0.10928355630486525,0.0823746674833686,0.8734385137043748,0.0017630933238006695,0.0007460144321464908,0.005198084717193847,0.004452070285047356,0.004452070285047356,5.968040557328475e-05,5.968040557328475e-05
wander,97883,1000,96883,0.010216278618350479,0.0015956730434801638,0.019623068151012005,0.15618926451496887,0.12652191056479223,0.9627013404919867,0.0004761183978354644,0.002692303251489632,0.001588202409806792,-0.0011041008416828402,0.0011041008416828402,-1.2171038427186208e-05,1.2171038427186208e-05
want,97883,33190,64693,0.3390782873430524,0.0381336252771618,0.08545401541935065,0.112462598463526,0.07178587335856045,0.9908824508081084,0.006057883475339681,0.017189142098516925,0.04374162182619558,0.026552479727678654,0.026552479727678654,0.0003081838103170542,0.0003081838103170542
war,97883,2850,95033,0.029116394062298868,0.004039996155759798,0.032424042723734225,0.13875331358394258,0.096892826168466,0.93796130333676,0.0013854876690524958,0.0,0.003979806956358869,0.003979806956358869,0.003979806956358869,4.474702330978457e-05,4.474702330978457e-05
warm,97883,2251,95632,0.022996843169906928,0.002904930353176571,0.02383140018418454,0.12631865737893483,0.0995530398097185,0.9035730546677594,0.0008695666281768991,0.0012174390651862482,0.0027427160311067045,0.0015252769659204564,0.0015252769659204564,-8.913051258451096e-06,8.913051258451096e-06
warn,97883,1110,96773,0.011340069266369032,0.0015403239667168118,0.0179163249332312,0.1358302079586862,0.10804887323253295,0.8937462857976145,0.00030395658518889623,0.002500030671308115,0.0016281228411878172,-0.0008719078301202977,0.0008719078301202977,2.2936195602127383e-07,2.2936195602127383e-07
wash,97883,1602,96281,0.01636647834659747,0.0022882633808179436,0.02242988644371926,0.1398140352712876,0.10902288084502015,0.9645741513501984,0.0005142245909640373,0.000878407615698198,0.0023746455841166573,0.0014962379684184592,0.0014962379684184592,2.1758557700104448e-05,2.1758557700104448e-05
wast,97883,3547,94336,0.036237140259289154,0.004592445702513396,0.03235062630780387,0.12673311606966978,0.0892007973745665,0.9593983110401114,0.0015150360396168638,0.0011260610112386043,0.005187254299623845,0.004061193288385241,0.004061193288385241,8.05580906685519e-05,8.05580906685519e-05
watch,97883,7741,90142,0.07908421278465107,0.008023446069642738,0.03770918649951118,0.1014544595833665,0.0729289077503327,0.9951062230338598,0.001799064625731881,0.0034780352161812825,0.008665996703185049,0.005187961487003767,0.005187961487003767,6.949167238200137e-05,6.949167238200137e-05
water,97883,4115,93768,0.042039986514512226,0.005446863316786168,0.034800830243077646,0.129563869267796,0.0933839823339039,0.849594928894468,0.0007429408331571427,0.0045293876394175096,0.0059231175069886,0.0013937298675710903,0.0013937298675710903,2.2928385771391097e-05,2.2928385771391097e-05
wave,97883,2825,95058,0.028860987096840107,0.0038269456168514484,0.029067693054659664,0.1325992629431045,0.0997271873232944,0.9844165528423529,0.0009365543769221783,0.000653891305896463,0.004286393163654623,0.0036325018577581603,0.0036325018577581603,4.179325009317759e-05,4.179325009317759e-05
way,97883,23159,74724,0.23659879652237875,0.02086069031376503,0.05587481697818424,0.08816904659019223,0.0605705685877479,0.8779243567258662,0.001662588411064258,0.01831724981906274,0.020622418161535677,0.0023051683424729387,0.0023051683424729387,4.177770971877063e-05,4.177770971877063e-05
weak,97883,1955,95928,0.019972824698875187,0.002521547888486891,0.022421816980659044,0.12624893706842064,0.095446922736135,0.9146798826630768,0.0006575514327912304,0.0026266418693077567,0.0025887551575796714,-3.788671172808532e-05,3.788671172808532e-05,2.5123878890987776e-05,2.5123878890987776e-05
wear,97883,3079,94804,0.031455921865901126,0.0033641162824414737,0.024383483431169875,0.10694699385327017,0.0817289819873488,0.931849624066698,0.000669528473353005,0.005166777314609976,0.003511753655781039,-0.001655023658828937,0.001655023658828937,-2.5302592878822553e-05,2.5302592878822553e-05
weather,97883,983,96900,0.010042601881838522,0.0013823475148538177,0.017487970281168295,0.13764834363828712,0.1072484043199381,0.9748213526408576,0.0007462188242432986,0.0025070480229989096,0.0014209479489684332,-0.0010861000740304764,0.0010861000740304764,-1.7778090533912952e-05,1.7778090533912952e-05
week,97883,1267,96616,0.012944025009450058,0.0014410887830860616,0.016205048372831328,0.11133235466046801,0.0870741699525637,0.9415576457609494,0.00044164854787389333,0.0,0.001747189787532596,0.001747189787532596,0.001747189787532596,1.3025196736545173e-06,1.3025196736545173e-06
weight,97883,1273,96610,0.013005322681160161,0.0017775953306076893,0.019374658766607294,0.13668213962755102,0.1075750723701357,0.8787078686885221,0.0007213748638220308,0.00029333937655803485,0.0024623707746382075,0.0021690313980801726,0.0021690313980801726,3.784259163984176e-05,3.784259163984176e-05
welcom,97883,993,96890,0.010144764668022027,0.001774338346785331,0.02406974541761125,0.1749018735129794,0.1190161441954512,1.0,0.0005380049188960516,0.0002494659715079844,0.0017546766626732088,0.0015052106911652243,0.0015052106911652243,2.355966350581832e-05,2.355966350581832e-05
well,97883,18783,79100,0.19189236128847706,0.017480336304924037,0.05244439234025399,0.09109448749054357,0.062161991499134,0.9735880490712177,0.004797512027828137,0.03522530354266868,0.016054308795734412,-0.019170994746934268,0.019170994746934268,-0.0002330729724711428,0.0002330729724711428
west,97883,723,97160,0.007386369441067396,0.0010869974403924342,0.01670560070486437,0.1471626147412623,0.1065409489260809,0.8637678196435679,0.0006491157578776167,0.003455481662203895,0.0009421628229930124,-0.0025133188392108827,0.0025133188392108827,-1.9976614056586947e-05,1.9976614056586947e-05
wet,97883,969,96914,0.009899573981181615,0.001304134353497834,0.016416613694230815,0.13173641168568473,0.1061477888701269,0.7435877234642455,0.0004396934309666358,0.0,0.0015105323751642506,0.0015105323751642506,0.0015105323751642506,8.917033077148013e-06,8.917033077148013e-06
whatev,97883,1844,96039,0.018838817772238284,0.0027547470651864345,0.02712074161704263,0.14622717298353782,0.10143837857700505,0.9847840575647834,0.000688695168112278,0.0016875908771866262,0.0029878127691451823,0.0013002218919585561,0.0013002218919585561,3.324578212384986e-05,3.324578212384986e-05
wheel,97883,1234,96649,0.012606887815044493,0.0018224395332243541,0.021803749577893276,0.1445590347087516,0.10460916227550045,0.9768328807794584,0.0010158138114110778,0.0004215475339296764,0.0014310124751410983,0.001009464941211422,0.001009464941211422,-1.5017138184821106e-05,1.5017138184821106e-05
whenev,97883,774,97109,0.007907399650603272,0.0012226156592276684,0.01797653784135795,0.15461665190204374,0.1124520495657631,0.7708390150863909,0.0009048070262204028,0.0009584455260283628,0.0012415218390127796,0.00028307631298441676,0.00028307631298441676,-2.607371535408177e-05,2.607371535408177e-05
wherev,97883,847,97036,0.008653187989742857,0.0015861683876313131,0.022119269216620847,0.18330451037369047,0.132472374877932,0.9459994406213,0.000590229952988554,0.0006250633606399031,0.001724355093287725,0.001099291732647822,0.001099291732647822,6.6641299546646594e-06,6.6641299546646594e-06
whisper,97883,1893,95990,0.01933941542453746,0.002414840345497736,0.02175494956807391,0.12486625332189906,0.0974786349744922,0.9585812861030868,0.0008825496302627108,0.005351371406050482,0.00230277394927208,-0.003048597456778402,0.003048597456778402,-1.1385448236929314e-05,1.1385448236929314e-05
white,97883,3605,94278,0.03682968441915348,0.004321904660729034,0.02959783002374155,0.11734840330267407,0.0874030082202533,0.9134770482892298,0.0012703782137606604,0.0008158464917215818,0.004506085011148123,0.0036902385194265415,0.0036902385194265415,1.9151752806749433e-05,1.9151752806749433e-05
whoa,97883,1083,96800,0.011064229743673569,0.002545000106745033,0.03287007943950064,0.23002054058035462,0.1430409088268696,0.9772113500632444,0.0012900252655443083,0.0002967585076110205,0.0017460991621951842,0.0014493406545841637,0.0014493406545841637,-3.044363504116202e-05,3.044363504116202e-05
whole,97883,3824,94059,0.039067049436572236,0.00420794633772911,0.02781091402045206,0.10771088163596718,0.07885342757144084,0.8868627207076037,0.0007088183738299178,0.0032550678487811573,0.004811331319788737,0.0015562634710075793,0.0015562634710075793,5.362466292665193e-06,5.362466292665193e-06
wide,97883,1559,96324,0.015927178366008397,0.0021322362971930723,0.020985171709034293,0.1338740766376841,0.1047011559492541,0.8689126605785721,0.0004165694417955506,0.0033077052253482463,0.0021679993395397495,-0.0011397058858084968,0.0011397058858084968,-2.4552499097979816e-06,2.4552499097979816e-06
wife,97883,900,96983,0.009194650756515432,0.001093603124552472,0.014151848706689868,0.11893906071174402,0.0933047337288438,0.6390224561439005,0.0006469685062031906,0.0011336358287035249,0.0009046452856618487,-0.00022899054304167618,0.00022899054304167618,-2.9768410052567876e-05,2.9768410052567876e-05
wild,97883,1967,95916,0.020095420042295392,0.0031234464390559897,0.03120085582906151,0.155430761461168,0.1016967346321373,0.9627915362552756,0.0011322167545085313,0.003799764522717844,0.003239436144853756,-0.0005603283778640878,0.0005603283778640878,-1.185529498515666e-05,1.185529498515666e-05
win,97883,2230,95653,0.02278230131892157,0.0029317653375696856,0.025568088248944354,0.12868609261763836,0.09343338767555975,0.9013000421702838,0.0007475865959754088,0.004626201606377191,0.002808114621236641,-0.0018180869851405494,0.0018180869851405494,8.744036811781904e-06,8.744036811781904e-06
wind,97883,4919,92964,0.05025387452366601,0.005871125824115876,0.033162246057180676,0.11682931673956785,0.0894887817867837,0.9292043586906678,0.001216120883589727,0.003805949165062435,0.005138822964721028,0.0013328737996585933,0.0013328737996585933,-2.6579241149899028e-05,2.6579241149899028e-05
window,97883,2887,94996,0.029494396371177834,0.0033789507683418614,0.024632432732840614,0.11456246555511132,0.0906132258805034,0.851444560291184,0.0012310192381525728,0.002370767978556091,0.003276403935477149,0.0009056359569210581,0.0009056359569210581,-1.3312365092909937e-05,1.3312365092909937e-05
wine,97883,1275,96608,0.013025755238396861,0.0017000205659495988,0.018984269691989502,0.13051224553478002,0.1019710862748361,0.9170868454385354,0.0011373647663128546,0.000837303997084711,0.00152438742034601,0.0006870834232612991,0.0006870834232612991,-3.6899877593998964e-05,3.6899877593998964e-05
wing,97883,1856,96027,0.01896141311565849,0.002748231796930318,0.02486013543627031,0.14493813199295816,0.10877909071396615,0.8006400510701566,0.0004711810202320784,0.0024424713204687005,0.0023430110441362514,-9.946027633244911e-05,9.946027633244911e-05,6.598596182702947e-06,6.598596182702947e-06
winter,97883,1513,96370,0.015457229549564275,0.0023151183754824382,0.023356110987179914,0.1497757646710823,0.1163904977826548,0.8172156543847382,0.000847275140889227,0.0025537916667696036,0.002156248166939939,-0.00039754349982966484,0.00039754349982966484,-8.575641590558359e-06,8.575641590558359e-06
wish,97883,5568,92315,0.05688423934697547,0.006956418877105693,0.03939183886891234,0.12229079542883199,0.0842582459295482,0.948997257186019,0.001554147101308686,0.002309346186739927,0.007065101163565299,0.004755754976825372,0.004755754976825372,3.6301326084828725e-05,3.6301326084828725e-05
wit,97883,870,97013,0.008888162397964918,0.001207996329335732,0.016459886003505845,0.13591069506249367,0.0998487965135407,0.9104397041586386,0.0004910020193493997,0.0,0.0013436958905120035,0.0013436958905120035,0.0013436958905120035,2.5259534483058594e-05,2.5259534483058594e-05
within,97883,2103,95780,0.02148483393439106,0.002947183777486761,0.02442771392346917,0.1371750783127611,0.1102980685218629,0.8359639886881302,0.0008818634459631539,0.0031775404210778566,0.0029030279750877604,-0.0002745124459900962,0.0002745124459900962,2.6726928630897217e-05,2.6726928630897217e-05
without,97883,9072,88811,0.09268207962567555,0.010938290147729936,0.047733151102251126,0.11801947250112976,0.08174177418789194,0.9998299991251202,0.0017546701631299566,0.011623293846879382,0.011064761716378546,-0.0005585321305008363,0.0005585321305008363,8.139499914844748e-05,8.139499914844748e-05
woah,97883,718,97165,0.007335288047975644,0.001681646084760945,0.02690977417635074,0.22925426701205506,0.14601044780256967,0.965459003720305,0.0005812730945042051,0.00024368827255117097,0.0025393574998432847,0.0022956692272921137,0.0022956692272921137,2.1239114704274932e-05,2.1239114704274932e-05
wolf,97883,677,97206,0.0069164206246232745,0.0012821678017695235,0.020299126845430785,0.18538025249720275,0.1269800442045238,0.9237623140965778,0.0005474422018112837,0.0,0.0013635039643188848,0.0013635039643188848,0.0013635039643188848,2.6505119215236588e-05,2.6505119215236588e-05
woman,97883,3125,94758,0.03192587068234525,0.004675733553308466,0.03650668083790374,0.14645594476751764,0.0942543258487898,0.953831992751171,0.003977827608368999,0.01179338711083623,0.0033663768511959474,-0.008427010259640282,0.008427010259640282,-0.00019755134058993299,0.00019755134058993299
wonder,97883,4585,93298,0.04684163746513695,0.005492809145644505,0.0338778448834722,0.1172633887902118,0.0834800823798523,0.9566333415528652,0.0011898056985108845,0.0074974595328802214,0.005120288805600864,-0.002377170727279357,0.002377170727279357,-3.2661255211264724e-05,3.2661255211264724e-05
woo,97883,551,97332,0.005629169518711115,0.0010010581300962328,0.01954665040668582,0.17783407068640572,0.104374019642198,0.973965677439199,0.0004334041134981891,0.0016834679996984906,0.001636876929143384,-4.6591070555106586e-05,4.6591070555106586e-05,-1.1612293829931948e-05,1.1612293829931948e-05
wood,97883,740,97143,0.007560046177579355,0.0012117169449599415,0.017632684430035205,0.16027904016691075,0.12583387742259378,0.9961653018481887,0.00047611871448289313,0.0009043754530130441,0.0010418454238123379,0.0001374699707992938,0.0001374699707992938,6.674115644789896e-07,6.674115644789896e-07
word,97883,9216,88667,0.09415322374671801,0.009028113013137481,0.038263993659330774,0.09588745508517099,0.07070239233401379,0.95076169843084,0.0014068037561884462,0.005881455672535166,0.00864747749964112,0.0027660218271059545,0.0027660218271059545,2.3745141313694772e-05,2.3745141313694772e-05
work,97883,5186,92697,0.05298162091476559,0.00570768226146014,0.03452944143384767,0.10772947605061761,0.07424316323157305,0.9736773962468112,0.0013197104644396304,0.0013344601068897492,0.00610886422681427,0.004774404119924521,0.004774404119924521,-1.2128602400823231e-05,1.2128602400823231e-05
world,97883,15289,82594,0.1561966837959605,0.015760016166445612,0.05120505978412696,0.100898532436405,0.0706917337648016,0.991229120391364,0.0030094776304568065,0.005939678258902494,0.014551010115356625,0.00861133185645413,0.00861133185645413,9.334945801859559e-05,9.334945801859559e-05
worri,97883,2275,95608,0.023242033856747342,0.003020467029039786,0.02698313697989707,0.12995708756197863,0.0909692732534416,0.9752860826208936,0.0011987236283961798,0.005567386447043463,0.0032544083840672887,-0.002312978062976174,0.002312978062976174,-4.7814955545863883e-05,4.7814955545863883e-05
worth,97883,2298,95585,0.0234770082649694,0.003044085475595496,0.025658724919313255,0.12966241018612443,0.0958362754349783,0.8908414089978505,0.0008643257705256882,0.0005783015254914918,0.003384511055669541,0.002806209530178049,0.002806209530178049,4.5071700268229995e-05,4.5071700268229995e-05
would,97883,22016,75867,0.22492159006160417,0.02188386289836367,0.059742766282577374,0.09729551926237877,0.06607149267459264,0.9173417181073736,0.0022952529897131207,0.02106016456177555,0.02096428387534936,-9.588068642618977e-05,9.588068642618977e-05,-1.7904449752244788e-06,1.7904449752244788e-06
wound,97883,1276,96607,0.013035971517015212,0.0017851271930609835,0.01867161463104174,0.13693856194231055,0.11213633026070674,0.9109543016703424,0.000652016784180398,0.0,0.0017796523011445586,0.0017796523011445586,0.0017796523011445586,3.220048791005911e-05,3.220048791005911e-05
wow,97883,373,97510,0.003810671924644729,0.0007147245815753083,0.017434524365219094,0.18755867618856809,0.1018114707169749,0.9827904365987518,0.0004615352150957461,0.0,0.0008953634099486711,0.0008953634099486711,0.0008953634099486711,-3.131452812448017e-06,3.131452812448017e-06
wrap,97883,1179,96704,0.012044992491035215,0.0015372359235592045,0.017826373569960478,0.1276244816842626,0.0990304788828221,0.9009683441904492,0.0003814485901807878,0.0014924698580535834,0.0016512389344188172,0.0001587690763652338,0.0001587690763652338,1.2161774806321737e-06,1.2161774806321737e-06
write,97883,3654,94229,0.037330282071452656,0.004127369042085885,0.02768750049253493,0.11056356429843806,0.08168835634059565,0.9409884627024871,0.0007997476915364802,0.0010675364843070053,0.004596290844460257,0.003528754360153252,0.003528754360153252,2.4602853606006428e-05,2.4602853606006428e-05
wrong,97883,7014,90869,0.07165697822911027,0.00759073808856874,0.0381722619615278,0.10593159628220332,0.0739656661006361,0.9872288963516356,0.0011077380040666514,0.008206211544012949,0.007315908120932104,-0.0008903034230808449,0.0008903034230808449,3.6452583224412825e-05,3.6452583224412825e-05
ya,97883,3022,94861,0.03087359398465515,0.004514826490912197,0.03647622348527329,0.1462358575148771,0.08866721436978556,0.9786013232611972,0.001164536338099128,0.0021936506320637383,0.004864418097383387,0.0026707674653196484,0.0026707674653196484,-2.0465854286600443e-05,2.0465854286600443e-05
yea,97883,507,97376,0.005179653259503693,0.0010194098767969926,0.019347607865954058,0.19681044767360953,0.1245036948678914,0.9911289392955628,0.0005911234869802217,0.0,0.0008373760697177053,0.0008373760697177053,0.0008373760697177053,8.329166601127736e-06,8.329166601127736e-06
yeah,97883,15438,82445,0.15771890931009472,0.020406537631624814,0.07198280296365932,0.12938548536056044,0.08053411948988715,1.0,0.0032487786986469076,0.013739067669528005,0.022971489157579215,0.00923242148805121,0.00923242148805121,-7.987300423390995e-05,7.987300423390995e-05
year,97883,5496,92387,0.056148667286454235,0.006079758163987133,0.032765889643230225,0.10827965217713839,0.08152527988347144,0.8187798941898864,0.0013120236407739689,0.004856327462317566,0.0058307825282379435,0.0009744550659203776,0.0009744550659203776,-1.9685087000903957e-05,1.9685087000903957e-05
yellow,97883,733,97150,0.007488532227250901,0.0011536726616008658,0.017599522720612857,0.1540585827223432,0.1152731117547137,0.9605250846025166,0.0011943483901756796,0.002790118405733003,0.0010194308343745456,-0.0017706875713584575,0.0017706875713584575,-3.392056539837577e-05,3.392056539837577e-05
yes,97883,4626,93257,0.04726050488848932,0.005973068571473293,0.037211172678622284,0.12638605079583234,0.08602729699996431,0.933068802352426,0.0042622283137822535,0.012188779594042487,0.005068992651963006,-0.007119786942079482,0.007119786942079482,-0.00020258076608691903,0.00020258076608691903
yesterday,97883,1587,96296,0.01621323416732221,0.0022582261726781143,0.023022001650353455,0.1392828937997806,0.1006411611965726,0.8524188865000232,0.0008434823125609446,0.0017454474088516904,0.001878616077202283,0.00013316866835059267,0.00013316866835059267,6.665547857579101e-07,6.665547857579101e-07
yet,97883,2623,95260,0.026797298815933308,0.0033149499511494793,0.02572186324840805,0.12370463060174018,0.095196621482443,0.8942236993459285,0.0006108608881098935,0.0030158045447259223,0.0034975764007179866,0.0004817718559920643,0.0004817718559920643,1.2734593155113275e-05,1.2734593155113275e-05
yo,97883,1135,96748,0.011595476231827795,0.0014567655317105552,0.01951166203734217,0.1256322295510346,0.0808537523385479,0.9614760949959652,0.0008463288281036047,0.0017465640245409948,0.0016952157068817106,-5.134831765928418e-05,5.134831765928418e-05,2.356900140757563e-05,2.356900140757563e-05
young,97883,3966,93917,0.040517761000378,0.004935605039356895,0.03413775573767401,0.12181337066751664,0.08288343824344775,0.9930251091248355,0.0018286430139154133,0.007844341023319231,0.005427178226501777,-0.0024171627968174545,0.0024171627968174545,-7.433920691294504e-05,7.433920691294504e-05
youth,97883,783,97100,0.007999346158168425,0.0012529606871686178,0.018063815153214074,0.15663288753783627,0.1170234215145433,0.9802410477413076,0.00030177176879056576,0.0016268532799597068,0.0013521239318528267,-0.00027472934810688016,0.00027472934810688016,4.608231762742175e-06,4.608231762742175e-06
