genre,n_valid_windows,mean_relative_position,median_relative_position,mean_absolute_relative_position,feature
alternative rock,37,-0.1409130168813933,-0.13425011729932745,0.1409130168813933,love
ambient,43,-0.35113592102779007,-0.3451440678971847,0.35113592102779,love
black metal,36,-0.3719583223415476,-0.36384282850505983,0.3719583223415477,love
blues,61,0.06248917621302177,0.05925273057072599,0.11062224965478493,love
bossa nova,54,0.31471458030201327,0.3225656450463739,0.35202638788466417,love
brazilian rock,34,-0.007931605514213695,-0.017656582033672194,0.1178530237207829,love
classic rock,61,0.14272754115863032,0.1632100018356906,0.18258296871795462,love
country,53,0.14545263110039575,0.11092938942368856,0.16768629896131912,love
death metal,33,-0.3890998146334406,-0.38205243795890176,0.3890998146334406,love
disco,46,0.4255524831186481,0.4285503915771753,0.4255524831186482,love
doom metal,33,-0.2845233412715969,-0.2747477665455726,0.2845233412715969,love
dream pop,34,2.5002713749187454e-05,-0.04295256449303698,0.12961086141029043,love
easy listening,47,0.5782294116517327,0.5542184270191811,0.5783159511327615,love
electronic,45,-0.14269818605224832,-0.06416342340942345,0.17023615182357063,love
experimental,52,-0.18184084923723925,-0.1932529636201385,0.18434832652633398,love
folk,57,-0.0010640379015276465,-0.004326386007877066,0.14526233706723887,love
funk,51,0.14400545076151094,0.12241044710798972,0.17844549519231978,love
glam rock,39,0.1038254430619007,0.08370778132269532,0.1579707621206262,love
gothic rock,34,-0.036873322867670276,-0.04531237204333474,0.16919827025395442,love
grunge,32,-0.13275750401013883,-0.12789424364745047,0.13700376672784698,love
hard rock,51,-0.027625283635448507,-0.026655197542478696,0.10508094278214429,love
hardcore,39,-0.30128448836555943,-0.31229172770059577,0.3012844883655594,love
hardcore punk,32,-0.28340759992717796,-0.2840007887073781,0.283407599927178,love
indie rock,33,-0.14191067929343087,-0.10816372268406853,0.14191067929343085,love
industrial,35,-0.24725745164622154,-0.23257144624997475,0.24725745164622154,love
jazz,61,0.07640580121021542,0.09013215336333873,0.15801591773527018,love
latin,40,0.47791578934901696,0.5778880339196046,0.5462930674800726,love
metal,48,-0.267980456566982,-0.2888420108929536,0.2755583205642177,love
mpb,53,0.22595842695199136,0.23864925165604534,0.22949859600645547,love
new wave,43,0.061506470494616196,0.03602740731392757,0.1465735864311894,love
pop,57,0.32911322513058044,0.33673693185010567,0.3299381256810226,love
pop rock,32,0.17342919876546592,0.10403831645911026,0.18011431871045622,love
post-hardcore,35,-0.2775235903964695,-0.23184263326244808,0.2775235903964695,love
post-punk,43,-0.13542277112024484,-0.1591436932659617,0.13693877780292674,love
power metal,34,-0.29852233258193595,-0.31490333872020915,0.29852233258193595,love
progressive metal,32,-0.30428486977789704,-0.3027081166083268,0.30428486977789704,love
progressive rock,53,-0.15881870173338586,-0.16874482656070203,0.17485130388602674,love
psychedelic rock,48,-0.22818631052080648,-0.22806072737157257,0.2292837508243477,love
punk,47,-0.24397274178633852,-0.2258870198617372,0.24397274178633846,love
rap,32,-0.19130570021120066,-0.154648472442378,0.19130570021120066,love
reggae,42,0.1397394906525761,0.11852765612098108,0.24463887922276045,love
rock,61,0.06317368295220595,-0.00653873455557378,0.15322999284321057,love
samba,42,0.21970319142947006,0.19202988798149473,0.25785869366248243,love
shoegaze,35,-0.1816521784494491,-0.18825112932069346,0.18769003377959204,love
singer-songwriter,56,-0.005837659347286327,0.009528445013149521,0.10258257068892436,love
soft rock,49,0.2834244812250414,0.2757539697671362,0.2920195245481557,love
soul,61,0.6081807315078859,0.6001315261265252,0.6081807315078859,love
soundtrack,44,-0.14771436288421375,-0.18010001985680238,0.15653577425265164,love
synthpop,41,-0.008600703709249286,-0.013730059869398646,0.1656564348800808,love
thrash metal,37,-0.37826568865252547,-0.38136051850533426,0.37826568865252547,love
alternative rock,37,-0.114421073227875,-0.09029240420381585,0.114421073227875,babi
ambient,43,-0.21422751175360344,-0.2172913730404064,0.2204016554095582,babi
black metal,36,-0.2582477493227585,-0.2630209711744256,0.2582477493227585,babi
blues,61,0.5309897883737873,0.4995646413067464,0.5309897883737874,babi
bossa nova,54,-0.23504286378695116,-0.2665664189552891,0.23846964991098035,babi
brazilian rock,34,-0.16798123994011568,-0.2087550534969661,0.18168257427687817,babi
classic rock,61,0.14097442747186995,0.12923938479954097,0.16175737004937465,babi
country,53,0.06931230657176057,0.07924699580689584,0.21296444369028708,babi
death metal,33,-0.2654725167372485,-0.26017559620850833,0.2654725167372485,babi
disco,46,0.3799647902085324,0.3760491937296623,0.3818612084837624,babi
doom metal,33,-0.25013404499093755,-0.24761925350351016,0.2501340449909376,babi
dream pop,34,-0.07369411589360665,-0.07957131022159708,0.09205778154267708,babi
easy listening,47,0.03559635164144584,-0.0004966669662157872,0.18478556094076362,babi
electronic,45,-0.04335811693028916,-0.0027915665694814235,0.12732315662856722,babi
experimental,52,-0.14739077933476666,-0.19890835273084173,0.20905428474123716,babi
folk,57,-0.14422200802384894,-0.13987077412106205,0.1442220080238489,babi
funk,51,0.4177789313112877,0.3306799833346425,0.4177789313112877,babi
glam rock,39,0.008319487367440783,-0.005351035090260049,0.08329508597815831,babi
gothic rock,34,-0.12327333956960797,-0.1918646121776989,0.19294855670996475,babi
grunge,32,-0.16343876013545197,-0.1732242090631368,0.163438760135452,babi
hard rock,51,0.0534652731286306,0.045121770309516786,0.12718279083873635,babi
hardcore,39,-0.17403058835269133,-0.2103314396516213,0.1850695747667325,babi
hardcore punk,32,-0.23249940516984968,-0.23018991181020448,0.2324994051698497,babi
indie rock,33,-0.12117632913234691,-0.09565111495162708,0.12117632913234691,babi
industrial,35,-0.15838341140798917,-0.1598804929204143,0.15838341140798917,babi
jazz,61,-0.09615938329676775,-0.08553562151403388,0.1552313195588363,babi
latin,40,-0.03692629626903512,-0.06678915588553774,0.14415410355203187,babi
metal,48,-0.2094423559982148,-0.2137943950102137,0.2094423559982148,babi
mpb,53,-0.15778827070173287,-0.16136241269397097,0.16225660092702382,babi
new wave,43,-0.07387416226068612,-0.07459881909963594,0.10417601566265097,babi
pop,57,0.2022920984976768,0.2803134001983186,0.2611149517123588,babi
pop rock,32,0.1494001772467213,0.11568749627527086,0.1574117700528453,babi
post-hardcore,35,-0.2163860272243801,-0.2019009279770602,0.21638602722438008,babi
post-punk,43,-0.13360095021712695,-0.1947283744301155,0.16401015050639814,babi
power metal,34,-0.24206575293277563,-0.2486963288621693,0.24206575293277563,babi
progressive metal,32,-0.24671889873066255,-0.24725163862190938,0.24671889873066255,babi
progressive rock,53,-0.2032352863952069,-0.20714024961394886,0.20867108746488555,babi
psychedelic rock,48,-0.16680362352849618,-0.16518423085258732,0.16680362352849618,babi
punk,47,-0.014540591646364676,-0.1018971588169484,0.16889442736338087,babi
rap,32,0.09203503582392318,0.0850367551441363,0.09622073987172672,babi
reggae,42,0.00671476639258656,0.02142081634158935,0.1860589510472636,babi
rock,61,-0.003965247972166567,-0.03368921035639169,0.10739060068296069,babi
samba,42,-0.24935287280042104,-0.2534501182888888,0.24935287280042107,babi
shoegaze,35,-0.19399957016288746,-0.20172209254975484,0.19442962555883994,babi
singer-songwriter,56,-0.05792464329921443,-0.06060889852502138,0.08090869237349572,babi
soft rock,49,0.15587233107010534,0.08055610176029908,0.19188447563767724,babi
soul,61,0.7029673294928609,0.6909685615444434,0.7029673294928609,babi
soundtrack,44,-0.11538511736231861,-0.12215721385988322,0.11879891375504652,babi
synthpop,41,-0.1136432979217029,-0.10149897271646825,0.14449217363451103,babi
thrash metal,37,-0.25217814868413846,-0.25678351912672365,0.2521781486841385,babi
alternative rock,37,-0.035233992961070375,0.015046036175618355,0.11695544870087295,want
ambient,43,-0.3458829328849793,-0.3504975402020308,0.34588293288497923,want
black metal,36,-0.3793445987860236,-0.38630695430033357,0.37934459878602367,want
blues,61,-0.016720525655470803,-0.021063511677041277,0.11548785954113078,want
bossa nova,54,0.16351626177643808,0.10214403762299559,0.20569111185560743,want
brazilian rock,34,0.28154366084948507,0.28999691535123673,0.281543660849485,want
classic rock,61,0.06624137417413227,0.04589167493017639,0.1173838642659352,want
country,53,-0.037057911777148025,0.004703103717194649,0.114909542278547,want
death metal,33,-0.33930257071730935,-0.3448283364167282,0.33930257071730935,want
disco,46,0.0940933587580145,0.09746936032116219,0.1296496586935332,want
doom metal,33,-0.3160668709959054,-0.3121883455941515,0.31606687099590547,want
dream pop,34,-0.09329913678500736,-0.11536037485043152,0.1386407792251671,want
easy listening,47,-0.12204260643676226,-0.16099608202795163,0.19007074984078617,want
electronic,45,-0.1145212562274533,-0.05179967553921358,0.12473449276253579,want
experimental,52,-0.18578786719111104,-0.1834616415684585,0.1859685732194019,want
folk,57,-0.10618306858453715,-0.09057963089929094,0.11441708978320742,want
funk,51,0.2002580310645906,0.1963468405833673,0.20560688424524473,want
glam rock,39,-0.058769826330224324,-0.07767619609919078,0.1285411023986096,want
gothic rock,34,-0.14726934182167148,-0.14812793493479842,0.15534333017818056,want
grunge,32,-0.011663066813378819,-0.028382212867092735,0.06838084758932375,want
hard rock,51,-0.01832299445858999,-0.006837370307405444,0.0602609674134128,want
hardcore,39,-0.028054575840512175,-0.06775538630634405,0.11412499161501387,want
hardcore punk,32,0.007914576644334698,-0.05432268266750853,0.1634028323058345,want
indie rock,33,0.03148357391741308,0.03225501167344254,0.07397497109925072,want
industrial,35,-0.005455417823455929,-0.04188571798355935,0.14092333796289272,want
jazz,61,-0.2015496000835593,-0.20922284493592422,0.20205978799195826,want
latin,40,0.21893987522550162,0.24088168337284602,0.24660839801292522,want
metal,48,-0.12180760477162168,-0.1607927917847928,0.14868361248345596,want
mpb,53,0.3572530789253383,0.27692980554014857,0.3572530789253384,want
new wave,43,0.017327074722867635,0.002959994030731396,0.08237750476506084,want
pop,57,0.18236695085189172,0.17669418417327315,0.18411061511332305,want
pop rock,32,0.18091904484194968,0.18035625530085297,0.20047863339601457,want
post-hardcore,35,-0.08043290199596931,-0.08092851208200491,0.14154166711747032,want
post-punk,43,-0.07006839986701002,-0.09176895568863751,0.12183220030970228,want
power metal,34,-0.3111869241996961,-0.31145093859390843,0.3111869241996962,want
progressive metal,32,-0.24238778479100775,-0.24206336843416243,0.24238778479100775,want
progressive rock,53,-0.131799872810894,-0.1532769529752572,0.16291456099357232,want
psychedelic rock,48,-0.13637557112290027,-0.13700030642926642,0.14749046657627077,want
punk,47,0.10347574126818242,0.11362415352117058,0.12317824664325874,want
rap,32,0.120521726893507,0.12669501524347573,0.12339693117071537,want
reggae,42,0.09218694281126802,0.08234979371062123,0.1744211702119092,want
rock,61,0.07492305433780802,0.048470054925197424,0.10734748872231156,want
samba,42,0.23382632389527938,0.23400270147345614,0.23382632389527938,want
shoegaze,35,0.03413163389663796,0.036756942114551286,0.06025151145347994,want
singer-songwriter,56,-0.0490413868201859,-0.06240164247277377,0.07585036093028386,want
soft rock,49,0.11439782760643272,0.09652705490698979,0.12816656283720534,want
soul,61,0.15350578429690412,0.1415819474267207,0.15796102274136287,want
soundtrack,44,-0.1612125213650895,-0.20939169538723712,0.1906374731199424,want
synthpop,41,0.039042783724478246,0.019394532562645377,0.12572242618584728,want
thrash metal,37,-0.2566292256942702,-0.26489426706315294,0.2566292256942702,want
alternative rock,37,0.014106844902883513,0.012325231254718015,0.047661268280331036,blue
ambient,43,-0.03196823449978135,-0.07936640827238274,0.1108832320070876,blue
black metal,36,-0.04259681500104753,-0.07334572982487972,0.08610942430159899,blue
blues,61,0.3363325099680281,0.30372594877953885,0.33902680241475464,blue
bossa nova,54,0.09344679572080865,0.028801679210764507,0.18443904675012057,blue
brazilian rock,34,-0.026897765665799597,-0.0373880470622113,0.08509013923207469,blue
classic rock,61,0.15300854158411115,0.14293374707070478,0.16908477057721444,blue
country,53,0.1269898445244826,0.11512374259159941,0.15566823076503186,blue
death metal,33,-0.12121982920731159,-0.11329530599931688,0.12121982920731159,blue
disco,46,-0.03453394870259043,-0.0438351350294284,0.05729018232877844,blue
doom metal,33,-0.03284571154824746,-0.022168711878321097,0.0607257605492072,blue
dream pop,34,0.15852536385206856,0.16202495501367786,0.18109345282004408,blue
easy listening,47,0.10126197085497658,0.1023472647694813,0.18399927372018862,blue
electronic,45,-0.04118573495361059,-0.03456508710383678,0.058091822615162256,blue
experimental,52,-0.034748435948357054,-0.029095731621060758,0.07282138437297864,blue
folk,57,0.07168167821580995,0.04527844715626537,0.1046993023406895,blue
funk,51,-0.05518827585234074,-0.05593941401971575,0.0677690111227628,blue
glam rock,39,0.09812306499963613,0.07918857283152846,0.16409130629965962,blue
gothic rock,34,-0.03806246557437592,-0.05526872890809188,0.09751803746264284,blue
grunge,32,-0.03813777132951312,-0.046595606305256346,0.07841281587874505,blue
hard rock,51,-0.03423630419521556,-0.0365884521023821,0.051539665990629514,blue
hardcore,39,-0.10773504362035273,-0.11157289396698966,0.10825900563462183,blue
hardcore punk,32,-0.057112738846357564,-0.07707796531105862,0.09208543066501959,blue
indie rock,33,-0.042174447561794434,-0.030686192185154393,0.051936372562288655,blue
industrial,35,-0.11460520407740418,-0.1119885710831114,0.11460520407740418,blue
jazz,61,0.049815265876307316,0.07745310710965926,0.13227732320016924,blue
latin,40,-0.10300800189795131,-0.11795534485491896,0.11609497119447906,blue
metal,48,-0.10293926351785271,-0.09491624382249067,0.10573861872208616,blue
mpb,53,0.09656302567947635,0.09694346474545501,0.14691505013943096,blue
new wave,43,0.006527081987146104,0.032247375757428,0.06886539419392763,blue
pop,57,0.045218688798142635,0.031925636032140436,0.0752276504638337,blue
pop rock,32,-0.06148333281082406,-0.09087435305730981,0.08935767538211654,blue
post-hardcore,35,-0.057666844095458525,-0.06802117655055133,0.09178778319994076,blue
post-punk,43,-0.0072891044393730555,-0.026902733519325726,0.06823622442423725,blue
power metal,34,-0.0360320856531329,-0.06826284570926357,0.08737333280750834,blue
progressive metal,32,-0.05027390799930255,-0.07971298066118465,0.08509206077618175,blue
progressive rock,53,-0.046195692196547865,-0.044315106544811134,0.06535895881482917,blue
psychedelic rock,48,0.028874246862595192,0.03917186611062144,0.0716668527044687,blue
punk,47,-0.03296681949656767,-0.024995802861762423,0.06441676898225451,blue
rap,32,-0.06894026654548853,-0.05559694734071791,0.06894026654548852,blue
reggae,42,0.008106182924488427,-0.03243829106098954,0.11789968393035567,blue
rock,61,0.006852806457771054,0.0125689431203146,0.05764734042469178,blue
samba,42,-0.043689339875499736,-0.08187340786337871,0.11503334066811378,blue
shoegaze,35,0.02783906701160929,-0.0016753397189349045,0.09223174937673043,blue
singer-songwriter,56,0.10582688591767811,0.09711961987540106,0.13472873593296839,blue
soft rock,49,0.02114107376850441,-0.004026894243630594,0.12888548110506465,blue
soul,61,-0.06411348732628543,-0.07906068811477197,0.06917798511583349,blue
soundtrack,44,-0.015283520221928958,-0.08391656138899958,0.1309265069010974,blue
synthpop,41,8.564499237234789e-05,0.0005420925274495562,0.08280817704676154,blue
thrash metal,37,-0.13152560892582507,-0.13880273612643806,0.13152560892582507,blue
alternative rock,37,-0.0012648307763682236,0.06148749700988061,0.1265728188233214,feel
ambient,43,-0.30367256564474,-0.3123757750371822,0.30367256564473993,feel
black metal,36,-0.23525115721949275,-0.2668188153582454,0.24605770323160783,feel
blues,61,-0.08335772340131604,-0.0922949944778893,0.11762592162670195,feel
bossa nova,54,-0.222805436451054,-0.21158179085175716,0.22280543645105405,feel
brazilian rock,34,-0.178330640373856,-0.20457913338785966,0.17843277928175844,feel
classic rock,61,0.02245389142485684,-0.003673866684792472,0.06827287123233076,feel
country,53,-0.07502318064012425,-0.09125556304924892,0.12628749833870037,feel
death metal,33,-0.151781937501847,-0.14438515599705634,0.151781937501847,feel
disco,46,0.2002346120491311,0.17868361408091066,0.20566824585561735,feel
doom metal,33,-0.06648288246708875,-0.10352176101178084,0.10485472927517384,feel
dream pop,34,0.05308989344637792,0.05899819231284049,0.13478921050745532,feel
easy listening,47,0.007186517592390617,0.0014980658520616186,0.1606298122609543,feel
electronic,45,-0.08757950524628942,0.007888962658414687,0.12567379813258925,feel
experimental,52,-0.13273545623554084,-0.16568017979068717,0.18895694562541376,feel
folk,57,-0.09744616184468946,-0.10703758598734682,0.12997810724720762,feel
funk,51,0.028100855562617433,-0.0007754809840230262,0.11999221745896597,feel
glam rock,39,-0.04146878733624154,-0.086054118242108,0.1933801778934295,feel
gothic rock,34,0.07548162790374152,0.08132652839405113,0.13011144932138122,feel
grunge,32,0.15614408180629766,0.186818724842783,0.16559595687973708,feel
hard rock,51,0.029483430870425455,0.023671246048528875,0.06882203489508784,feel
hardcore,39,-0.01196824657041947,-0.02884636524643768,0.15058069474340172,feel
hardcore punk,32,-0.0710845926708363,-0.040249569804284485,0.16104445074908735,feel
indie rock,33,-0.008141333427144631,0.003493464509772832,0.09984825280203637,feel
industrial,35,-0.0858574240073828,-0.0639163523144734,0.09411381795488612,feel
jazz,61,-0.1856839927723423,-0.17200456577878442,0.18568399277234232,feel
latin,40,0.02609857817315161,0.031016155665594222,0.1008064007568098,feel
metal,48,0.16762244769014792,0.1295834599511638,0.1827218079538664,feel
mpb,53,-0.16648359514191563,-0.16725167343865008,0.1683646995926002,feel
new wave,43,0.043431551089813225,-0.0013955257051563165,0.10044089491615747,feel
pop,57,0.1223040888394274,0.12264338911369017,0.1321369191690865,feel
pop rock,32,0.08773455222645121,0.11997852034916705,0.16742285792057965,feel
post-hardcore,35,0.00811514667565328,0.03680845292229139,0.1696570407205766,feel
post-punk,43,-0.01677209125606307,-0.0017640903229330937,0.0794680697359116,feel
power metal,34,-0.04810871765831354,-0.08416960190826465,0.10339491442615789,feel
progressive metal,32,0.04062884456286691,0.029539175818867943,0.10618315252406199,feel
progressive rock,53,0.01661659758074627,0.031830662926498256,0.09511288750806703,feel
psychedelic rock,48,0.02677472274091135,0.004731647674503775,0.09473108512056354,feel
punk,47,0.006189829173499632,-0.01858115115975848,0.09857843374940256,feel
rap,32,-0.141407948947969,-0.10929661581127972,0.141407948947969,feel
reggae,42,-0.08450332526436587,-0.08218772953741463,0.09915671238747939,feel
rock,61,-0.01999054169700908,0.04423524284938919,0.11050109802984041,feel
samba,42,-0.173356792093636,-0.18646721106358094,0.17337059407681452,feel
shoegaze,35,0.16491967898582885,0.12216766331063977,0.17718813931164096,feel
singer-songwriter,56,-0.027219229606876543,-0.03420758292980618,0.08987043156892807,feel
soft rock,49,0.15485602959837202,0.12100707791574214,0.1796721462420119,feel
soul,61,0.15225209173862977,0.14908055685950308,0.1701667674792203,feel
soundtrack,44,-0.16057136873073496,-0.19607804661158434,0.1882579548586331,feel
synthpop,41,0.02595031313279782,0.020710291003468145,0.057124405473635495,feel
thrash metal,37,-0.028737548023607715,-0.015857835774694698,0.07653339159924641,feel
alternative rock,37,-0.041167043374098024,-0.03861208806447756,0.05152450379627922,man
ambient,43,-0.1924570908536043,-0.18790636811573974,0.1924570908536043,man
black metal,36,0.08151053548786527,0.07956499639404539,0.11705409750029269,man
blues,61,0.29868261770009474,0.29121216744989986,0.30009423215374825,man
bossa nova,54,-0.11017683032280978,-0.1146813618862364,0.1463417172981101,man
brazilian rock,34,-0.07637271241485687,-0.11256716301381413,0.13169129436245075,man
classic rock,61,0.048365422287424555,0.03854487900995464,0.08895552022484955,man
country,53,0.23531738539182326,0.23633770181740218,0.2518076844551382,man
death metal,33,0.11828020734755529,0.11887858349321107,0.12316992841944725,man
disco,46,0.051001635992736036,0.015372816857937111,0.12701455788101707,man
doom metal,33,0.05743321373982513,0.04989555453456696,0.07969768574640211,man
dream pop,34,-0.1339028708807805,-0.11662362944553598,0.13565224463499953,man
easy listening,47,-0.06318433682633189,-0.09035279991036169,0.1633549278723918,man
electronic,45,-0.15077653212497064,-0.12975376296662397,0.15077653212497064,man
experimental,52,-0.0718350727228916,-0.06039027324471874,0.09063270721943507,man
folk,57,0.11490070267055624,0.06322833832913215,0.13993032312575754,man
funk,51,0.08388721354856868,0.07195364411482859,0.14678408370878415,man
glam rock,39,0.06395720794693506,-0.0015304588030322192,0.17389058791692785,man
gothic rock,34,-0.05853749490316934,-0.1031233679679166,0.13418284468220334,man
grunge,32,-0.05195429629401788,-0.05078657798030227,0.06606371391608087,man
hard rock,51,0.043372015372779536,0.0140074896089696,0.06497927836128589,man
hardcore,39,0.0008450772278314364,-0.03560515222782002,0.11170103131960103,man
hardcore punk,32,0.09652437181131361,-0.018010603162242882,0.18363210817510828,man
indie rock,33,-0.0034244189573620935,0.002079388909808565,0.03695714605913432,man
industrial,35,-0.02880405856513862,-0.02854318941554463,0.08422301767753812,man
jazz,61,-0.09899857072553972,-0.10830283052525463,0.12247323732934545,man
latin,40,-0.11569187941998116,-0.10397711853334216,0.11774664325449971,man
metal,48,0.12490634880744637,0.06180526904360677,0.13316597656642373,man
mpb,53,-0.10532129739339703,-0.09759838266242613,0.11122722066475965,man
new wave,43,0.016755898301863963,0.027537479045962293,0.052684555973039955,man
pop,57,-0.06076648423035742,-0.06602723936022337,0.07329741931827112,man
pop rock,32,-0.02848026303016402,-0.09589002179614939,0.16661882638802056,man
post-hardcore,35,-0.10833418845448863,-0.11326221418706642,0.12379037135642132,man
post-punk,43,0.009066146239858719,-0.008148966355360557,0.07000967041658537,man
power metal,34,0.11721137141575937,0.1246831605431285,0.15742481729942318,man
progressive metal,32,0.0172281443625165,0.01515301447404704,0.06905918744066142,man
progressive rock,53,0.02808558125782635,0.05187317139123069,0.08511114018573344,man
psychedelic rock,48,-0.0317058191600854,-0.05424347353565011,0.09758091335528328,man
punk,47,-0.03525161383774642,-0.03210424280107846,0.08164314112307154,man
rap,32,0.4707615858260299,0.4646315099990551,0.4707615858260299,man
reggae,42,0.314566189027736,0.21664489490819094,0.33639737534266456,man
rock,61,-0.03745110203778314,-0.021998050655464948,0.0819522334990499,man
samba,42,-0.07798693779418982,-0.06671852642953763,0.11189634098389252,man
shoegaze,35,-0.1762417783524362,-0.1912715660480958,0.17665714954795594,man
singer-songwriter,56,0.10618382411848484,0.08253046625907831,0.1294947955015244,man
soft rock,49,-0.021919058688664853,-0.052075560151089016,0.16035805306954276,man
soul,61,0.009197725664311986,0.027225584340603445,0.09522940279105895,man
soundtrack,44,-0.023929827604778322,-0.06612734426326525,0.12699181276541194,man
synthpop,41,-0.029628197075003703,-0.07899360279349171,0.1340282421560081,man
thrash metal,37,0.04103366837817393,0.042786386548883566,0.06835468415438042,man
alternative rock,37,0.07497995252340206,0.10303533658299416,0.10672837634003991,well
ambient,43,-0.2725319866698281,-0.27392782845953295,0.27253198666982803,well
black metal,36,-0.25330038665539617,-0.2511874740733624,0.25330038665539617,well
blues,61,0.43789477507661256,0.37585092915524837,0.43789477507661256,well
bossa nova,54,-0.11128361540751962,-0.10787532075404954,0.1473026355795248,well
brazilian rock,34,0.006197335246504132,-0.019478508555048162,0.11118716601978587,well
classic rock,61,0.2506155054372864,0.21075877549091335,0.2506155054372864,well
country,53,0.150737825448722,0.18435824143643895,0.180474484305138,well
death metal,33,-0.2617367399966562,-0.25795039684512017,0.26173673999665625,well
disco,46,-0.036473119033933264,-0.036726259969217454,0.0908303740904156,well
doom metal,33,-0.15898172597421054,-0.1638630874294778,0.15898172597421054,well
dream pop,34,-0.0824028071293499,-0.0735418492265279,0.09503301232199737,well
easy listening,47,-0.0776270023784266,-0.07856759056823505,0.12471967949196222,well
electronic,45,-0.16053473243774682,-0.13258991287585148,0.16294104693233505,well
experimental,52,-0.11298561063083401,-0.1109497826992521,0.14098912407588637,well
folk,57,0.053832704132309256,0.059313832883757765,0.19383446947128052,well
funk,51,0.045193786601896165,-0.016768203061665862,0.13800366168229156,well
glam rock,39,-0.018286614852058274,-0.047595186763502904,0.1431287065113841,well
gothic rock,34,-0.1578375274816629,-0.1595980495756279,0.1590873487153721,well
grunge,32,-0.01246690375757375,0.016174262931762006,0.09564423399607877,well
hard rock,51,0.07185461271472308,0.07789798512390206,0.07767906276553699,well
hardcore,39,0.00875136603279297,0.007431211452977971,0.09032379859508231,well
hardcore punk,32,-0.03963174767162294,-0.11888261682016342,0.1850792148757156,well
indie rock,33,0.12995664817179284,0.11410352670646394,0.12995664817179284,well
industrial,35,-0.0836034681527323,-0.07832528358422744,0.08963996886232194,well
jazz,61,-0.21212466370325223,-0.20018860536814773,0.21212466370325217,well
latin,40,-0.05914827394844176,-0.06442329345863212,0.08032133848952075,well
metal,48,-0.03136483993559742,-0.08296770538238712,0.13047517060319802,well
mpb,53,-0.10930519057415201,-0.0937646279868454,0.11809689035896405,well
new wave,43,-0.007106903530095257,-0.020657000301003207,0.08444099068613865,well
pop,57,-0.06436606939958948,-0.03890321076389865,0.09157030565468145,well
pop rock,32,0.03926981580241957,0.06414748562000012,0.10895306113467934,well
post-hardcore,35,0.023779407334543503,0.005693966483696113,0.14923774587310903,well
post-punk,43,0.008898073277817753,-0.003008215158958807,0.10678673046722799,well
power metal,34,-0.193035942905931,-0.20069200727875514,0.19596241067788148,well
progressive metal,32,-0.1642261124708717,-0.16764923499834133,0.1642261124708717,well
progressive rock,53,-0.07453570779230702,-0.07108736530133342,0.11588710864650428,well
psychedelic rock,48,0.026465421156545987,0.008032553278083667,0.10706004993329236,well
punk,47,0.21111800429584665,0.21745947668874774,0.21228236081594873,well
rap,32,0.19783243913001589,0.1773866976203738,0.19783243913001589,well
reggae,42,-0.05820262943758695,-0.04979848787080528,0.11594595494211844,well
rock,61,0.1697932243479433,0.08608641906635024,0.1757784840594276,well
samba,42,-0.11050942477007278,-0.13954017351247106,0.1530420473042047,well
shoegaze,35,-0.12099491295852834,-0.1455144289936921,0.12185476610159093,well
singer-songwriter,56,0.06432173024063575,0.10512438191016064,0.11864214083410247,well
soft rock,49,0.14190518476457845,0.13053397088797336,0.15537427188592765,well
soul,61,-0.05181036606051829,-0.05439096743404973,0.10061927788424374,well
soundtrack,44,-0.14269832930896983,-0.15248381527489924,0.14749996465040852,well
synthpop,41,-0.09421195507998974,-0.08719103496184284,0.09937581064205193,well
thrash metal,37,-0.15922987349265244,-0.1713873873413468,0.1625644162824257,well
alternative rock,37,-0.013590248690935752,-0.0028735638557511687,0.057531338489982195,like
ambient,43,-0.3549422014857947,-0.3657918821236642,0.3549422014857947,like
black metal,36,-0.27504785513923,-0.2707752924628761,0.27504785513923,like
blues,61,-0.05110025442398516,-0.07062603080338573,0.09991761118506794,like
bossa nova,54,0.19819471735977648,0.17519724523448502,0.2648886008373334,like
brazilian rock,34,0.15322494393019206,0.17487526585328717,0.1795614816325581,like
classic rock,61,0.04165691332141679,0.043901506277858625,0.09875872882223419,like
country,53,0.18893375925999792,0.18430992835557905,0.2195286300349264,like
death metal,33,-0.27835716422442847,-0.2851911441129861,0.2783571642244285,like
disco,46,0.019447039261648657,-0.013292778777827731,0.13699854078341178,like
doom metal,33,-0.17536011653199296,-0.18907973924791985,0.17937281739413363,like
dream pop,34,0.04068780252499159,-0.012805687218091397,0.13388470194717367,like
easy listening,47,0.07814092885454386,0.08235353465855537,0.1802386210770283,like
electronic,45,-0.1687391553637235,-0.1309143681465868,0.17544636039930106,like
experimental,52,-0.06328029983431581,-0.07732935846696287,0.12584929224411112,like
folk,57,0.043219510724297264,-0.017604448650025424,0.11654033236554544,like
funk,51,-0.01179302456311071,-0.02402170502570418,0.08193698845203856,like
glam rock,39,0.016833334187347775,-0.06746726437860076,0.16591408951157552,like
gothic rock,34,-0.1540830138011759,-0.17846948998053652,0.1649871667502032,like
grunge,32,0.04598495818944364,0.04270280277012915,0.08480333352400737,like
hard rock,51,-0.0179501653824268,-0.016023028987854928,0.04820805702933386,like
hardcore,39,0.013613860847453845,-0.05033042428588275,0.11482890325409355,like
hardcore punk,32,-0.14953674471278902,-0.1112445297156898,0.1552837971786724,like
indie rock,33,-0.056678722902779546,0.005445787743139123,0.10417457775283546,like
industrial,35,-0.09920196513541132,-0.11445025338984735,0.11219142602152987,like
jazz,61,-0.15045625578320249,-0.1501874011528482,0.1669959432320437,like
latin,40,0.15905114299652623,0.14352363619728814,0.18963212685979577,like
metal,48,-0.1256941923685934,-0.1215030588201867,0.13586765855493943,like
mpb,53,0.1297881309383775,0.06424402463264857,0.17009234416384705,like
new wave,43,-0.008540191057642161,-0.0031688544251353527,0.07390307170120394,like
pop,57,0.08689009545788505,0.0719379818077873,0.10507922837279904,like
pop rock,32,0.1400172813623602,0.11554908251222964,0.1633545919951576,like
post-hardcore,35,-0.09844158990758155,-0.08230005473903916,0.11894988443177897,like
post-punk,43,0.029111765455065577,0.007480926079448838,0.08743394213415301,like
power metal,34,-0.1829299329527874,-0.1912712543765926,0.1829299329527874,like
progressive metal,32,-0.21714592745242742,-0.2008160231328486,0.21714592745242742,like
progressive rock,53,-0.1457702925106597,-0.13864272859775598,0.14615304773048152,like
psychedelic rock,48,-0.0972276922660215,-0.0960705083093955,0.0980045653511742,like
punk,47,-0.0013351994467563314,-0.009814076363960377,0.05610052506720249,like
rap,32,0.7371854369785843,0.7281881365021383,0.7371854369785843,like
reggae,42,-0.004326462340236201,0.06201976713299938,0.17872336992849563,like
rock,61,0.018241925979415326,0.032800895763550254,0.09518532431426854,like
samba,42,0.05823273953112214,0.04765561544332421,0.12946002024803185,like
shoegaze,35,-0.03839232793037449,-0.06370648270874932,0.11640845629482861,like
singer-songwriter,56,0.1920327043704641,0.1835479687781794,0.19316165311495018,like
soft rock,49,0.06289479616141222,0.04548122902477288,0.0981766114814315,like
soul,61,0.018148842108897605,0.019455054841036063,0.06527698481519509,like
soundtrack,44,-0.19816962656882312,-0.22184505755724993,0.20235388762354,like
synthpop,41,0.0015735999805337531,-0.05944642751436694,0.14458510471151367,like
thrash metal,37,-0.20346378460618567,-0.2161085344188828,0.20346378460618567,like
alternative rock,37,-0.044323341257623,-0.0040736971986919945,0.07262989287959333,pron
ambient,43,-0.1893393551757242,-0.21408527624806553,0.1893393551757242,pron
black metal,36,-0.07407893421879393,-0.1066722828080747,0.13038185118010023,pron
blues,61,-0.09635885948229536,-0.10896689974350378,0.10880372680473424,pron
bossa nova,54,0.029254384933713233,0.027095279997166072,0.1500148630584322,pron
brazilian rock,34,0.09177329273497138,0.11471223516498054,0.19183898847671113,pron
classic rock,61,-0.03101186982552913,-0.03513779172035499,0.08815521194000848,pron
country,53,-0.06049027541206475,-0.040612783644286686,0.08672171010669373,pron
death metal,33,0.011506005027588856,0.004288277378527759,0.059562686655310546,pron
disco,46,0.06654987812695114,0.0713902866298784,0.12846590229435204,pron
doom metal,33,-0.05120255710904194,-0.017667867302131476,0.0720287170316148,pron
dream pop,34,-0.08873179779784766,-0.09945713201699653,0.1448073804008852,pron
easy listening,47,0.031511022311631554,0.011113784262878177,0.11306053269685967,pron
electronic,45,0.01743957501901237,-0.05846576214423358,0.14563200581215047,pron
experimental,52,-0.009879711512714339,-0.06142334545853079,0.15096928414223584,pron
folk,57,-0.05804514404710183,-0.03989397410238055,0.06705363974575981,pron
funk,51,0.12729054698959105,0.09498687524311286,0.1528108197066408,pron
glam rock,39,0.04817477615258774,-0.038376459742196056,0.1742053507260602,pron
gothic rock,34,-0.0528913275178909,-0.0483010678472305,0.07597281001422618,pron
grunge,32,-0.03651029098425214,-0.047100262206653386,0.08927512863849163,pron
hard rock,51,-0.023211404372188372,-0.01050376138303227,0.05948504656471493,pron
hardcore,39,0.20650456042112503,0.22778305923599418,0.2507444594029706,pron
hardcore punk,32,0.09709454130658622,0.054815620945787846,0.12715903613967985,pron
indie rock,33,0.042495103046217245,0.04351830444139425,0.049778464267633264,pron
industrial,35,-0.07187282644401641,-0.08466755872754897,0.09356766689345714,pron
jazz,61,-0.01527778992113913,-0.07305351492881106,0.15493463006067001,pron
latin,40,0.05870228896196383,0.10226691062395377,0.14782852606222036,pron
metal,48,0.07349357670864057,0.02605343560301425,0.15277521931985957,pron
mpb,53,-0.0007626912747607582,0.004634628670590701,0.10247311507968652,pron
new wave,43,-0.045368807000789976,-0.026640985116095844,0.07003636951760533,pron
pop,57,0.07856842377999676,0.0693230662164479,0.10461112054272785,pron
pop rock,32,-0.04139010743659821,-0.04741824173908304,0.08317289615062393,pron
post-hardcore,35,0.11107941532322381,0.17588718218681115,0.18122873221372834,pron
post-punk,43,0.004072067985060063,-0.01037843200737197,0.07042088844317046,pron
power metal,34,0.1417472781989386,0.09684827116366217,0.1495495057437012,pron
progressive metal,32,0.07310346425407338,0.06366903774617685,0.09265875991836636,pron
progressive rock,53,0.0676160039159801,0.08065851692140727,0.11805066876881104,pron
psychedelic rock,48,-0.08763660544960751,-0.10116190953925276,0.11127214001195351,pron
punk,47,0.02829645680955467,0.04334839162883596,0.06647156112712577,pron
rap,32,0.1498368098066655,0.11968739371623,0.1519400859035172,pron
reggae,42,0.06935188300806182,0.07542614346959867,0.10861014697226924,pron
rock,61,0.059684815261343165,0.008941497120632351,0.09856784965213086,pron
samba,42,0.01944217676709601,-0.03834399875918644,0.10563167000964135,pron
shoegaze,35,-0.10492199611522421,-0.08725443998467494,0.11648834620183732,pron
singer-songwriter,56,-0.0038858305627574494,-0.000555064891828196,0.06378069402023931,pron
soft rock,49,-0.040902092815454455,-0.03864454062607285,0.07683955985547543,pron
soul,61,0.022495689661774218,-0.004168931452830917,0.05985550714763117,pron
soundtrack,44,-0.13070180997329445,-0.15246581413050742,0.13235717267138256,pron
synthpop,41,0.0771342587279922,0.028422515759710228,0.14530836579913964,pron
thrash metal,37,-0.060395284743579955,-0.056603269602958695,0.06564830052732784,pron
alternative rock,37,-0.05868610880864174,-0.01722550551121239,0.06990022516290781,cri
ambient,43,-0.16586296422968866,-0.17035423751700768,0.16588925421446465,cri
black metal,36,0.06569245213361094,-0.005433360105198229,0.14605983436829037,cri
blues,61,0.09821022725396983,0.0706219012710852,0.12998115327460197,cri
bossa nova,54,0.24925245791477926,0.19220084293351258,0.2994360012566571,cri
brazilian rock,34,-0.0226144114422031,-0.03104359243759436,0.11502035689833535,cri
classic rock,61,0.008694241919931041,-0.01374161530312278,0.060580730720410376,cri
country,53,0.15218016259854109,0.09427301345453312,0.17546654951109114,cri
death metal,33,-0.023445650255468055,-0.025057476278673517,0.05345992899435344,cri
disco,46,0.004805190902133866,-0.05059431089817955,0.12476285273529228,cri
doom metal,33,0.04669816249374489,0.05757599610749939,0.10638458854009905,cri
dream pop,34,0.07985018526561238,-0.012761832636132845,0.1589220911205523,cri
easy listening,47,0.08717705865426659,0.07694362720528997,0.16013628734194846,cri
electronic,45,-0.11077698713551078,-0.10031964125025375,0.11511226089367987,cri
experimental,52,-0.1003407789219806,-0.08615863308113295,0.11091514487690332,cri
folk,57,0.03456290912951921,0.004228914009638918,0.10841107803281597,cri
funk,51,-0.05240096206239458,-0.06210686948880186,0.09834700909963154,cri
glam rock,39,-0.0495632037537871,-0.08989384262527703,0.12591775600990485,cri
gothic rock,34,0.04644997757322497,0.05985107522191638,0.11618640988538953,cri
grunge,32,-0.06396258477942474,-0.058475389682000514,0.06902742402883144,cri
hard rock,51,-0.03190228920926804,-0.023143563320875728,0.053581591633303144,cri
hardcore,39,-0.02644614643198597,-0.04598320057772828,0.06741971345930436,cri
hardcore punk,32,-0.013336995075036323,-0.04803046257970295,0.11452884481172274,cri
indie rock,33,-0.04774738379669718,-0.07477735737223415,0.10686551105187546,cri
industrial,35,-0.051052885683877246,-0.047633804258368315,0.07316989056875685,cri
jazz,61,-0.07506094716855197,-0.07860033019694644,0.10993489745773165,cri
latin,40,0.21561303080035543,0.24553467240695037,0.22868585972885777,cri
metal,48,0.030840700337314193,0.009992624089657964,0.09182815550887889,cri
mpb,53,0.08018458540680899,0.04142353553951487,0.12160337128821892,cri
new wave,43,0.005707321031999873,-0.01883513320443518,0.10547229934753169,cri
pop,57,0.0832372019076748,0.04238610911217118,0.08925223412896595,cri
pop rock,32,0.18241150662987166,0.12384293583443637,0.19463803961460602,cri
post-hardcore,35,-0.08068090703933284,-0.13307440640617954,0.17699992653827484,cri
post-punk,43,0.05487282163196848,-0.0024184655964116977,0.114788340380409,cri
power metal,34,0.26209478401650244,0.23826966101318964,0.26929170468183594,cri
progressive metal,32,-0.0038533865026289605,0.0019429989073610958,0.04989287073594001,cri
progressive rock,53,-0.04269129934977453,-0.017869795455744616,0.06597719660033234,cri
psychedelic rock,48,0.0028241274639974703,-0.017968082752256198,0.09717874663556388,cri
punk,47,-0.05077460756482613,-0.06653377805415313,0.08456829818404409,cri
rap,32,-0.09890274346554279,-0.09244842437129046,0.09890274346554279,cri
reggae,42,0.03614042180038376,0.011996708127117698,0.13619014571114432,cri
rock,61,0.014905883334515804,0.004246439951900317,0.06995087125079606,cri
samba,42,0.25054170775805307,0.24284835451924466,0.26737793530301845,cri
shoegaze,35,-0.0798265882516372,-0.05582597151399996,0.0857651299432028,cri
singer-songwriter,56,0.0469131283440836,0.05446785833970358,0.08484430502780128,cri
soft rock,49,0.11854896765356977,0.043118545260130654,0.19015962403718215,cri
soul,61,0.03355009607785765,0.054691251615896164,0.1105953610611795,cri
soundtrack,44,-0.10407391932752792,-0.09089401031102817,0.10485277319360015,cri
synthpop,41,0.016794183027500454,0.010288483982112706,0.08386505115324956,cri
thrash metal,37,0.014680482541449137,-0.0002913841083163585,0.0765974387583861,cri
alternative rock,37,-0.0790514856073219,-0.07871495846858655,0.07939539864043202,yes
ambient,43,-0.15083861130687623,-0.13223241971655997,0.15083861130687623,yes
black metal,36,-0.04038191194761408,-0.03998239562778272,0.06825492357956074,yes
blues,61,0.1362724262575981,0.14837658710802593,0.16802394667710494,yes
bossa nova,54,0.10314056346947151,0.06546615717506592,0.1939069630748968,yes
brazilian rock,34,0.03883311203931213,0.006807469583093103,0.10826907749816012,yes
classic rock,61,0.12262095324691578,0.13977835574040812,0.1447514711578461,yes
country,53,-0.01939807794722397,-0.027227101057501438,0.0811208999568668,yes
death metal,33,-0.13687405636146685,-0.13659196115774513,0.13687405636146685,yes
disco,46,0.1511497578824407,0.07148886881871094,0.1694882602360335,yes
doom metal,33,-0.1091266327406407,-0.11513102846516166,0.1091266327406407,yes
dream pop,34,-0.03833253884581768,-0.06645510086594819,0.10884037155770865,yes
easy listening,47,0.05848622637267083,0.08922658082835294,0.1538317563592091,yes
electronic,45,-0.09925475688188945,-0.05819162376694768,0.10040723635950367,yes
experimental,52,-0.07829961359174614,-0.0896559393680019,0.12591674967091138,yes
folk,57,-0.012736227691619707,-0.019941409167547837,0.07969932523907342,yes
funk,51,0.0347887219412309,0.03439153479794894,0.08208667633107736,yes
glam rock,39,0.01851130461815989,0.021095495241470127,0.08682148288584546,yes
gothic rock,34,-0.09289182821282291,-0.11729245045222406,0.11728876125160437,yes
grunge,32,-0.09112653316430014,-0.08473114455666723,0.09112653316430014,yes
hard rock,51,0.00229262077815095,-0.005638289897217667,0.040217359731894636,yes
hardcore,39,-0.11339197506597849,-0.11008038781834548,0.11339197506597848,yes
hardcore punk,32,-0.11078230274141425,-0.1552730140522115,0.11857926049148848,yes
indie rock,33,-0.03824092258657549,-0.025577618199360306,0.05236380158647484,yes
industrial,35,0.022436881272717115,-0.004016857242099174,0.10012160249603905,yes
jazz,61,-0.03147813012454427,-0.017440189179844714,0.09552995099995758,yes
latin,40,0.04819444273874745,0.09828482074730002,0.13391797352298793,yes
metal,48,-0.07363100589036137,-0.06589994725641944,0.0860414411961498,yes
mpb,53,0.04472079053897557,0.020172699240222254,0.12925554772438988,yes
new wave,43,-0.0316170739473479,-0.032368078881612826,0.07882046883112608,yes
pop,57,0.02173721668468182,0.03908509944492442,0.057774462105775484,yes
pop rock,32,0.04583432308599136,0.01961327084728923,0.10403027245594937,yes
post-hardcore,35,0.02796842981658594,0.0005861284183369917,0.12241827910625298,yes
post-punk,43,0.007319365509741186,-0.00941532276424499,0.06672258848290907,yes
power metal,34,-0.01034297024261784,-0.07019551023072954,0.1104125637691398,yes
progressive metal,32,-0.11010867485995353,-0.12140809177528078,0.11010867485995351,yes
progressive rock,53,0.019432677290414254,-0.023256411422449677,0.10183876466953111,yes
psychedelic rock,48,-0.0841477369719723,-0.10227955699867583,0.12451168880129763,yes
punk,47,-0.11312684616130528,-0.12484736469941415,0.11585119733792888,yes
rap,32,0.1303796650617564,0.0914145938935054,0.132440993366579,yes
reggae,42,0.15592401904113665,0.1736469379940936,0.23473060802985454,yes
rock,61,0.0013423134606735186,-0.014243119705686428,0.08551473998153011,yes
samba,42,0.026477658448200957,-0.0028051890705327633,0.14380905501001176,yes
shoegaze,35,-0.040242123577461965,-0.08388276672943351,0.1154767712768625,yes
singer-songwriter,56,0.07563273783721045,0.06635646108605817,0.09501421934744839,yes
soft rock,49,0.15766821882134693,0.11775067732693595,0.1836213036271508,yes
soul,61,0.15875043590216703,0.15257146292112753,0.16296706656480237,yes
soundtrack,44,0.00973183542706446,-0.025294721424194,0.08492993702423896,yes
synthpop,41,-0.10894025805279667,-0.11291092995347735,0.1225512907639653,yes
thrash metal,37,-0.09977707050161011,-0.11931509913136713,0.10835578380825868,yes
alternative rock,37,-0.06261310292169642,-0.06074293659185608,0.06261310292169642,woman
ambient,43,-0.12239744325147443,-0.11679711759017221,0.12239744325147443,woman
black metal,36,0.021839822371623106,-0.05245743835695078,0.13605952809974578,woman
blues,61,0.34606600236943996,0.3464655814896958,0.34618348179864006,woman
bossa nova,54,0.140612271109969,0.12720997254945215,0.20464645907202253,woman
brazilian rock,34,0.07764371794604187,0.03768440479942949,0.1434652823181699,woman
classic rock,61,0.13778529938522321,0.0703306473926985,0.15272144767327292,woman
country,53,0.1663774062838564,0.13729094331532382,0.2063713063762916,woman
death metal,33,-0.09304053206111791,-0.08444466082852455,0.0930405320611179,woman
disco,46,0.19469108400767415,0.0930722154809071,0.26227372598782145,woman
doom metal,33,-0.07921616752502983,-0.07497836491124013,0.07921616752502983,woman
dream pop,34,-0.10057565162185265,-0.11414853529964256,0.10057565162185265,woman
easy listening,47,-0.0012565464508279554,-0.07058544603765722,0.1502122479763761,woman
electronic,45,-0.06972208279280623,-0.0701414545261113,0.08756954670419405,woman
experimental,52,-0.01393186047886377,-0.056824001186402066,0.12686640050440184,woman
folk,57,0.029031396462669178,0.035038314510682546,0.10252506494892354,woman
funk,51,0.10797969535434872,0.11150487815453464,0.13663716781341526,woman
glam rock,39,0.10306504074839389,-0.03605946474202861,0.2169489055396091,woman
gothic rock,34,-0.0937625131171676,-0.1051728779885863,0.09376251311716759,woman
grunge,32,-0.07746772178298678,-0.08078407987931965,0.08193101330088626,woman
hard rock,51,0.06424111619778147,0.024904943758084826,0.08903628124052382,woman
hardcore,39,-0.09525957799106641,-0.09083097412458288,0.10133368740313445,woman
hardcore punk,32,-0.10734862824614688,-0.11726868728429563,0.10734862824614688,woman
indie rock,33,-0.06334054520522038,-0.05562662794895959,0.06786948370579615,woman
industrial,35,-0.07830689089036624,-0.09166432091169405,0.07830689089036624,woman
jazz,61,-0.02770687303187604,-0.03718256746680298,0.10797429778684092,woman
latin,40,0.13847336487741435,0.12975918457065333,0.14214134723240723,woman
metal,48,-0.010245950554476498,-0.03351580102522814,0.06909740073612482,woman
mpb,53,0.10207970632679014,0.13681506282473807,0.15023941491809253,woman
new wave,43,-0.06229775597321447,-0.05301965564935752,0.07238326871739216,woman
pop,57,-0.013610008898875911,0.004032252951880393,0.044181263227910036,woman
pop rock,32,0.08588302283115751,-0.02596008737430114,0.17731934212386075,woman
post-hardcore,35,-0.08513188188564698,-0.09598167656183003,0.09261852876160115,woman
post-punk,43,-0.03961203195606246,-0.05200531155928932,0.06706939462441551,woman
power metal,34,-0.08496406993425948,-0.07558839934713756,0.08496406993425949,woman
progressive metal,32,-0.014609829094513511,-0.06221875638147846,0.09131544806593672,woman
progressive rock,53,-0.038690846156282654,-0.06651145465325795,0.09589908603868066,woman
psychedelic rock,48,-0.025006569239325347,-0.05458197452039015,0.10619706800846242,woman
punk,47,-0.06912789492013997,-0.06492044986193743,0.08477642447526788,woman
rap,32,0.10309770056791108,0.10747590546699919,0.1119753726073051,woman
reggae,42,0.1650911235554373,0.17922245042034574,0.18689541708161964,woman
rock,61,-0.02768914264401088,-0.031210261071167957,0.06993145675835358,woman
samba,42,0.2926218305265039,0.24379346651366443,0.3371755382822505,woman
shoegaze,35,-0.09639224969213259,-0.11586066389645963,0.09873541870843898,woman
singer-songwriter,56,0.08355294206674176,0.0561506705448798,0.10122280788494244,woman
soft rock,49,0.08377963479719092,0.004482591929617259,0.15885279635559685,woman
soul,61,0.11613141839338031,0.07937955692226827,0.14140846990641745,woman
soundtrack,44,-0.0718123022491707,-0.07985866453608945,0.07958158040929109,woman
synthpop,41,-0.07210785978352995,-0.06861700757408508,0.0835234890001876,woman
thrash metal,37,-0.09737766932964605,-0.10258855406073926,0.09737766932964606,woman
alternative rock,37,-0.08415204084907724,-0.057197780020835684,0.09604674381774965,life
ambient,43,-0.21883919488479608,-0.26849132945159015,0.2510731777707055,life
black metal,36,0.010326327315212817,0.05684278742802798,0.11041288662771402,life
blues,61,-0.06619054378330082,-0.09979380504942306,0.1482790410371483,life
bossa nova,54,0.2347054365013712,0.22218140299571318,0.252465882351147,life
brazilian rock,34,0.10851377205214736,0.11896512145452556,0.17688857218381693,life
classic rock,61,-0.04730767875365406,-0.04284883174631838,0.08482572506444712,life
country,53,0.045840387769535584,0.005670445678890204,0.10919202905898354,life
death metal,33,0.5057550950527242,0.4546087078049936,0.5057550950527242,life
disco,46,-0.016438475681195455,-0.008799038157704418,0.06874436583516969,life
doom metal,33,0.1827888784260697,0.209921531136714,0.18625481981295536,life
dream pop,34,-0.16561230220588186,-0.14873447315599567,0.18024451252976892,life
easy listening,47,0.003608392971372854,-0.037731560220239886,0.10438871953939967,life
electronic,45,-0.12004239583334757,-0.13949783011906372,0.17056369318484937,life
experimental,52,-0.16193445383886876,-0.1663957454023393,0.17189294382598197,life
folk,57,-0.06796591825341866,-0.049223318439068124,0.1231730387438254,life
funk,51,-0.06175811964995899,-0.04547597936299524,0.08999612981665898,life
glam rock,39,0.05217226308821187,0.022334273059795573,0.11632046514298147,life
gothic rock,34,-0.013379548706163287,-0.012019470175695927,0.10530014889216832,life
grunge,32,-0.09778681474528864,-0.1109700170624024,0.12476957471713929,life
hard rock,51,0.04714835203484863,0.038757648564302825,0.0942270406715912,life
hardcore,39,0.12783314751395125,0.11043396881436264,0.14921308155978788,life
hardcore punk,32,0.09880243757258596,0.09618178830778101,0.17622838693645865,life
indie rock,33,-0.12872534408719527,-0.12464843345587572,0.12949657218941524,life
industrial,35,-0.09291445288755745,-0.1309854810106844,0.1426643238895602,life
jazz,61,-0.11278277124593156,-0.09533960170692897,0.12241597028208297,life
latin,40,0.1836721764167954,0.2006220275759038,0.2065641668408898,life
metal,48,0.27078227202875405,0.2241393933894045,0.276585132302563,life
mpb,53,0.1848075588774921,0.15841923384127846,0.18846291503696286,life
new wave,43,-0.04639951959303339,-0.04861893239932706,0.08008939330943235,life
pop,57,0.09722260699509046,0.05027874919828867,0.11405402712243462,life
pop rock,32,-0.06459796909407757,-0.034945405989002365,0.08291183345715862,life
post-hardcore,35,-0.039880951227342865,-0.04525892530574568,0.12158843109231347,life
post-punk,43,-0.06284212098484872,-0.051567009831518934,0.07450156035556182,life
power metal,34,0.2550461331756894,0.27755920944530776,0.25740902467018134,life
progressive metal,32,0.18039806647171494,0.1992952463167327,0.19124900696616512,life
progressive rock,53,-0.002296541654292345,-0.02742074132303367,0.12145581128734126,life
psychedelic rock,48,-0.11904466573483008,-0.1158682701905754,0.12980498559105094,life
punk,47,-0.0005577831297024026,-0.008121917486423326,0.08913917131544011,life
rap,32,-0.03577827350280446,-0.04679276337936387,0.13157981414994413,life
reggae,42,-0.03967497967885615,-0.0175161778815476,0.06904749316400643,life
rock,61,-0.0077435580104653874,-0.02283337400210224,0.06671643852356372,life
samba,42,0.09605742469886422,0.06384579425438178,0.13199449497650434,life
shoegaze,35,-0.1572440084535194,-0.1813482719882882,0.16680241410508065,life
singer-songwriter,56,-0.03539713780807034,-0.048370843156811394,0.0899429882683778,life
soft rock,49,0.011012442016293665,-0.0030210141491202047,0.08442701017449969,life
soul,61,0.06470264509685868,0.038900628053015994,0.09113361004786504,life
soundtrack,44,-0.13951723863974472,-0.1622742737360575,0.1829424506854652,life
synthpop,41,-0.016274423056273832,-0.05160643732587054,0.13131893530564745,life
thrash metal,37,0.40219302360374776,0.3871026789831984,0.4021930236037477,life
alternative rock,37,0.022768152858884665,0.038148468641295,0.06967559357017068,let
ambient,43,-0.2634028201827922,-0.2773163802942413,0.26340282018279226,let
black metal,36,-0.18540622985925492,-0.1952929634316336,0.1854062298592549,let
blues,61,-0.03727296420943365,-0.05799881769638293,0.09958274512983407,let
bossa nova,54,-0.038072391287260296,-0.07299004134241358,0.1578023299639195,let
brazilian rock,34,0.06365211031314469,0.05778266676425295,0.10345412955100568,let
classic rock,61,0.04291706668724541,0.016964960746164177,0.07506546413172405,let
country,53,0.059380413888265225,0.012986071312083953,0.1332171095938716,let
death metal,33,-0.18537216215208055,-0.1760028494369322,0.18537216215208058,let
disco,46,0.12152875954965155,0.10826898772742473,0.15516783837146197,let
doom metal,33,-0.08003881331163926,-0.10553631198848942,0.10121659031212209,let
dream pop,34,-0.07637257567075222,-0.07031638219411682,0.13183390964861805,let
easy listening,47,0.08793365879446711,0.07208986642941945,0.18867668289918507,let
electronic,45,0.02058650974469181,-0.03966306880343699,0.1580262358343854,let
experimental,52,0.01456549380962353,-0.06400187747793527,0.1643958160778044,let
folk,57,-0.08175730453929622,-0.06065099021833539,0.09545338130356838,let
funk,51,0.09426139118691798,0.08476681714421538,0.14137349951298658,let
glam rock,39,0.1547228981171479,0.12227551828436638,0.21025254060600312,let
gothic rock,34,0.00166243163826848,0.019697539227971978,0.09789819960815911,let
grunge,32,-0.004008360820797317,-0.008223917201797909,0.06483158931012485,let
hard rock,51,0.061657179361196475,0.0632232794471026,0.0806032441018697,let
hardcore,39,0.10944758845060867,0.08505795587220466,0.16448951765647282,let
hardcore punk,32,-0.04096022822152202,-0.05001759846735869,0.09659541667629395,let
indie rock,33,0.013854612740518945,0.0012551813507784817,0.05384649294676648,let
industrial,35,-0.08945426763236047,-0.09018500382857862,0.09597024466565446,let
jazz,61,-0.08705230701652851,-0.0882512392909947,0.11342187084929646,let
latin,40,0.00811583731794949,0.011939328906078784,0.07841389882027586,let
metal,48,0.033242916132141496,0.00894229923713496,0.0971052178718647,let
mpb,53,-0.09581478318511781,-0.07193828750974553,0.10595322342602159,let
new wave,43,-0.04347627017773788,-0.043517092892659044,0.06451565132200322,let
pop,57,0.08696028886372413,0.109785847926589,0.10511977798285072,let
pop rock,32,0.0368685675148534,0.011671515642042074,0.07722872718404966,let
post-hardcore,35,0.08214617526463854,0.1386221726232687,0.14364715762214594,let
post-punk,43,-0.055644570758611935,-0.111770068136379,0.14636601697550325,let
power metal,34,-0.061420701149312,-0.03391968472802181,0.09825535384301412,let
progressive metal,32,-0.03881980698695463,-0.031483558773950024,0.07480459521550453,let
progressive rock,53,-0.053813553116272665,-0.053596428504919726,0.09404024319884331,let
psychedelic rock,48,-0.10938647392150458,-0.11667716432472483,0.12053292681121419,let
punk,47,-0.05734346531182996,-0.05768901201031028,0.09666346754027685,let
rap,32,0.16318520447787424,0.18174875404385415,0.1684460664735997,let
reggae,42,0.02806267445508151,0.032220684497123814,0.09691617663527718,let
rock,61,0.019927520232167505,0.0064758240278564,0.08284873647979675,let
samba,42,-0.03884001623208514,-0.037212602264359004,0.09147982535468098,let
shoegaze,35,-0.14527190780542618,-0.15468035540480224,0.14665761634003086,let
singer-songwriter,56,0.0686395197089028,0.019984227385385852,0.11092252485210105,let
soft rock,49,0.005970162786986914,0.00857238139981614,0.1034401362862175,let
soul,61,0.24916323849939856,0.22717428767226405,0.2491632384993986,let
soundtrack,44,-0.12324213805502465,-0.12304555648064286,0.12395436429402981,let
synthpop,41,-0.0381120253995252,-0.038288796133750524,0.08602173943128423,let
thrash metal,37,-0.1360017103953194,-0.17036303767501784,0.16329998384470365,let
alternative rock,37,0.0006010406341027492,-0.007689282705393179,0.07724073378283909,light
ambient,43,-0.15464784935169565,-0.18788030928349375,0.16574745555381448,light
black metal,36,0.29268875162078256,0.2550522628121321,0.29268875162078256,light
blues,61,-0.07060940731801765,-0.08161429019677012,0.09963484866952697,light
bossa nova,54,0.07652815791014582,0.029172832590753917,0.1434633865580509,light
brazilian rock,34,-0.06840646722086219,-0.055693651948180864,0.11458948902545774,light
classic rock,61,-0.035980980801306774,-0.023587458958810138,0.06217132969620224,light
country,53,0.010571817535618823,0.011574666934954401,0.05857849563566332,light
death metal,33,0.06123104968404994,0.07513642633369208,0.08997970110573172,light
disco,46,-0.06551423811057946,-0.04687229485353762,0.08885538566726028,light
doom metal,33,0.3212151449864719,0.2895607689908886,0.32121514498647197,light
dream pop,34,0.05943951969140279,0.04418187936147715,0.12300589754396063,light
easy listening,47,0.03392878838495889,0.011217407445649578,0.12196876780065498,light
electronic,45,-0.11746713084580923,-0.09169936690543161,0.12139870788749448,light
experimental,52,-0.06442197203012255,-0.05740975570742293,0.07834415022665722,light
folk,57,0.1809385947042836,0.13505414168047253,0.1934174804974595,light
funk,51,-0.06361849903191953,-0.09094494255029043,0.10466090293370098,light
glam rock,39,-0.0364806856511762,-0.05724808181661005,0.1195151701219281,light
gothic rock,34,0.2807599354941859,0.2656303506007971,0.28089157184110636,light
grunge,32,-0.016894304962403656,-0.039256677820445576,0.09641751304816384,light
hard rock,51,0.02344118654616627,0.04346617999984984,0.05826072770068544,light
hardcore,39,-0.02760927979712795,-0.03018641374864448,0.08692671073237206,light
hardcore punk,32,-0.17108764386716493,-0.1998456774338787,0.1725486416569083,light
indie rock,33,0.004946755280725831,0.0029629260075192997,0.041523199731647316,light
industrial,35,-0.018223124527926945,-0.02874108760286047,0.05432916281533929,light
jazz,61,-0.08153092846738941,-0.10321535407783003,0.1280420551103373,light
latin,40,-0.01957340393614732,-0.02689937856325695,0.09850698619092442,light
metal,48,0.017670005289714286,0.009097711320766725,0.07831688678243687,light
mpb,53,0.08724196050941539,0.0762588209489871,0.12410042285144536,light
new wave,43,-0.023845756916884283,-0.018657552523214143,0.06750339284238485,light
pop,57,-0.018155613812152513,-0.024022553016906496,0.05007086327980302,light
pop rock,32,-0.050397468486576356,-0.03673258907812118,0.08531562476686305,light
post-hardcore,35,-0.060056565846034804,-0.036446591294790096,0.16837710054721633,light
post-punk,43,-0.04763593569268167,-0.043124105451259644,0.0678503990593426,light
power metal,34,0.33140390668161485,0.29613451781615485,0.3318668263622379,light
progressive metal,32,0.3451689314767876,0.28044059304609864,0.3451689314767876,light
progressive rock,53,0.09901986017504587,0.12613227789173645,0.12061542131134415,light
psychedelic rock,48,0.023840917552843528,0.013254510531150182,0.12415316563349556,light
punk,47,-0.10066240936726951,-0.10249879839880013,0.10786950150140354,light
rap,32,-0.09158530429533566,-0.08337981591011277,0.1040647990901113,light
reggae,42,-0.10358715030180739,-0.14489429748042443,0.1346925959277088,light
rock,61,-0.051921226027734184,-0.04899034081597546,0.08026139858305258,light
samba,42,-0.03614520268794595,-0.036584442814829324,0.11839964231463232,light
shoegaze,35,-0.015156725165413878,0.01016944010694616,0.07172364466857215,light
singer-songwriter,56,0.15429534488142868,0.11557138818888693,0.16912476903875254,light
soft rock,49,0.013104329557632832,0.007635760269786124,0.0589483643438916,light
soul,61,-0.055711966144000806,-0.11859605224300232,0.15641155511289795,light
soundtrack,44,-0.1228929054896577,-0.13937455212123584,0.12930107928651668,light
synthpop,41,0.050898581852352374,-0.014312040893339735,0.11683333985408151,light
thrash metal,37,-0.017852977728948054,-0.02098675289679408,0.04932345172777503,light
alternative rock,37,0.04308746775098843,0.0718842232332518,0.08177880533177162,breath
ambient,43,-0.1293601250613272,-0.13790715170321147,0.13215385503938368,breath
black metal,36,0.12090298667096559,0.05611468431743785,0.13131461351113244,breath
blues,61,-0.0915427392158368,-0.10614987161577633,0.11044137474461221,breath
bossa nova,54,-0.14077181847440487,-0.14790690358847036,0.14077181847440487,breath
brazilian rock,34,-0.12360527566004646,-0.14953480133652108,0.12979648476370975,breath
classic rock,61,-0.08614909167976273,-0.10321059634660838,0.09794032060925263,breath
country,53,-0.01783606410423365,-0.03776578393198113,0.10848412814688271,breath
death metal,33,0.11200406768079409,0.12675468923889965,0.1354291373453651,breath
disco,46,-0.11089050066936705,-0.11479840312659434,0.11414652307300216,breath
doom metal,33,0.19599033434000238,0.20471787088175208,0.19599033434000238,breath
dream pop,34,-0.009141369069514474,-0.01082993912914247,0.07614511361718637,breath
easy listening,47,-0.03841040048182157,-0.10814452763745912,0.1525203952547328,breath
electronic,45,-0.006069103475663978,-0.04709073286001833,0.10904263313937322,breath
experimental,52,0.02636724731846888,-0.007409112908586719,0.1093596890724236,breath
folk,57,0.042765218833408426,0.019424947267473305,0.12028326006144989,breath
funk,51,-0.10593377420880255,-0.13959015790555915,0.1450232439426223,breath
glam rock,39,-0.00542857254912393,-0.08788494709763658,0.15544834145905734,breath
gothic rock,34,0.14636902742601215,0.11225888816494611,0.17506461924891026,breath
grunge,32,0.09000500031021604,0.026525975668572496,0.10655489605810664,breath
hard rock,51,0.015014280653773707,0.0003243916383010026,0.0698575032212452,breath
hardcore,39,0.0880899632750269,0.08562923974681193,0.13547811351853725,breath
hardcore punk,32,0.036510627369579635,0.04494134621707127,0.11543033240152076,breath
indie rock,33,-0.05508068158815764,-0.055219632236025655,0.06727035746392397,breath
industrial,35,0.06836775621125085,0.0022485440589939056,0.11627626656447994,breath
jazz,61,-0.10012279104997762,-0.11297328808792331,0.10273046322785752,breath
latin,40,0.034176382770807125,0.04715657757981544,0.08273793509562404,breath
metal,48,0.06680164739459238,0.03473383150306063,0.10226049553940508,breath
mpb,53,-0.10462430053371796,-0.11735819554253706,0.1059918011298762,breath
new wave,43,-0.0047287210101427364,-0.038685812344415524,0.1034502919430156,breath
pop,57,0.025586675463463025,0.0153677853189132,0.05610511868718496,breath
pop rock,32,0.05017676562613934,0.025751280584322217,0.11682023002323638,breath
post-hardcore,35,0.2202198660830724,0.2505376448600194,0.24533699503658712,breath
post-punk,43,0.11620085945078563,0.08066937520252547,0.12019850389542908,breath
power metal,34,-0.03349087856069284,-0.024649085366403055,0.05884701538530733,breath
progressive metal,32,0.20307110098002618,0.19822406650829993,0.23784590792308896,breath
progressive rock,53,0.0220637415241053,0.04679263497453814,0.08815784597093224,breath
psychedelic rock,48,0.008783150561277563,-0.06683350489148651,0.14811147285919304,breath
punk,47,-0.045473352797606635,-0.05625973656025801,0.07295769929603162,breath
rap,32,-0.07250238291052154,-0.09574518980352392,0.09976666944643017,breath
reggae,42,-0.10658288775077564,-0.1087683884304317,0.11493507339542137,breath
rock,61,-0.032800371283497276,-0.02813081893860919,0.05352992100642371,breath
samba,42,-0.12372701819978756,-0.1414173790501796,0.1478477947387324,breath
shoegaze,35,-0.01031780872707491,-0.01038832276913056,0.07342524724192614,breath
singer-songwriter,56,0.050170248911244754,0.03234349549573551,0.10205982869084902,breath
soft rock,49,-0.08288447789666556,-0.11735819554253706,0.10756729542608823,breath
soul,61,-0.05769151469591304,-0.0689555753457856,0.07221213894056158,breath
soundtrack,44,-0.082953261273282,-0.1069515301456336,0.09818281429288446,breath
synthpop,41,-0.09371642644905351,-0.11230824401188373,0.10000651876787996,breath
thrash metal,37,0.17124377970220775,0.12245660153066429,0.17987922171496476,breath
alternative rock,37,0.024595458352576306,0.05168818023046733,0.0868169995172454,insid
ambient,43,-0.13099026894355592,-0.1489221033105742,0.13776434995006437,insid
black metal,36,-0.12979490121522275,-0.11274031120635492,0.12979490121522277,insid
blues,61,-0.08575187033534604,-0.09669182587860387,0.10608494616121517,insid
bossa nova,54,-0.05407535964056954,-0.07384722200870761,0.12194685545711949,insid
brazilian rock,34,-0.1934868097796467,-0.21042589678257295,0.19619285121175284,insid
classic rock,61,-0.023601455534763376,-0.04041235059852865,0.07908560850438323,insid
country,53,-0.10228716940756158,-0.12883987490200693,0.15867066489807105,insid
death metal,33,0.1519559696974763,0.12282614048191003,0.15495346173806596,insid
disco,46,-0.03955229298162808,-0.0785029183819631,0.13117972568737085,insid
doom metal,33,0.21062446289802683,0.22799030465730477,0.22288298267909742,insid
dream pop,34,0.28571229470533016,0.15312621291509715,0.31893017553294867,insid
easy listening,47,-0.028733865573760904,-0.06380125860434163,0.1514762649879402,insid
electronic,45,-0.14528320594062683,-0.12014455125964543,0.15714462963365183,insid
experimental,52,-0.03835303415363051,-0.06990443136745801,0.13919083992693396,insid
folk,57,-0.0664163462669009,-0.08279015487571302,0.11030001218376494,insid
funk,51,-0.04667332903671239,-0.08567222173158726,0.10849691513475396,insid
glam rock,39,0.006768125708821331,-0.00017464138643976215,0.08147544282742586,insid
gothic rock,34,0.19066183353532978,0.19104542304127486,0.19195829314008042,insid
grunge,32,0.07119142042402805,0.06633704740348771,0.07808479020089115,insid
hard rock,51,0.11316855770257149,0.08925264810461749,0.14201031797034327,insid
hardcore,39,0.057223026351605366,0.03759917764761148,0.16957668279598048,insid
hardcore punk,32,0.06891214404267423,-0.018687205957474733,0.18113932145327738,insid
indie rock,33,-0.029323166128326108,-0.05939603936418673,0.08708381585830834,insid
industrial,35,0.09264319450999707,0.0711784655515773,0.13704687890928932,insid
jazz,61,-0.0971013358113647,-0.09275587295113842,0.10939268234496434,insid
latin,40,-0.09523791900150068,-0.08037677473386512,0.09930214790225159,insid
metal,48,0.29567657330624253,0.30296822995020734,0.29739368129217425,insid
mpb,53,-0.03275086418789354,-0.04312734183580726,0.06630894056953905,insid
new wave,43,-0.0034361032329058515,0.0028707272713383004,0.06427901470089294,insid
pop,57,-0.05645455852729577,-0.04081031648703077,0.07162039998007122,insid
pop rock,32,0.027079435537053845,0.030733756708205287,0.10686984192980253,insid
post-hardcore,35,0.2323219702197751,0.16913994502899182,0.24202423539222043,insid
post-punk,43,0.0035911563894999486,0.004190011776324474,0.06786150983623467,insid
power metal,34,0.14045939860059978,0.18369363967344948,0.2143658706757248,insid
progressive metal,32,0.26152820489106215,0.2677249597554767,0.2693457103723479,insid
progressive rock,53,0.023466211054113298,0.04686102878896322,0.13497812940395398,insid
psychedelic rock,48,0.053541354167037696,0.07488813363618851,0.1127695379537748,insid
punk,47,-0.023806465302657665,-0.022569295569950996,0.08726135032005654,insid
rap,32,-0.12532359804063037,-0.12312991689228266,0.12532359804063037,insid
reggae,42,-0.17167249000689,-0.20043725986822516,0.17264575366533583,insid
rock,61,0.019836577555905382,0.004184865360692112,0.08210130695099307,insid
samba,42,-0.10527678076270253,-0.129815086902426,0.131469976418306,insid
shoegaze,35,0.08203949512072846,-0.0032100286961519128,0.16781431667455332,insid
singer-songwriter,56,0.006699644018738814,0.005899613479250404,0.07989016319471524,insid
soft rock,49,-0.03211736538713103,-0.03635825500330215,0.08298816166638204,insid
soul,61,0.022377827568067964,-0.004927496054579393,0.09434055007204872,insid
soundtrack,44,-0.11664550980388362,-0.12208571623435927,0.13148832495228963,insid
synthpop,41,-0.024975565255171042,-0.03560533181178167,0.0811700946994126,insid
thrash metal,37,0.16903051419557005,0.14039340467673284,0.16903051419557008,insid
alternative rock,37,0.04696917444671203,0.06017934307088829,0.0817541743232351,everyth
ambient,43,-0.1690605249746486,-0.20092318747465437,0.19342394363751614,everyth
black metal,36,-0.12376746340506882,-0.1294150126961336,0.12410442254561745,everyth
blues,61,0.0003336523248878369,-0.055442765487522534,0.13332889143506288,everyth
bossa nova,54,0.26973858146422924,0.23396905539184687,0.3059811256506833,everyth
brazilian rock,34,0.5164062026537198,0.5144751120785032,0.5164062026537198,everyth
classic rock,61,-0.02156507279262246,-0.012152175817270643,0.05766490343129358,everyth
country,53,-0.0016168348400324632,-0.0010088061558527646,0.0769290216613473,everyth
death metal,33,-0.1460817283620263,-0.14774117870866854,0.14608172836202632,everyth
disco,46,-0.09508922087286138,-0.10497070875771947,0.1067618347994029,everyth
doom metal,33,-0.15766898293412354,-0.16132168804385225,0.15766898293412357,everyth
dream pop,34,-0.012045411659427274,-0.06163965580961667,0.13940719967983156,everyth
easy listening,47,0.006272092231765642,-0.031337832507624154,0.15542930558378878,everyth
electronic,45,-0.08224699072769667,-0.1103720087263345,0.13132524038632076,everyth
experimental,52,-0.10225161602566983,-0.12256698190133747,0.10782958263678905,everyth
folk,57,-0.08495453246700811,-0.0818131635237697,0.1119665145060805,everyth
funk,51,0.014484753899967421,-0.02076695537743227,0.11731223055836051,everyth
glam rock,39,-0.09878472525027922,-0.10271639300769632,0.13696098541305676,everyth
gothic rock,34,0.07521636223868776,0.07848906229773825,0.17427734369975165,everyth
grunge,32,0.08417278849710495,0.0377852376770762,0.11849336238071195,everyth
hard rock,51,-0.03438239619793454,-0.03199043202964338,0.070595089126069,everyth
hardcore,39,0.10433986967213346,0.156468550334313,0.18761402527365645,everyth
hardcore punk,32,-0.04495662122880696,-0.03859314634043119,0.09868110405300021,everyth
indie rock,33,-0.0013601217117188032,0.008659570987156492,0.06534439363742611,everyth
industrial,35,0.021562343877164703,-0.0066810298578173066,0.08561903725226042,everyth
jazz,61,-0.10578853191418554,-0.13218578920332846,0.12069131966534768,everyth
latin,40,0.15434371182157164,0.1834773807083865,0.16867004516726566,everyth
metal,48,-0.05272187819275659,-0.03005069307754557,0.07811159044820438,everyth
mpb,53,0.5055898065765444,0.43274769446915795,0.5055898065765445,everyth
new wave,43,-0.02150933898403291,-0.016076375999100827,0.05664731308669257,everyth
pop,57,0.0901356517322939,0.05776958015564385,0.10086918488457436,everyth
pop rock,32,0.11528464568223881,0.14755882072945975,0.14440582612428046,everyth
post-hardcore,35,0.057958393869566506,0.1065424436758296,0.12986119008222652,everyth
post-punk,43,0.0005122286706134326,-0.014151065339321018,0.06399757873948403,everyth
power metal,34,-0.14558097788514052,-0.16075127907860798,0.152360969360789,everyth
progressive metal,32,-0.07991439172112355,-0.07328852946845656,0.08150719677867238,everyth
progressive rock,53,-0.02197831019535126,-0.03410171431126526,0.07462492059291627,everyth
psychedelic rock,48,0.04430404377355281,0.04032884762470912,0.1195300453547435,everyth
punk,47,0.008669118104434147,0.02297698191793437,0.07592254160973787,everyth
rap,32,-0.061122497876296845,-0.0922798177049858,0.09003702427604253,everyth
reggae,42,-0.011967779380359414,-0.05153139894264645,0.1084059867000817,everyth
rock,61,0.05929684072139572,0.06719767353451751,0.11267571490580242,everyth
samba,42,0.12459542900365975,0.11912719113865039,0.17549423712626075,everyth
shoegaze,35,-0.04131158126743683,-0.042549567292944596,0.0885060498830657,everyth
singer-songwriter,56,-0.004180632053085228,-0.007205368403290703,0.06953355665250394,everyth
soft rock,49,0.05747310825906196,0.025850335325695875,0.11438944405076773,everyth
soul,61,0.012757002732078275,-0.0023476750025208624,0.07556727375832763,everyth
soundtrack,44,-0.13300246836544297,-0.1472263923772077,0.14234963800536263,everyth
synthpop,41,0.013144365044661665,-0.006832091452371167,0.06710152584806524,everyth
thrash metal,37,-0.0919609833071647,-0.1160316543921755,0.1083339603058992,everyth
alternative rock,37,0.02330952857849489,0.08398651667370838,0.12873807552470873,never
ambient,43,-0.2871373093087366,-0.29066142608208784,0.28713730930873654,never
black metal,36,-0.17303642834863733,-0.16558836466277133,0.17498992196365354,never
blues,61,-0.053578649778713315,-0.07037955708553616,0.08702184510038097,never
bossa nova,54,-0.2384444875774093,-0.2373967064415831,0.2384444875774093,never
brazilian rock,34,-0.11756730416322216,-0.12272888209123452,0.1240081405886562,never
classic rock,61,-0.015543227959315729,-0.020436993248772635,0.07077012683047515,never
country,53,0.013210859059700639,0.00947622786375267,0.08567808769962618,never
death metal,33,-0.09498602908454229,-0.08983136994365837,0.09498602908454229,never
disco,46,0.0754746087079499,-0.03141381052108341,0.21309726304783264,never
doom metal,33,-0.06964152910208331,-0.08762670826830637,0.09309389985465043,never
dream pop,34,-0.030329158307012164,-0.024224210845647225,0.10290978296808555,never
easy listening,47,0.15519650056903275,0.10916977413844146,0.21751002868959232,never
electronic,45,-0.18577017088710793,-0.13872944622874242,0.1868795839976966,never
experimental,52,-0.08725447024722338,-0.10077342064433525,0.12135545508346153,never
folk,57,-0.06845913054928147,-0.09951261393961085,0.11259658362544102,never
funk,51,-0.07341262681483661,-0.08935634647047491,0.10671182752046456,never
glam rock,39,0.04731384181822962,0.003553521912136696,0.1530128938041772,never
gothic rock,34,0.03258779506528847,0.046166501746941924,0.14309786649096173,never
grunge,32,-0.02065603409021424,-0.0016294162245253949,0.08845979567933121,never
hard rock,51,0.09298674585889305,0.06982116785284287,0.10372459217112101,never
hardcore,39,0.11404624853649682,0.20119997521287192,0.1889539679819758,never
hardcore punk,32,0.0735770260633282,0.10996315421083681,0.20359843729177596,never
indie rock,33,-0.012132040994258476,0.01743867326265719,0.05129524610625461,never
industrial,35,-0.058457667459794596,-0.030388911122750873,0.0803218383700871,never
jazz,61,-0.0808426711779508,-0.10501967666918466,0.1319216934626415,never
latin,40,-0.13675332229444886,-0.10640381240799253,0.13675332229444886,never
metal,48,0.0931824038958793,0.08049863565649953,0.14783033561986084,never
mpb,53,-0.17945368956667715,-0.18703096791141122,0.17945368956667715,never
new wave,43,0.013125627835667784,0.01212812305658096,0.07915631135183901,never
pop,57,0.16842049968546444,0.11582581910256148,0.16842049968546446,never
pop rock,32,0.08951352693582315,0.09099130271306431,0.12517261739639718,never
post-hardcore,35,0.18114695630554103,0.22711939578723664,0.23187482905862364,never
post-punk,43,0.10635955701430043,0.06467083506307969,0.14738623784029337,never
power metal,34,-0.00818593920826186,0.023371259513889124,0.10483045208034907,never
progressive metal,32,0.04684749292131128,0.002418312468787526,0.0807125788316619,never
progressive rock,53,-0.0393154748224294,-0.02420177554466613,0.07081193461175002,never
psychedelic rock,48,-0.1183100231460168,-0.10492106306218975,0.13192520552450618,never
punk,47,0.0416328635083412,0.05823332021489342,0.0928669382255476,never
rap,32,-0.015563927279143642,-0.013111846721799072,0.05347302039129727,never
reggae,42,-0.024809853532478093,-0.08516009960230794,0.16482203836848566,never
rock,61,0.07653934437120684,0.037234752558474804,0.12152203909027989,never
samba,42,-0.18683277084705902,-0.21908629363476778,0.19457246450767593,never
shoegaze,35,-0.09527956158260908,-0.08643988083912532,0.10761599925228042,never
singer-songwriter,56,0.1282802085898294,0.06472735597403009,0.13998440405343449,never
soft rock,49,0.12106383260800568,0.1397613308677843,0.18070028898462995,never
soul,61,0.14549988100586286,0.12126146638130075,0.16087983398640415,never
soundtrack,44,-0.1538108089704725,-0.16073887586361912,0.16164582250315046,never
synthpop,41,0.04961255499163379,0.04196826703514696,0.19503143681570773,never
thrash metal,37,-0.017859073121090828,-0.009168330144943856,0.08107059692776518,never
alternative rock,37,-0.04683006570934735,-0.03211577334426506,0.050869561684712905,old
ambient,43,-0.11608093736527642,-0.14231032251756956,0.1336722327900766,old
black metal,36,0.015580268858272819,0.003944511915593536,0.059548978947176465,old
blues,61,0.23435771275397935,0.2444153028312024,0.25495757547481923,old
bossa nova,54,0.03608775381279566,0.030685775674737358,0.10919995663277758,old
brazilian rock,34,0.09046989436134784,0.06422945373191044,0.134634739216459,old
classic rock,61,0.08745198876854615,0.06130700753988406,0.1142587290859582,old
country,53,0.36253123832645956,0.38085480156528845,0.37152758303283734,old
death metal,33,-0.06966520194305668,-0.0867923272282556,0.08440519485079254,old
disco,46,-0.07989567747562437,-0.1126361997576519,0.1016255566297683,old
doom metal,33,0.06548407873700343,0.06308124793905048,0.10919572734797224,old
dream pop,34,0.01925198205537044,0.022740077554629028,0.10573556200761274,old
easy listening,47,0.013197495807075802,-0.015294898598487853,0.11943289480301654,old
electronic,45,-0.0818815583377767,-0.1172027799302118,0.16062474705155733,old
experimental,52,-0.0019674198551661174,-0.06857980940530123,0.14877578158691207,old
folk,57,0.24109014221768638,0.21642211585397553,0.24842618874639533,old
funk,51,-0.08316543344336441,-0.08352906357540789,0.10385873965582995,old
glam rock,39,0.03235382900472294,0.010464561749115565,0.11434767956944232,old
gothic rock,34,0.01773319673814439,0.04957488960509361,0.14112062745804183,old
grunge,32,0.02450687231260816,-0.0067370134876741615,0.10419938919749207,old
hard rock,51,-0.019812316352633037,-0.022123612245008445,0.04819349682617313,old
hardcore,39,0.008398958538152904,-0.006224692260128318,0.06236662114564341,old
hardcore punk,32,0.009929331057441159,-0.04217773534299269,0.13705171237112518,old
indie rock,33,0.08129934944340463,0.11018683327342893,0.10591852164700916,old
industrial,35,-0.09269903728216716,-0.11725611920068305,0.10507079835342074,old
jazz,61,-0.02704405293697378,-0.05841595231491699,0.14027524756214252,old
latin,40,-0.1438671715910311,-0.1341688348790679,0.14386717159103113,old
metal,48,-0.04555861742343057,-0.05561606676290844,0.08777313873088,old
mpb,53,0.051227740713345626,0.07112795444142182,0.08558274500943648,old
new wave,43,-0.03912270442412141,-0.043850328597800414,0.06802037555965766,old
pop,57,-0.047743414541655066,-0.06322921340427833,0.0712177504205671,old
pop rock,32,-0.021514417246698288,-0.08240751502887209,0.1503121389527483,old
post-hardcore,35,-0.07797769802736253,-0.06630863025869828,0.08463209700428537,old
post-punk,43,-0.0008964281088608324,-0.03471103874853612,0.08392956986082105,old
power metal,34,0.06672542908940345,0.06385022461401442,0.10113846807409564,old
progressive metal,32,-0.07274042821035803,-0.08339117917379005,0.07690916163420516,old
progressive rock,53,-0.0006199280279151076,-0.010432677550560165,0.07774074734128515,old
psychedelic rock,48,-0.012640053015247966,-0.025058035013974987,0.09299663521293998,old
punk,47,0.09033109365918321,0.09337334858291726,0.1507125224293622,old
rap,32,0.09544906007439294,0.08686365135814098,0.09544906007439294,old
reggae,42,-0.12220472217850502,-0.11382663747681193,0.13207659988470777,old
rock,61,0.01302296409483693,0.025903499515975363,0.06661625870432475,old
samba,42,-0.0909598804483966,-0.11368470082075714,0.12204064439840223,old
shoegaze,35,-0.08155626070111968,-0.07499233093640496,0.08766236761212196,old
singer-songwriter,56,0.20001601781080028,0.15877152118324545,0.2047470010842776,old
soft rock,49,0.006095639739762075,-0.02598049184316418,0.1123124865746531,old
soul,61,-0.043145673010886156,-0.08273005373410124,0.11415420793787802,old
soundtrack,44,-0.11874634536178232,-0.13198220084170725,0.13376731596728167,old
synthpop,41,-0.0632427372573282,-0.07737620863508658,0.11311212735894961,old
thrash metal,37,-0.042759938500771685,-0.05633008919766039,0.09136501993409965,old
alternative rock,37,-0.049036957797595246,-0.043980289688067595,0.049036957797595246,fuck
ambient,43,-0.10537826487232202,-0.11078582087048432,0.10537826487232202,fuck
black metal,36,-0.09275712499529622,-0.08491473074547717,0.09275712499529623,fuck
blues,61,-0.07250358027598786,-0.06557889769641245,0.07250358027598786,fuck
bossa nova,54,-0.004217898745736552,-0.04782222229079916,0.10101845131934849,fuck
brazilian rock,34,0.06913915789752234,-0.07640045403205432,0.195008141004152,fuck
classic rock,61,-0.06977591788374006,-0.06275725414878852,0.07364766863950198,fuck
country,53,-0.08195455538097553,-0.08120588860089964,0.08195455538097551,fuck
death metal,33,0.08582417342705075,0.03886438662024682,0.11598173610353929,fuck
disco,46,-0.10261491528897056,-0.11301868027162258,0.10261491528897053,fuck
doom metal,33,-0.10682992007649479,-0.1031025504616567,0.10682992007649479,fuck
dream pop,34,-0.11868529296205924,-0.12448923775042298,0.11868529296205924,fuck
easy listening,47,-0.08336766682860394,-0.07629209970097983,0.08336766682860391,fuck
electronic,45,-0.08353369857970798,-0.07801183994091372,0.083533698579708,fuck
experimental,52,-0.0679630311718497,-0.06507893177997122,0.06821822177271387,fuck
folk,57,-0.07492541629587021,-0.07419053448707076,0.07492541629587021,fuck
funk,51,0.048934264145346476,-0.03539098693685461,0.1277408739311026,fuck
glam rock,39,-0.015277708925350093,-0.047879864384365346,0.08377626357718707,fuck
gothic rock,34,-0.09558454967077534,-0.09041376321470436,0.09558454967077534,fuck
grunge,32,0.05787679078311114,-0.03576183977068399,0.1259012293981725,fuck
hard rock,51,-0.008642790043465201,-0.027970058402752844,0.06895313121469848,fuck
hardcore,39,0.34558470347391246,0.2983086762577309,0.3612083346095651,fuck
hardcore punk,32,0.6777778525931554,0.3267974281529312,0.6855399759751131,fuck
indie rock,33,-0.09484608887034031,-0.0987417848900434,0.09484608887034031,fuck
industrial,35,0.22360690944403072,0.17968512461846836,0.24132349408894127,fuck
jazz,61,-0.021049994552000326,-0.07629209970097983,0.12024708943350436,fuck
latin,40,-0.06673279645008687,-0.07655252221473097,0.08437210596919081,fuck
metal,48,0.25810592932552184,0.09530472070649283,0.3071538886065124,fuck
mpb,53,-0.0818323534084014,-0.07681294472848212,0.0818323534084014,fuck
new wave,43,-0.10858304513018001,-0.11517629604777677,0.10858304513018001,fuck
pop,57,-0.05920346959638956,-0.062450885544706805,0.05960686226833426,fuck
pop rock,32,-0.11153115751219511,-0.1184491163864369,0.11153115751219511,fuck
post-hardcore,35,-0.008667387216131995,-0.07008311111923178,0.11298428506245153,fuck
post-punk,43,-0.08408977616074394,-0.0877811886535706,0.08964171929715908,fuck
power metal,34,-0.09665093797509731,-0.10078538028128431,0.10169161664021564,fuck
progressive metal,32,-0.10015158269877897,-0.10113178166080575,0.10015158269877897,fuck
progressive rock,53,-0.030092978705462153,-0.040733295806314504,0.06657564714579609,fuck
psychedelic rock,48,-0.04757752182877136,-0.07592834297498341,0.09462546417493001,fuck
punk,47,0.14835249342543008,0.17850797890986192,0.15527361212227378,fuck
rap,32,1.3162844814004817,1.220147946532879,1.3162844814004817,fuck
reggae,42,-0.06579159679629384,-0.06403946675718936,0.0714328469384289,fuck
rock,61,-0.04464071338427138,-0.04614570850659921,0.04464071338427136,fuck
samba,42,-0.08444269932832604,-0.08690690088263732,0.08444269932832604,fuck
shoegaze,35,-0.11135959225687285,-0.11822135124963529,0.11135959225687285,fuck
singer-songwriter,56,-0.04588834675480191,-0.07329560870272235,0.09419458467707639,fuck
soft rock,49,-0.10054560229259848,-0.11078582087048432,0.10054560229259851,fuck
soul,61,-0.06321839840584288,-0.0646383056299475,0.0632183984058429,fuck
soundtrack,44,-0.08418657824009537,-0.09391396108135132,0.11471843050922695,fuck
synthpop,41,-0.09851973502321873,-0.10553735451458249,0.09851973502321873,fuck
thrash metal,37,0.5339747363534646,0.32138066418856065,0.5339747363534646,fuck
alternative rock,37,0.04942612833814536,0.022491724700196652,0.06325311093772606,littl
ambient,43,-0.18506370046306742,-0.19949270299580954,0.18648905299176513,littl
black metal,36,-0.1974504497011369,-0.18772780416715673,0.19745044970113693,littl
blues,61,0.2264464813542131,0.18554654009481023,0.23602725568259794,littl
bossa nova,54,0.03983931002431379,0.06344140949448558,0.1173122741613905,littl
brazilian rock,34,-0.011895580722106839,-0.012245229072238123,0.08710851029536777,littl
classic rock,61,0.0726258567682441,0.061533962304214054,0.0877933986017005,littl
country,53,0.22503716281208325,0.27398591414639895,0.27499705545713493,littl
death metal,33,-0.20189577329292682,-0.20584110456105661,0.20189577329292682,littl
disco,46,0.02897371855819097,-0.015300750470312971,0.15451162603954316,littl
doom metal,33,-0.14480656239745546,-0.14830519070707046,0.15309093844154545,littl
dream pop,34,-0.010446425194738651,-0.043274974324823336,0.1269236158001581,littl
easy listening,47,-0.03407936519278668,-0.06349933665575425,0.12820752701541477,littl
electronic,45,-0.05980101709697135,-0.06465220830488662,0.0983298260709142,littl
experimental,52,0.031236202130344535,-0.027735442566538423,0.12693007898536288,littl
folk,57,0.05241401039877899,0.05507481259690982,0.10207673932908727,littl
funk,51,0.04599192215739812,0.03312625223467207,0.08229761157755089,littl
glam rock,39,0.17730247199648902,0.052259487517155874,0.21729680394267525,littl
gothic rock,34,-0.11853556220611759,-0.10438113423473354,0.12210782767498474,littl
grunge,32,0.03352047660490915,0.00266953572693367,0.06508151219085484,littl
hard rock,51,0.0032379177080968467,-0.017517592430797223,0.06051965149357636,littl
hardcore,39,-0.10370000220822573,-0.11827744817323099,0.10370000220822573,littl
hardcore punk,32,-0.14926681706600192,-0.1606360629356428,0.14926681706600192,littl
indie rock,33,0.07882779296721797,0.02483852663895753,0.1010025179899448,littl
industrial,35,-0.07178260018416412,-0.06506017865796324,0.08896045516935694,littl
jazz,61,-0.06172965892203373,-0.08960556841261304,0.10814772705967383,littl
latin,40,0.04506640116780609,0.08706265196381625,0.1329981278317495,littl
metal,48,-0.06613694628636502,-0.07432348399135376,0.11002889927961491,littl
mpb,53,-0.045721467543186865,-0.04664281257743112,0.09674646176945487,littl
new wave,43,-0.021561633454479666,-0.014859299612895411,0.05946909159666946,littl
pop,57,0.08366918730362836,0.06603461357248906,0.10613017631599689,littl
pop rock,32,0.010583807011192263,0.028000375366461633,0.0698533723381553,littl
post-hardcore,35,-0.10747830027463726,-0.15034545393371437,0.11225923126154025,littl
post-punk,43,-0.027002745699901843,-0.05739897317325436,0.09190279327072298,littl
power metal,34,-0.07467307732239668,-0.09773996285740763,0.11864640988798855,littl
progressive metal,32,-0.16324773782265528,-0.17769541530542815,0.16324773782265528,littl
progressive rock,53,-0.008971336783725567,-0.020476071212887886,0.09494382783029823,littl
psychedelic rock,48,-0.04045643685550169,-0.026340262959645186,0.08847038580317786,littl
punk,47,0.027216465656250403,0.003689410208384789,0.06524296631986816,littl
rap,32,0.14774909235963915,0.11409006772816388,0.15001638160860625,littl
reggae,42,0.14186931147961812,0.10605757782120265,0.18409344003016007,littl
rock,61,0.011791913153825646,0.013955865139466823,0.07158823304217977,littl
samba,42,-0.07599169485108857,-0.10627016428067818,0.13909967615039254,littl
shoegaze,35,-0.08171947656304898,-0.0953086746992143,0.09031702415071456,littl
singer-songwriter,56,0.09693191237159039,0.08085871453923604,0.16137227498411624,littl
soft rock,49,0.09707495650006626,0.06694775067278766,0.17440046186222063,littl
soul,61,0.05094568599491776,0.03372769628061589,0.07661811331968296,littl
soundtrack,44,-0.12307111684414772,-0.1184778200106665,0.12634521479751468,littl
synthpop,41,-0.03936004886511924,-0.059276763992864766,0.09380310891733833,littl
thrash metal,37,-0.1792192707994593,-0.18282365947351764,0.17921927079945932,littl
alternative rock,37,0.01483135189986057,0.04096217403013069,0.0863275094861726,lose
ambient,43,-0.17641042070134266,-0.20807869420221314,0.17853368103649794,lose
black metal,36,-0.053312596023801305,-0.06841457908604803,0.10316890140095698,lose
blues,61,0.020336421220055297,0.0211670180906489,0.08609610425532709,lose
bossa nova,54,0.00997580518076987,0.0017937529454331272,0.15501808483869042,lose
brazilian rock,34,0.11914412589459845,0.10195463762704035,0.1302175408219096,lose
classic rock,61,-0.04807891646791312,-0.04434386449714022,0.08635892290114239,lose
country,53,0.038294723998992725,0.009400324480023911,0.11401191348149399,lose
death metal,33,0.04143141490732817,0.04454060486679618,0.07249787024076046,lose
disco,46,0.02006975147552467,-0.010271942473911631,0.09262010244110114,lose
doom metal,33,0.11452472115105997,0.06868878289727116,0.12159780812625108,lose
dream pop,34,-0.04064416881498954,-0.05427339401922027,0.09375504119881697,lose
easy listening,47,0.16190240803852576,0.1543821831829389,0.18479676010870796,lose
electronic,45,-0.05942569672165575,-0.0940333499442851,0.16409421417007472,lose
experimental,52,-0.00498617300034658,-0.10317135554821044,0.20363719000452907,lose
folk,57,0.020683542412807565,-0.034550651539970965,0.12357592507345004,lose
funk,51,-0.08095412937693713,-0.09207674159005073,0.0873016012120847,lose
glam rock,39,-0.05559645710130218,-0.08154417829222944,0.10010705731263538,lose
gothic rock,34,0.0956737960863605,0.1176631360441059,0.14809783013989922,lose
grunge,32,0.014818516915418448,0.009781223757527553,0.06283918150114219,lose
hard rock,51,0.0388680342834173,0.02358846959315927,0.06036968007357997,lose
hardcore,39,0.002582656849295768,0.1017052024178937,0.18709008335181512,lose
hardcore punk,32,-0.017902320996842556,-0.00861879516069055,0.11327202967290545,lose
indie rock,33,-0.03905447958074265,-0.03680882175166855,0.06264407145113887,lose
industrial,35,-0.08701459164299508,-0.09208240918166465,0.08879050553211275,lose
jazz,61,-0.12669014520272884,-0.12575149039980865,0.12956199390283737,lose
latin,40,0.1731083846623298,0.16173135584764478,0.18991961325158338,lose
metal,48,0.09990233633175966,0.0978602013052953,0.11688734670423395,lose
mpb,53,0.01716326672240908,-0.006348253213266309,0.08434561471350212,lose
new wave,43,0.0037756113135247607,-0.025200288664773494,0.09695010303534726,lose
pop,57,-0.004805773970171131,-0.003398524137748778,0.03485542680575847,lose
pop rock,32,0.06243791061727268,0.058668390222125104,0.09592092622473825,lose
post-hardcore,35,0.08611234785223615,0.10744338408433939,0.14382972467831798,lose
post-punk,43,0.02917057478022014,0.036797293476918694,0.07792596720934676,lose
power metal,34,0.10161756640790265,0.10705676416794382,0.11186429115414592,lose
progressive metal,32,0.1284994258256683,0.12346900317525239,0.14448700343807744,lose
progressive rock,53,0.029579797289974147,0.017481070718423496,0.07754634686182209,lose
psychedelic rock,48,-0.07598357832533299,-0.06905931817199515,0.08181196807961219,lose
punk,47,0.05518135204385452,0.056922874792833804,0.09206897826054343,lose
rap,32,-0.11332985049552596,-0.11061116355960657,0.11332985049552596,lose
reggae,42,-0.11464051090695072,-0.11011822042109218,0.11464051090695071,lose
rock,61,-0.019334005995114097,-0.0012070576187436372,0.059784620426703496,lose
samba,42,0.016814672002480928,0.00626044694022436,0.10143369336540035,lose
shoegaze,35,-0.055381301431082934,-0.07156211970629617,0.1180501200764891,lose
singer-songwriter,56,0.02969360666242952,0.021508018528246207,0.05054053100984722,lose
soft rock,49,0.03962305388542401,0.023570485452783865,0.13385561148025624,lose
soul,61,-0.049806423036436294,-0.051243720033857444,0.09063459093908482,lose
soundtrack,44,-0.15435030225587085,-0.15385707944613797,0.15435030225587087,lose
synthpop,41,-0.06843725303113161,-0.06653429452060963,0.09147457867040883,lose
thrash metal,37,0.060499096364574706,0.049862722259828275,0.07212019963798559,lose
alternative rock,37,-0.06525175789833809,-0.05162685124332701,0.06533795124716071,sweet
ambient,43,-0.13618725289537276,-0.14100026336381855,0.13618725289537276,sweet
black metal,36,-0.09346960878796078,-0.11550931118800004,0.10943995568965553,sweet
blues,61,0.1569847070747646,0.12120179052209586,0.18942571681917328,sweet
bossa nova,54,-0.06639084510208698,-0.1081443181618715,0.12433216781673713,sweet
brazilian rock,34,-0.0983937914131044,-0.09646810096289286,0.10262323407934093,sweet
classic rock,61,0.057725809999015214,0.020901322778071017,0.11411969567111972,sweet
country,53,0.14885751352455912,0.15186775169978362,0.1854751868656087,sweet
death metal,33,-0.06839390708598542,-0.06880576460622595,0.07149643830367229,sweet
disco,46,0.10052862431493331,0.12116905364551599,0.15260978649276133,sweet
doom metal,33,0.04790521808381348,0.0014242624070964279,0.12439090584834346,sweet
dream pop,34,-0.021277145453634596,-0.013147771024368954,0.08250800276179224,sweet
easy listening,47,0.052304665167510186,-0.054140833895492714,0.17698629787249484,sweet
electronic,45,-0.029303180971887926,-0.06654159474733133,0.11220610676123381,sweet
experimental,52,-0.054048054250508334,-0.057574440275780375,0.08957134750536908,sweet
folk,57,0.041959871495381364,-0.010094941655667858,0.11982727028503475,sweet
funk,51,0.01723378626873927,0.026803749022087892,0.07156539280548128,sweet
glam rock,39,0.03372553511880104,0.005990980279812453,0.11779870184072506,sweet
gothic rock,34,0.07031774983139216,0.07362535198427973,0.13681141432159077,sweet
grunge,32,-0.04200530742453205,-0.04598479552189566,0.06534596472503881,sweet
hard rock,51,0.03592495626123519,0.015303828333895935,0.08685899858408985,sweet
hardcore,39,-0.062416161214712766,-0.08732673310430568,0.11158728342153434,sweet
hardcore punk,32,-0.06131225564275764,-0.15488321963012686,0.17251798856093875,sweet
indie rock,33,-0.029281524937396653,-0.022311750377426096,0.07002067461273029,sweet
industrial,35,-0.057837231829592446,-0.04299263352652252,0.06047598966469452,sweet
jazz,61,0.032858478784515616,0.0006830757541839634,0.11225113181830795,sweet
latin,40,-0.0494440741471344,-0.058708993547822844,0.09244319413932635,sweet
metal,48,-0.06626420257888176,-0.07029831807404786,0.09260593089468112,sweet
mpb,53,-0.05410671207133098,-0.044770552268343144,0.08745188197219665,sweet
new wave,43,0.015004335610842022,0.00012200327499589052,0.0758987081763859,sweet
pop,57,0.004035075509178035,0.021961229269307016,0.06016384346831318,sweet
pop rock,32,-0.01726160934235097,-0.026770143133360798,0.06403743321540431,sweet
post-hardcore,35,0.013119323193174616,-0.031238246209190697,0.07039320632293346,sweet
post-punk,43,0.02981360988450504,-7.268765194655646e-05,0.1042242163955844,sweet
power metal,34,-0.06592395135517175,-0.08029984387163605,0.10066717345079301,sweet
progressive metal,32,-0.08467081285886735,-0.07526517144730732,0.08925686248761994,sweet
progressive rock,53,-0.0354226739449012,-0.03986632419918446,0.07718285504881081,sweet
psychedelic rock,48,-0.048323282211885005,-0.03149740626420969,0.07935680134938695,sweet
punk,47,-0.0816531727952625,-0.08025017181950363,0.08530582416224243,sweet
rap,32,-0.0672004887302591,-0.07213063089840675,0.0672298611309507,sweet
reggae,42,0.046299534837479714,0.034349631552579654,0.11072985641209704,sweet
rock,61,-0.033079972302265524,-0.033318993671108424,0.0939707530248492,sweet
samba,42,0.010223669932816285,-0.0378216257635719,0.1427598732839015,sweet
shoegaze,35,-0.009552882660453564,-0.02479957995359813,0.05357873760879617,sweet
singer-songwriter,56,0.07330356764555114,0.04468753376878348,0.11596226805480689,sweet
soft rock,49,0.0755296568178057,0.04828600675121473,0.17389219202927453,sweet
soul,61,0.18352200706469038,0.1781888579502363,0.18352200706469038,sweet
soundtrack,44,-0.038949582992376934,-0.03860809042451038,0.0646008735052267,sweet
synthpop,41,0.033760910806013046,-0.03152713530715446,0.1526084931090717,sweet
thrash metal,37,-0.06775733691456737,-0.09534108846134752,0.10292198881721899,sweet
alternative rock,37,0.08653076414498617,0.09678800293486599,0.11161508003211305,away
ambient,43,-0.18472805553503072,-0.22644282676507857,0.20643002990705425,away
black metal,36,-0.16772397351675253,-0.17302371772526148,0.1677239735167525,away
blues,61,-0.014130121632733104,-0.006247898334121455,0.09242554228457381,away
bossa nova,54,-0.15210260234772288,-0.17217876794994913,0.17058283086512824,away
brazilian rock,34,-0.12345921148705108,-0.10989528065978502,0.12727212411274771,away
classic rock,61,-0.011610023413965888,-0.024164688046537437,0.09214616355550792,away
country,53,0.04068473614889616,0.02043629399434353,0.11353679244329791,away
death metal,33,-0.07079012303220616,-0.06942324599350719,0.08990102061688102,away
disco,46,-0.15866131461639607,-0.15641518702306234,0.1586613146163961,away
doom metal,33,-0.008585860608633986,0.009007186023416356,0.10370102550749315,away
dream pop,34,0.05873917801705579,0.04550340026551726,0.12045902705591104,away
easy listening,47,0.1364394250620519,0.062150603922253404,0.21784148038294965,away
electronic,45,-0.1600204679101091,-0.1602994180705267,0.18735287987983332,away
experimental,52,-0.010880924454628231,-0.0731485318609989,0.1571553647107023,away
folk,57,-0.0012452336032907137,0.010596783147250505,0.08026983131473117,away
funk,51,-0.09378219379529439,-0.08415733489536237,0.10062645616193248,away
glam rock,39,-0.0053039825226108795,-0.04158775375506037,0.14237812890995713,away
gothic rock,34,0.16273319048462637,0.17457291058858448,0.1928564886671016,away
grunge,32,0.139358854604572,0.1640794504151259,0.14204699896784023,away
hard rock,51,0.15033689795774804,0.10676631838405305,0.1569898326559992,away
hardcore,39,-0.04929145133006346,-0.06826229250824938,0.1114575727917266,away
hardcore punk,32,-0.11251583945858239,-0.11539614569064745,0.1449932952093379,away
indie rock,33,0.03639617025476927,0.018594374708289806,0.062282965058859135,away
industrial,35,0.06997394448618392,0.05147895441895121,0.13452216638160155,away
jazz,61,-0.18880804448288396,-0.18181844313544013,0.18880804448288396,away
latin,40,-0.07585945389274922,-0.07727308292377763,0.11753339418566251,away
metal,48,0.17035742541357943,0.21774804441802953,0.22423869271583594,away
mpb,53,-0.15501982449826446,-0.152464217804365,0.15501982449826443,away
new wave,43,-0.0004532607524911836,-0.018571244087346193,0.07274210696147967,away
pop,57,0.08479213403975197,0.020604614186561218,0.0975121489722777,away
pop rock,32,0.05065757178753126,0.07579889129272877,0.11143765180318628,away
post-hardcore,35,0.0810175460455831,0.2296588818172544,0.2670721369869457,away
post-punk,43,0.0021950532229693164,-0.0016821208644344444,0.09790178468871466,away
power metal,34,0.07322780012665761,0.08269226799156351,0.15920582986266515,away
progressive metal,32,0.21747871170592023,0.20534969480984344,0.21747871170592023,away
progressive rock,53,0.05433686716402938,0.04694319958182019,0.0731834731846227,away
psychedelic rock,48,-0.006185503668262944,-0.014121474328800713,0.09712212349599443,away
punk,47,0.048682474139412714,0.042398816389185176,0.10358318063993642,away
rap,32,-0.1969937177826754,-0.21131214728002606,0.1969937177826754,away
reggae,42,-0.07266813363900267,-0.08506171171502525,0.11537226849244193,away
rock,61,0.06673485908548513,0.03382513323721585,0.1288478879210216,away
samba,42,-0.16129800141242712,-0.17141752621045553,0.16900459591757078,away
shoegaze,35,0.07996183756473874,0.08531031689186246,0.12522158695611257,away
singer-songwriter,56,0.045598782933936946,0.028187649563434475,0.06388894104892276,away
soft rock,49,0.027284148196330564,-0.007967909263815269,0.1038278755036798,away
soul,61,0.0176789111757383,-0.010291916278427694,0.07804819697506334,away
soundtrack,44,-0.16281701145520266,-0.18601014044265138,0.16281701145520266,away
synthpop,41,0.05461431648123942,0.04003574953991385,0.14959989474490895,away
thrash metal,37,0.05546011170590591,0.03986182873180264,0.08771359911586328,away
alternative rock,37,0.016203305506834437,0.02689938238442984,0.06766290447153155,one
ambient,43,-0.281279513474106,-0.3048058101734791,0.281279513474106,one
black metal,36,-0.06757127113120474,-0.07366486313267134,0.09260939027398722,one
blues,61,-0.04112809197495954,-0.08958829315686978,0.11300191505512248,one
bossa nova,54,-0.031545200035982594,-0.014740238210231365,0.11138679362242324,one
brazilian rock,34,0.06712356531335595,0.08012583964311151,0.1382144851830961,one
classic rock,61,0.0021361245009141588,0.009587529242858469,0.07698432282692651,one
country,53,0.16111369441766787,0.11018815671065847,0.22184148649366295,one
death metal,33,0.014902963632049437,0.03202457042335785,0.08780326369847273,one
disco,46,0.024907093479124752,-0.0056110903793768095,0.12690766099921807,one
doom metal,33,-0.0010039237212545445,0.002444061878745177,0.06658975628143887,one
dream pop,34,-0.14212989222560846,-0.12164830508603229,0.14717885835981778,one
easy listening,47,0.0562717415611855,-0.015437932696172045,0.16751115007652465,one
electronic,45,-0.15702986771530336,-0.14162645663375337,0.18598646236376032,one
experimental,52,-0.11146809732150545,-0.12295710342654793,0.15199050700582484,one
folk,57,0.04378598592496735,0.03327405753790312,0.10322725151315942,one
funk,51,-0.05578759886320874,-0.06909047962830495,0.1059749820913175,one
glam rock,39,0.0759617611787636,0.04025431948915338,0.13860960500902042,one
gothic rock,34,-0.04480815078249978,-0.03290185640651996,0.08568917165549701,one
grunge,32,0.12116949367074552,0.092476676046749,0.14207342497184183,one
hard rock,51,0.04271022299368672,0.05922769071136072,0.06529847997658622,one
hardcore,39,0.12731727918136998,0.179837407704245,0.18844732057890876,one
hardcore punk,32,0.08580891249579302,0.09325212565778576,0.16030276539042948,one
indie rock,33,0.021938084401152923,0.005998780518191934,0.06064609870587212,one
industrial,35,-0.037233789630805494,-0.05478895814736748,0.06834460670801155,one
jazz,61,-0.13756222502890222,-0.17341732162862045,0.1800814875280615,one
latin,40,0.055906790711133726,0.06476605984292622,0.09240052422209302,one
metal,48,-0.022740083700059404,0.005042517105309299,0.10008016834840905,one
mpb,53,-0.004538058461623316,-0.02385518657943524,0.1004435562674675,one
new wave,43,-0.07110911275478839,-0.05836094108985372,0.08112890742291405,one
pop,57,0.04792081244217587,0.053172174698412275,0.06369390364512943,one
pop rock,32,0.04717615628212674,0.07154023446287747,0.1307275924076949,one
post-hardcore,35,0.06217564563188611,0.1017460392611792,0.14556181984697333,one
post-punk,43,-0.08866268951044505,-0.08781230370320947,0.10229173763619333,one
power metal,34,0.15004700560196838,0.16027503916317448,0.15534298512580805,one
progressive metal,32,-0.02820900986166129,-0.03458198832758278,0.07771564121662916,one
progressive rock,53,0.005118702736918849,-0.0032451890070200992,0.10554798656297794,one
psychedelic rock,48,-0.016939809344310577,-0.051001303291080796,0.12263695049628309,one
punk,47,0.08203417561848675,0.07157417924045152,0.09243434409348027,one
rap,32,0.1741488469804325,0.1427313902956624,0.1741488469804325,one
reggae,42,0.02442006233679962,-0.006934756490802751,0.10327306287454086,one
rock,61,-0.013261276871495689,0.006145862251241141,0.07093237262531936,one
samba,42,-0.012964523816472557,-0.01281899478222896,0.0994383067714646,one
shoegaze,35,-0.14542741531251702,-0.1512825804151557,0.14542741531251704,one
singer-songwriter,56,0.06784129733419657,0.04310767882201581,0.1166376098905755,one
soft rock,49,0.06287211908703991,0.06312476629516504,0.11826379771241323,one
soul,61,0.09189385463926396,0.05133733547077912,0.10456671593213397,one
soundtrack,44,-0.16345148996868664,-0.16154610485616527,0.1644098612886429,one
synthpop,41,-0.06656251226526833,-0.06304084382349436,0.16104288859361446,one
thrash metal,37,0.07891900939563402,0.0726445412864274,0.11138067190775884,one
alternative rock,37,0.08321346377519617,0.1020760192203372,0.11102935527637418,take
ambient,43,-0.29672701380341676,-0.31531422610279725,0.2972510741516981,take
black metal,36,-0.18371650742294435,-0.20901652740522553,0.18624230172966985,take
blues,61,-0.01525385793321747,-0.03850011697295856,0.10632432106927765,take
bossa nova,54,-0.11014153987995634,-0.10506544007273083,0.1287578481417869,take
brazilian rock,34,0.042710625034241195,-0.030322970409316957,0.19223154035869305,take
classic rock,61,0.0013769500884003069,0.004515678343097745,0.08963520702871448,take
country,53,0.12509747810015692,0.12236175282987553,0.2041921460722807,take
death metal,33,-0.07023259205220855,-0.07639617438351298,0.08492851450030363,take
disco,46,0.018008129104749537,0.04381486958555508,0.11579044300423164,take
doom metal,33,-0.09957990035993838,-0.1044027171626803,0.10884078179852137,take
dream pop,34,-0.030021945730606785,-0.029617151340604882,0.12186066964198575,take
easy listening,47,-0.04134901584996644,-0.1087418457861361,0.18961610304044732,take
electronic,45,-0.06057580640671348,-0.05422701380033295,0.08606235991355828,take
experimental,52,-0.08376866236264718,-0.12378601885406076,0.12432813442218585,take
folk,57,-0.06046759464077734,-0.05147311637451873,0.08693385220775503,take
funk,51,-0.0145676969149578,-0.012210201170946646,0.056080841977576214,take
glam rock,39,-0.017096762653626772,-0.019283711234905253,0.10465629748373097,take
gothic rock,34,-0.05893516281523243,-0.055567800080165944,0.15297312896851434,take
grunge,32,0.15551804986332757,0.11113451252908269,0.1631938754288023,take
hard rock,51,0.1358027315204508,0.12638204088267008,0.14015222548129114,take
hardcore,39,-0.007332915245213374,0.025363653419694272,0.08968928213593778,take
hardcore punk,32,-0.10451927059893586,-0.1022879023769312,0.12294346767221784,take
indie rock,33,-0.014887703403775578,0.010700285264719141,0.061473225020655706,take
industrial,35,-0.039779005150127285,-0.09300746778351103,0.13524414386319317,take
jazz,61,-0.17806045278225088,-0.1596071156345949,0.18630542330184752,take
latin,40,-0.0635656373971178,-0.049686479664700536,0.08142941143287226,take
metal,48,0.1126443909508323,0.11473188337879885,0.1404240523945418,take
mpb,53,-0.0249131514548173,-0.045755599260710635,0.11624833365028293,take
new wave,43,-0.013427265255771868,-0.008182134915619687,0.0501024635374484,take
pop,57,0.05435602630984289,0.06419277801342517,0.06977490156189502,take
pop rock,32,0.09157192062175405,0.1289251564139125,0.11866575866403603,take
post-hardcore,35,0.007333533163362109,0.06373704630526719,0.1842094981649285,take
post-punk,43,-0.04545964093352544,-0.045475384894660915,0.07998814002982647,take
power metal,34,-0.011499524816311031,-0.03412947063122073,0.0942898551556238,take
progressive metal,32,0.03924328110172762,0.009108613380311461,0.08037129639447599,take
progressive rock,53,-0.04243181980981384,-0.03571922718590647,0.06527695227814322,take
psychedelic rock,48,-0.03567016619807017,-0.024206492062780652,0.09421475234199013,take
punk,47,0.021744141697838244,0.03162605122168758,0.07692722882760429,take
rap,32,0.05426966655515554,0.04202641539998082,0.06134966761307675,take
reggae,42,-0.09281475404607918,-0.07821368419183744,0.1124834541266419,take
rock,61,0.009571111213969218,0.02093521527628777,0.07801244540611016,take
samba,42,0.07007566818651374,0.07483429598078017,0.1436388279790394,take
shoegaze,35,-0.06295087041748672,-0.06819871747414599,0.08930599001769615,take
singer-songwriter,56,0.06777817779373112,0.011044417599122862,0.09290625806424022,take
soft rock,49,0.05655212579403922,0.053583625185762464,0.07728760877380275,take
soul,61,0.009269489713915618,0.01913945008969358,0.058558648005589825,take
soundtrack,44,-0.16524435715182742,-0.19417996635053317,0.17321467583078645,take
synthpop,41,-0.01726289895155066,-0.040224184204800666,0.12746562489425056,take
thrash metal,37,0.1228414938468246,0.11750520587099149,0.13439334362797453,take
alternative rock,37,-0.022430102180638564,-0.01755394767874663,0.07228661788168401,wait
ambient,43,-0.131753532689633,-0.1484072483336265,0.14019149276913692,wait
black metal,36,-0.15645829047239815,-0.15951807297116122,0.15645829047239815,wait
blues,61,-0.07014390505117585,-0.08664821659267394,0.09311108842721735,wait
bossa nova,54,-0.05034124867870014,-0.0636064902977125,0.12226958969205316,wait
brazilian rock,34,0.023492236453171236,0.014365502727977722,0.06598981171543736,wait
classic rock,61,-0.017915850893838,-0.011858452975148327,0.050817917053070275,wait
country,53,-0.03111664010516245,-0.03010183294745327,0.06101188613749316,wait
death metal,33,-0.07834328181787713,-0.08649148655980116,0.08817363960908943,wait
disco,46,-0.12743767972101214,-0.14371669197645118,0.14803941319977482,wait
doom metal,33,-0.024260470652711495,-0.04266838290995609,0.06274220211834747,wait
dream pop,34,0.006164220251235043,0.004826924460805161,0.12052441375546283,wait
easy listening,47,0.04006917413320922,-0.01000401160754071,0.1256938633766528,wait
electronic,45,-0.046791643111623885,-0.07002633917963978,0.11741014516207504,wait
experimental,52,-0.0895815997759052,-0.09336039079581246,0.0937119900792432,wait
folk,57,0.08329074400414319,0.045912588644199545,0.12215551522709714,wait
funk,51,-0.07766458510506291,-0.09879048668306792,0.10356252028784532,wait
glam rock,39,0.07553289533420028,0.01862404055062458,0.1347174956129946,wait
gothic rock,34,0.07701574496230293,0.09496952628747177,0.15424442627751125,wait
grunge,32,0.05553942244346579,0.06620114353158715,0.07486475704062237,wait
hard rock,51,-0.0023734240544473796,0.01532155522698082,0.06597584682403655,wait
hardcore,39,-0.025337809938020286,0.0066257309532535,0.10432928939630766,wait
hardcore punk,32,0.014079039598587128,-0.012943661773250903,0.10872814686195109,wait
indie rock,33,0.07247674473823731,0.0731203049515348,0.08066780412636304,wait
industrial,35,-0.08491915037902782,-0.10150075383259023,0.09309129482483668,wait
jazz,61,-0.06790602578904527,-0.07080893085392878,0.10027727683042427,wait
latin,40,0.07660418957510809,0.0476164791337497,0.13034754176205163,wait
metal,48,0.011826231632092267,0.013753244159218775,0.04694987162176705,wait
mpb,53,-0.07876763676507366,-0.0728719563306945,0.10861611661882845,wait
new wave,43,0.005836942772603796,-0.010584047018266086,0.0698055797866841,wait
pop,57,0.045747955343755274,0.031199235561257827,0.06368240435338927,wait
pop rock,32,0.032051159426145524,0.04291787961209805,0.06037700119828524,wait
post-hardcore,35,0.20468936160899046,0.10055818357226105,0.23119232756278787,wait
post-punk,43,0.0632638722421743,0.026733458579126193,0.10899023622347911,wait
power metal,34,0.15710676552363168,0.11339830928474501,0.15710676552363168,wait
progressive metal,32,0.03467896746008507,0.037020332033010035,0.051320531442295134,wait
progressive rock,53,0.04957633599123293,0.05686537117506649,0.08655377353360667,wait
psychedelic rock,48,0.06985505908440985,0.020152210312010397,0.14071275535915237,wait
punk,47,0.009980787096574888,0.024727180056779766,0.07626629423448987,wait
rap,32,-0.09233958865385732,-0.09410192141838347,0.09233958865385732,wait
reggae,42,0.02846958857898064,0.02244418612620494,0.11033170080121442,wait
rock,61,-0.044967508867038125,-0.012556416346006651,0.08638810130451006,wait
samba,42,0.059306066244242214,-0.04916062685530263,0.20385513923637433,wait
shoegaze,35,-0.024976855323070594,-0.04447125973330894,0.10671907692817126,wait
singer-songwriter,56,0.04854433917651401,0.04694023289520824,0.10074902714213092,wait
soft rock,49,0.21484515356753503,0.13263159885685175,0.24265684630399276,wait
soul,61,0.053770496550379805,0.04141107540737112,0.08647144430822266,wait
soundtrack,44,-0.1337837491478861,-0.13898126485016946,0.13378374914788613,wait
synthpop,41,0.01891808687221611,0.007274171133539142,0.13558280005675516,wait
thrash metal,37,-0.05533741160439649,-0.06285247145821293,0.08003026742637025,wait
alternative rock,37,0.05355930238987141,0.07901915532361406,0.08190770157019843,fall
ambient,43,-0.15626499312491038,-0.20631268818483892,0.20633824133896858,fall
black metal,36,0.15142129130443027,0.12527559308668182,0.16131013433751618,fall
blues,61,-0.03658130522842651,-0.06672344301920483,0.09225695204749386,fall
bossa nova,54,0.003701274966358264,0.01027337826588827,0.11475010594216455,fall
brazilian rock,34,-0.09879541112614368,-0.12891989898385386,0.12246515239470206,fall
classic rock,61,-0.0978830118645542,-0.09880752368455871,0.10852869796010955,fall
country,53,0.06154737900951752,-0.0009957401152963837,0.13516540177861838,fall
death metal,33,0.12990939661226814,0.14472654023703108,0.13111050791220727,fall
disco,46,-0.13567194073126193,-0.15880287736931803,0.16892170049232172,fall
doom metal,33,0.21056613207091693,0.19732001408652586,0.21545529607387917,fall
dream pop,34,0.1439970381899989,0.08368763524107423,0.155269056146789,fall
easy listening,47,0.18500709940148446,0.15490260557583516,0.26679530712887445,fall
electronic,45,-0.11213584589826824,-0.08508973220259684,0.12067520323433567,fall
experimental,52,-0.13141581968664787,-0.13482433121092136,0.13503402679564894,fall
folk,57,0.053846986656098085,0.03962251043032117,0.1122272973398067,fall
funk,51,-0.09655313974728338,-0.13872432207541507,0.13595685557535778,fall
glam rock,39,0.0535095823374356,0.0011147734312395713,0.15530138553030762,fall
gothic rock,34,0.19782903175981176,0.16527265356970833,0.22794092887328926,fall
grunge,32,-0.03017768406825601,-0.03753490862589499,0.05644741025581518,fall
hard rock,51,-0.00591037844153734,-0.04208804288848653,0.10654514623645348,fall
hardcore,39,-0.04358138508876963,-0.04671975476392953,0.12531256721348624,fall
hardcore punk,32,-0.10862952530692442,-0.07054712013674128,0.11234886712101001,fall
indie rock,33,-0.01668784425449166,0.0038437393004527296,0.06400361042131232,fall
industrial,35,-0.028687346950104498,-0.0480488382881438,0.06981891232124361,fall
jazz,61,-0.06798734215823042,-0.07362759080753645,0.09958540596548143,fall
latin,40,-0.020249426554700356,0.0008040775398803118,0.06809771523578349,fall
metal,48,0.11630395214175693,0.10182897924052906,0.13348215429788582,fall
mpb,53,-0.056429341021696736,-0.04743260820325573,0.06701031895112941,fall
new wave,43,0.04030291187107439,0.019845736853605727,0.07466830413996131,fall
pop,57,0.043433407496151134,0.02331842121947752,0.09124795272840422,fall
pop rock,32,0.03805784203482563,0.010499446947283626,0.11199068084557433,fall
post-hardcore,35,0.09677697178838579,0.1433308519958707,0.16041352285803093,fall
post-punk,43,0.04914392823418409,0.02935176091673719,0.11075633372662264,fall
power metal,34,0.18960125848969916,0.18703896457405506,0.1961953172510303,fall
progressive metal,32,0.10579857814094785,0.08463216057366167,0.10579857814094784,fall
progressive rock,53,-0.021495706298958247,-0.011053092683446298,0.07289894588588358,fall
psychedelic rock,48,-0.059676262603955484,-0.06939597146612145,0.0887187940921126,fall
punk,47,0.01713262615438843,0.025843205308234172,0.10627773391840822,fall
rap,32,-0.14799177398338126,-0.14211547003341213,0.14799177398338126,fall
reggae,42,-0.05986301465240333,-0.0782249574614405,0.12634263411324764,fall
rock,61,0.012365245588789802,0.0047676415554340585,0.06710447704783948,fall
samba,42,-0.07955617718419244,-0.09856040048523333,0.10597353144288241,fall
shoegaze,35,0.11837642195942782,0.05584951817780569,0.1482077772519471,fall
singer-songwriter,56,0.09742334233049185,0.03627383843069808,0.1230787477227362,fall
soft rock,49,-0.008039213180820725,-0.03593444898540171,0.10358764258598777,fall
soul,61,-0.009102288291028068,-0.00870052847050426,0.05974236746076509,fall
soundtrack,44,-0.03550949564790756,-0.10501330482373784,0.13383370609226164,fall
synthpop,41,-0.05903061716798728,-0.03142953345922327,0.07912507359910065,fall
thrash metal,37,0.04595836579920872,0.027784646859953646,0.08653988323537473,fall
alternative rock,37,-0.045912889017336866,-0.04777227043137588,0.046791240344733406,darl
ambient,43,-0.08841481466624573,-0.0861838785809523,0.08841481466624573,darl
black metal,36,-0.004166939663884869,-0.07659934227698309,0.1033205375206604,darl
blues,61,0.12446454980761662,0.07589322595646814,0.16127240199590898,darl
bossa nova,54,-0.06960322820753191,-0.08545753938477135,0.08439502678425101,darl
brazilian rock,34,-0.06879445212796226,-0.09072699097887701,0.08268766992852827,darl
classic rock,61,-0.004050360371584797,-0.02020262485676225,0.06162963894457558,darl
country,53,0.08076671899855854,0.0028144577631347726,0.15337065357994764,darl
death metal,33,-0.07595541115555171,-0.08524800192085333,0.07618677901409032,darl
disco,46,0.10305627077512113,0.056735606074715936,0.14743999276342643,darl
doom metal,33,-0.06491815088951147,-0.07987814746209485,0.07762029117578108,darl
dream pop,34,-0.0038872689806474727,-0.03309291549778726,0.07745745069950762,darl
easy listening,47,0.10798950640722126,0.007565973220403619,0.17506366730910275,darl
electronic,45,-0.055696512392009394,-0.07724015100529047,0.06297218531342091,darl
experimental,52,-0.062300021791569175,-0.08140422344972784,0.07819940589135564,darl
folk,57,-0.0033214453925332057,-0.06195233639105429,0.10971329967535025,darl
funk,51,0.11107098916414604,0.0005602579544902478,0.17728668413647158,darl
glam rock,39,-0.0320044657019362,-0.0841262349165941,0.1054413211511596,darl
gothic rock,34,0.02378207640540315,-0.05785155459187963,0.11586380576755441,darl
grunge,32,-0.05510289318276405,-0.07112702060346925,0.059425318813686186,darl
hard rock,51,-0.025815139049702056,-0.03274467136406446,0.04583471937332004,darl
hardcore,39,-0.0699712677965667,-0.08130021146574842,0.07161732422213307,darl
hardcore punk,32,-0.025522327014062055,-0.07855914923369266,0.09582698767483579,darl
indie rock,33,0.015071369547324612,0.019954624615145782,0.061916130860684336,darl
industrial,35,-0.05996215154106622,-0.07987814746209485,0.0649562011324318,darl
jazz,61,0.03524479782098266,0.03175869977039655,0.10935185407634962,darl
latin,40,-0.0006197739325050869,-0.06032066572678914,0.10892743362127053,darl
metal,48,-0.06586018537258348,-0.08245316687586764,0.07159225263523054,darl
mpb,53,-0.04396200200502333,-0.06417617570896571,0.07093101286850473,darl
new wave,43,-0.04483374888789408,-0.061543837126943265,0.06786072563754826,darl
pop,57,0.05785174796627374,0.020838110900835392,0.09525407101371094,darl
pop rock,32,-0.029061099550778367,-0.02054684099466451,0.03779811485530084,darl
post-hardcore,35,-0.03043782331485307,-0.05051584324450743,0.06487738519895833,darl
post-punk,43,-0.02256111661685009,-0.04397811704842607,0.05900553683003792,darl
power metal,34,-0.06807700102551036,-0.08102524682644863,0.07138113216423204,darl
progressive metal,32,-0.08405807791095044,-0.08512643376411125,0.08405807791095044,darl
progressive rock,53,-0.029045423421564007,-0.0787708641795618,0.08718115090545593,darl
psychedelic rock,48,-0.05157406798199549,-0.08197482394586009,0.08307748898450297,darl
punk,47,-0.03299528917144739,-0.031481004336733204,0.05587588530376148,darl
rap,32,-0.06100644965558737,-0.0750367451561473,0.064822827421718,darl
reggae,42,0.18904749577725796,0.10333688853677833,0.23197941957319865,darl
rock,61,0.09405686778862724,0.0075520392380367405,0.15148161067070198,darl
samba,42,-0.09091775603652515,-0.08507172507833079,0.09091775603652515,darl
shoegaze,35,-0.06543765407573161,-0.07987814746209485,0.06578711013597913,darl
singer-songwriter,56,0.07183925536008152,0.04752567989896891,0.09499090932436212,darl
soft rock,49,0.13495307104684742,0.054313771841617994,0.1797596290879345,darl
soul,61,0.17650760336490104,0.18810751386767777,0.19012531132336877,darl
soundtrack,44,-0.04053805876763343,-0.0610767223040633,0.07069944567158083,darl
synthpop,41,-0.04223251458529203,-0.06081243796395683,0.06470659495907445,darl
thrash metal,37,-0.0714503344785615,-0.0787708641795618,0.07249159746345027,darl
alternative rock,37,0.05930559054221116,0.04086736266336573,0.09604370215602265,burn
ambient,43,-0.17368845000833938,-0.18253984140322316,0.17368845000833938,burn
black metal,36,0.30608258132762833,0.22432927706836625,0.30608258132762833,burn
blues,61,-0.017829854502738354,-0.04229471032955443,0.08349565856074165,burn
bossa nova,54,-0.03017084405794833,-0.04417668297192277,0.10873051456119205,burn
brazilian rock,34,-0.16207792151064343,-0.16870163267253202,0.16207792151064343,burn
classic rock,61,-0.073098246661095,-0.08820856716367582,0.08218512303972465,burn
country,53,0.037460878676516644,-0.05954922196072558,0.17624051225096882,burn
death metal,33,0.3880754787580385,0.40271125577109435,0.3880754787580385,burn
disco,46,-0.025506311410681274,-0.060105199027415485,0.09361086162969266,burn
doom metal,33,0.29856766560418413,0.2840809988159938,0.29856766560418413,burn
dream pop,34,-0.10788526634452975,-0.12536583158581938,0.12161309156214019,burn
easy listening,47,-0.11024359184619234,-0.1454275965035373,0.14698599857118178,burn
electronic,45,-0.09647983195918051,-0.11303108042485507,0.13236552662221066,burn
experimental,52,-0.02081414124399546,-0.08687103102353669,0.12358755273923214,burn
folk,57,-0.05031054395522096,-0.05334302587001804,0.07065451618362993,burn
funk,51,-0.11596919129712553,-0.13631929526798664,0.12111709000099292,burn
glam rock,39,-0.0100235870616811,-0.03973334620952148,0.13670737557074744,burn
gothic rock,34,0.2581669843069285,0.1801835204268896,0.266810541930312,burn
grunge,32,0.027703683364697362,0.011175860437794739,0.09731740391629456,burn
hard rock,51,0.0912795226739383,0.07176981447708625,0.10539167556807355,burn
hardcore,39,0.014226114371032965,0.08475490280913106,0.14223345865759848,burn
hardcore punk,32,0.1005714181406037,0.039307734884865816,0.18353726387515146,burn
indie rock,33,-0.04481330769519716,-0.058089455032502194,0.06586043422088803,burn
industrial,35,0.22781099416006212,0.24207989091912435,0.23960136560204756,burn
jazz,61,-0.08683995881509206,-0.08445857939312437,0.0903486667498462,burn
latin,40,0.015436947974177589,-0.036638082264346526,0.11995015018710564,burn
metal,48,0.2823202929293074,0.21067614834066578,0.2823202929293074,burn
mpb,53,-0.07604660537912218,-0.10043178412060987,0.09641441828466676,burn
new wave,43,0.01677222702797222,-0.022136117736243806,0.09096836228242365,burn
pop,57,-0.03743996855841659,-0.06204180005254926,0.08374324992331306,burn
pop rock,32,-0.023314146539550613,-0.02053230712779258,0.08100386876992123,burn
post-hardcore,35,0.253911412950211,0.24508277638781795,0.2554409557925718,burn
post-punk,43,0.01395421233097154,0.010494284046733957,0.04573769444027238,burn
power metal,34,0.3120616210524125,0.29969154945417575,0.3120616210524124,burn
progressive metal,32,0.19859273565552404,0.20114970273659988,0.22504110672362243,burn
progressive rock,53,0.09671349896567519,0.09480731350102926,0.11418334056350703,burn
psychedelic rock,48,-0.03172105904688873,-0.04710602085513742,0.0987097756811554,burn
punk,47,0.029827485035724813,0.02111809122341679,0.07642680020897358,burn
rap,32,-0.11806425444559081,-0.10808934445112114,0.11806425444559081,burn
reggae,42,-0.0312063280304485,-0.016985001473953737,0.06552692340288344,burn
rock,61,-0.03544176745155564,-0.05373470092401162,0.08792259310385983,burn
samba,42,-0.05525479185132859,-0.06970571298322636,0.08946789719273172,burn
shoegaze,35,-0.0656655536033799,-0.07201368938709432,0.07740093433210436,burn
singer-songwriter,56,-0.013537158505222238,-0.023547411043259615,0.07132403898825754,burn
soft rock,49,-0.06443655684493789,-0.08211074805527428,0.10176609699445252,burn
soul,61,-0.11522218314554723,-0.1270468575435311,0.11522218314554723,burn
soundtrack,44,-0.026370126658802243,-0.10468223889210779,0.1427230723350241,burn
synthpop,41,-0.09094951529865114,-0.08558784550715084,0.09434229256366292,burn
thrash metal,37,0.3868237441203614,0.3148693837745285,0.3870275051768015,burn
alternative rock,37,0.01146382181334738,0.027620969432101017,0.055464320677919364,alway
ambient,43,-0.19259732322770298,-0.19441352733931277,0.19278725261927063,alway
black metal,36,-0.15722621161739336,-0.15374238674545468,0.15722621161739336,alway
blues,61,-0.02959181446161854,-0.0260975659899323,0.071292001320312,alway
bossa nova,54,0.12329833839404064,0.09315998037624726,0.19001971160892306,alway
brazilian rock,34,0.28347092322260004,0.2763618171756189,0.28347092322260004,alway
classic rock,61,0.07587279974969313,0.033065920980655784,0.08906976134235708,alway
country,53,0.055489817580144804,0.0016263560620990798,0.12435865625262964,alway
death metal,33,-0.12262817980130193,-0.12496055894876812,0.12263582126371968,alway
disco,46,-0.04208521207838157,-0.08636409259252234,0.11061012292092823,alway
doom metal,33,-0.1296610015843267,-0.1338826105956063,0.1296610015843267,alway
dream pop,34,0.024095467085736778,0.037698492535454355,0.09566233566005745,alway
easy listening,47,0.1764420360778403,0.1810687517412722,0.22164588703540836,alway
electronic,45,-0.08296878577221639,-0.08863336452455364,0.12882636596884853,alway
experimental,52,-0.059685852372107516,-0.07907200423710709,0.12055034904546624,alway
folk,57,0.018774618316622003,0.0020519198353413687,0.11981999047581582,alway
funk,51,-0.07919844072992839,-0.10904791062261389,0.10355509336654428,alway
glam rock,39,0.02092904442393364,0.03644198328441092,0.1435207660507201,alway
gothic rock,34,-0.0540377006150708,-0.10380981649538726,0.16965249606208735,alway
grunge,32,-0.005503408407025814,-0.0126475492529696,0.06775430584107023,alway
hard rock,51,-0.03764821948444936,-0.043848611502348644,0.06632799230799928,alway
hardcore,39,0.1223295622428931,0.08192843391476627,0.18040834801669028,alway
hardcore punk,32,0.01627586343996003,0.01386105273145125,0.09034959817835297,alway
indie rock,33,0.048935910797555354,0.018844067134262815,0.05816698730536596,alway
industrial,35,-0.12568520881566567,-0.13140807529157877,0.1256852088156657,alway
jazz,61,-0.0652846042617205,-0.08953975713405044,0.11384382848142971,alway
latin,40,0.11918169786783657,0.11645822102106032,0.1646096325050363,alway
metal,48,-0.027266119635532732,-0.007623953113174133,0.06824503415182956,alway
mpb,53,0.1125152379843564,0.09911144048205868,0.1209872360548601,alway
new wave,43,0.04085236913172568,0.010817566908998912,0.0792559696552848,alway
pop,57,0.04758885511935206,0.04283572515387932,0.07925578803213894,alway
pop rock,32,0.10857121662232762,0.11277834808584436,0.12447481065189238,alway
post-hardcore,35,0.0006110588089239707,0.059295770062468015,0.12030491535867924,alway
post-punk,43,0.06903912325477132,0.0041972783844753,0.10557883356233065,alway
power metal,34,-0.02147981995809853,-0.02819084491445601,0.08730269850248404,alway
progressive metal,32,-0.01564089457208998,-0.039304215901603184,0.06791969559269725,alway
progressive rock,53,0.023123560021990914,-0.004913546862173252,0.08846401362152802,alway
psychedelic rock,48,-0.12880349795436855,-0.1276851443223523,0.1467314042906312,alway
punk,47,0.036781961590697076,0.04294704145292231,0.07070513423085742,alway
rap,32,-0.036831568505834016,-0.03316563918694375,0.05545534869053412,alway
reggae,42,-0.08703255533597341,-0.06208363590030107,0.1245599691013618,alway
rock,61,0.08221524316572901,0.03895686889175204,0.11278241248664117,alway
samba,42,0.017296871480029768,0.01937608104900873,0.07831396412648038,alway
shoegaze,35,-0.004035420295611144,0.0037842124035506785,0.07637907364504957,alway
singer-songwriter,56,0.022785581687729015,0.02203542603798285,0.07398708289709496,alway
soft rock,49,0.08216548382885291,0.05665151216116592,0.18692198756738804,alway
soul,61,0.1153214206993247,0.09784166918244917,0.1391968512069196,alway
soundtrack,44,-0.10147837660754849,-0.12241349857183406,0.13662230441542625,alway
synthpop,41,-0.00547462903654339,0.027524814994080923,0.10487469957241058,alway
thrash metal,37,-0.14156651102292792,-0.14625456914306567,0.1415665110229279,alway
alternative rock,37,-0.028532414726339196,-0.015571953608479325,0.039641664918403284,true
ambient,43,-0.1299975697408784,-0.12388235811410257,0.1299975697408784,true
black metal,36,-0.04802345125894507,-0.055878827234280004,0.06597999464183062,true
blues,61,0.019593613790643567,0.012309700729392439,0.09974702607224249,true
bossa nova,54,-0.12246207379862835,-0.15824068974946,0.1275776338510897,true
brazilian rock,34,-0.08674968022057747,-0.11170627659701991,0.12197307305060325,true
classic rock,61,0.03234379285284686,0.008844155008843606,0.09373075945059028,true
country,53,0.07919447958366627,0.055554401563438605,0.12179867120549756,true
death metal,33,-0.052728815947085714,-0.06812307073208675,0.08279375689586903,true
disco,46,0.08092605669695145,0.09729513868834175,0.13870387004448656,true
doom metal,33,-0.010463680005898429,0.0022253961787477355,0.055779810106737944,true
dream pop,34,0.054054329207683036,-0.025149715092332048,0.15506637304456194,true
easy listening,47,0.4054819944425469,0.27340973962425474,0.41385942788014923,true
electronic,45,-0.005153564932585628,-0.02822034927661867,0.13814096936626852,true
experimental,52,-0.09239228828912695,-0.10958974343626184,0.12533255900378454,true
folk,57,-0.005161064444966732,0.003411123247227924,0.06147784478380708,true
funk,51,0.0012776831822236458,-0.01512938973531694,0.07593611888837455,true
glam rock,39,0.03006890337221031,-0.045243144352840214,0.1576133734017003,true
gothic rock,34,0.046634335520202824,0.031009774955728753,0.12206678440270255,true
grunge,32,-0.0616807820781742,-0.05861669602489173,0.06599112361994564,true
hard rock,51,0.025992952207942652,0.005149272837926132,0.06377320724464026,true
hardcore,39,-0.02161516320351058,-0.01568609850953379,0.09519625711755479,true
hardcore punk,32,0.0012341050235540828,-0.021146222747286524,0.11964562139789067,true
indie rock,33,-0.05987367004823111,-0.032880832737860285,0.06444287283391674,true
industrial,35,-0.038189414092654105,-0.043247854693538354,0.0591883285406433,true
jazz,61,-0.0012123998382975608,-0.004478782392228846,0.1108096643740257,true
latin,40,-0.011658233609471848,-0.07684870141190336,0.11040423989455779,true
metal,48,-0.012626475456524988,-0.034649885998306276,0.060700551095427074,true
mpb,53,-0.1344657560132397,-0.12879353953428146,0.1344657560132397,true
new wave,43,0.04543231885120994,0.0005161310441818795,0.10466254122192176,true
pop,57,0.10581414317673689,0.09335567455006419,0.11721903561300259,true
pop rock,32,0.09568904893461377,0.024821357396689794,0.11503114739495968,true
post-hardcore,35,-0.07800628072148906,-0.06515072481128058,0.07950649392508316,true
post-punk,43,-0.007254221053721945,-0.04401269319938835,0.09406834283951056,true
power metal,34,-0.044467698634451214,-0.04140024745509886,0.10389529798844317,true
progressive metal,32,-0.035666178520308366,-0.055804749346678346,0.07520993417567101,true
progressive rock,53,-0.027175765244732867,-0.032992294020303535,0.056367731202734514,true
psychedelic rock,48,-0.04193636231149222,-0.05901484710884587,0.09576963324745806,true
punk,47,-0.043188035995684146,-0.04401890369012632,0.080184735555529,true
rap,32,-0.0001900607459936253,-0.01994705594143551,0.06967433112207115,true
reggae,42,-0.0014493338806736114,-0.0023852539310576255,0.11662628517662285,true
rock,61,0.10527528630205113,-0.021485905565484728,0.1599908517981266,true
samba,42,-0.15877251088133754,-0.16216666522317516,0.15877251088133754,true
shoegaze,35,-0.04361889041514729,-0.03505179499969239,0.07764333522098493,true
singer-songwriter,56,0.003313516432428636,0.025909304356297094,0.08520072062234009,true
soft rock,49,0.03804742615962008,0.048552119027528456,0.10850943716399214,true
soul,61,0.19873814342371132,0.15275321286755436,0.20301172748836646,true
soundtrack,44,-0.05357696505555694,-0.07716880871114731,0.09132900951102493,true
synthpop,41,-0.024691478247796793,-0.01203731624097814,0.07344450650553465,true
thrash metal,37,-0.020347794282666004,-0.021407798123490463,0.05498717746863931,true
alternative rock,37,-0.028669431380263666,-0.035172203719050665,0.06403263719856181,give
ambient,43,-0.19686196183089247,-0.21929691789772982,0.19686196183089247,give
black metal,36,-0.20341247695527218,-0.19478678385111584,0.2034124769552722,give
blues,61,0.01030437797609771,-0.01545139350255671,0.08025312238167474,give
bossa nova,54,0.07184827422090845,0.0471953387789312,0.14448731856844277,give
brazilian rock,34,0.03684301702600405,0.040729275738409246,0.10432983328735546,give
classic rock,61,0.0019599665337545276,-0.013268789689334043,0.09825329140164837,give
country,53,0.018353807936509977,-0.018384871951916303,0.11831394657486556,give
death metal,33,-0.1345768282033394,-0.13354702756284997,0.1345768282033394,give
disco,46,0.17566077941702057,0.13596898574092892,0.1872835883882193,give
doom metal,33,-0.06708742712401654,-0.07855532417557422,0.10925407915726046,give
dream pop,34,-0.15317074268618003,-0.14908557791201374,0.15317901676023035,give
easy listening,47,0.10054279720916175,-0.059772689968085296,0.24557624928288443,give
electronic,45,-0.06137331939682155,-0.06290246524993566,0.09760307417798395,give
experimental,52,-0.0794592101564737,-0.08234337488501581,0.10702564664323118,give
folk,57,-0.04592508085581621,-0.07215682589217187,0.1040709568838864,give
funk,51,0.07414612069684887,0.06978537578454544,0.10082086809363974,give
glam rock,39,0.049418745993564654,0.03893590246927043,0.1722154858846069,give
gothic rock,34,-0.008833463733997458,-0.009564310515978744,0.1625372269130937,give
grunge,32,0.0030389572215959574,-0.033799530934410335,0.09721591798787259,give
hard rock,51,0.04506792391898207,0.03202756299243806,0.0597109627465143,give
hardcore,39,0.1342244144622785,0.09388783720129203,0.15960407788686723,give
hardcore punk,32,-0.04306385790613614,-0.06863162482754917,0.09108256294085101,give
indie rock,33,-0.10129717034397802,-0.10207420564354816,0.10129717034397803,give
industrial,35,0.0038936935736088997,-0.011239349533476946,0.1018587998958364,give
jazz,61,-0.00784063983166845,-0.10492299877155017,0.17478057254236173,give
latin,40,0.3483802226204613,0.3838876861462207,0.3954270360079227,give
metal,48,0.016025655433935186,0.0021855883775763947,0.11394021509675677,give
mpb,53,0.08079275144642364,0.0752604848083531,0.09706172819351372,give
new wave,43,0.011857145580109068,0.01937476664602187,0.05927769766689219,give
pop,57,0.08021494562621569,0.09334202125873067,0.10774664810804604,give
pop rock,32,0.061858851397882345,0.05690979069965746,0.0811027621320651,give
post-hardcore,35,-0.045663420942612915,0.0030590648441113583,0.11792365486328382,give
post-punk,43,-0.07958172139609261,-0.08427486283449989,0.08661019259494718,give
power metal,34,-0.11750317918548706,-0.12575253995933183,0.124903413432993,give
progressive metal,32,-0.09988985050466417,-0.10015515318040326,0.10020113431636749,give
progressive rock,53,-0.07401555200070933,-0.07291646995912064,0.08356228678970329,give
psychedelic rock,48,-0.06964994803667002,-0.07746227331743556,0.09182224273602431,give
punk,47,-0.02595432838631756,-0.013214348794272635,0.0659932942645258,give
rap,32,0.14188042219399796,0.12631628713647364,0.14188042219399793,give
reggae,42,0.13409181808817627,0.11591261463857198,0.16220026719441755,give
rock,61,-0.044217884987432184,-0.03620530635409162,0.08776449866773485,give
samba,42,0.08023062989239223,0.07963357082055514,0.12102385541830382,give
shoegaze,35,-0.12445374595421578,-0.129699139382377,0.12445374595421578,give
singer-songwriter,56,0.011484846230184937,-0.013396669288243068,0.075682026971406,give
soft rock,49,0.04141209418188464,-0.01625076703078884,0.15571850629869652,give
soul,61,0.12183279424575603,0.08090995288381123,0.1312527126039222,give
soundtrack,44,-0.14947323249238648,-0.15150608356524695,0.16067880843153587,give
synthpop,41,0.01680220643376257,0.010870600734280362,0.11653908363667344,give
thrash metal,37,-0.10515426483530307,-0.10938886543525159,0.11473711109851824,give
alternative rock,37,-0.009592783153634335,0.014668747276357074,0.07657309476128034,noth
ambient,43,-0.23110020963459132,-0.2304452707864188,0.23110020963459132,noth
black metal,36,-0.12854724587585645,-0.13842471376033644,0.12943216136185873,noth
blues,61,-0.022595082933265898,-0.03331444808177344,0.06520184705120019,noth
bossa nova,54,0.14161211854493258,0.09438277780500262,0.18037328217386175,noth
brazilian rock,34,0.0816133156417112,0.0642839237164086,0.1537542779554883,noth
classic rock,61,-0.04286385105783812,-0.04172633543355301,0.08562416813128923,noth
country,53,0.028755324155358097,0.014627501724974398,0.09608151145074967,noth
death metal,33,0.030680674056887135,0.03240676632772848,0.06638289812787801,noth
disco,46,-0.08083897288022367,-0.11195263682314194,0.12133777561173319,noth
doom metal,33,-0.020742682145767456,-0.03902884824901308,0.07467513689741936,noth
dream pop,34,-0.06294413685288103,-0.06692826029718629,0.07861382835795876,noth
easy listening,47,0.010760048032300462,-0.006423398105394696,0.11690282470058164,noth
electronic,45,0.000409009543980032,-0.07769251931080219,0.17814004021014998,noth
experimental,52,-0.1291052434433978,-0.135677805000752,0.13220554948092464,noth
folk,57,0.00015132085694708405,-0.01164837004794174,0.08017752878987504,noth
funk,51,-0.05581408185512214,-0.07760949901229178,0.09130312865410813,noth
glam rock,39,0.17155598313268755,0.0685434562877376,0.2556159042023518,noth
gothic rock,34,0.06889757769736671,0.06632294944384999,0.11355017240296361,noth
grunge,32,0.04011559227667804,0.04118335808798426,0.06456299630295773,noth
hard rock,51,0.06033497053504458,0.05945021556678437,0.07011479067000574,noth
hardcore,39,0.13462882895628844,0.16091881706109962,0.179556037724458,noth
hardcore punk,32,-0.003392818798204546,0.017814292404466775,0.11587769679089689,noth
indie rock,33,0.007758459363261808,0.024051163636553758,0.03743168893581077,noth
industrial,35,0.008273961710466645,0.002682834351901078,0.0882104816412047,noth
jazz,61,-0.11668072970000844,-0.11355254191074807,0.12329883518982067,noth
latin,40,0.03796481641197959,0.07922755630630268,0.12956787476558376,noth
metal,48,0.02094472142153325,0.05872531231509298,0.10475147134652796,noth
mpb,53,0.08496328779681267,0.03933686311207266,0.11090512440460036,noth
new wave,43,-0.03612755654810718,-0.036519773488460916,0.06056309713964481,noth
pop,57,0.041892769334367246,0.039338891397176556,0.075183725073027,noth
pop rock,32,-0.02934600682982056,0.004148884056592928,0.09548130953169852,noth
post-hardcore,35,0.17746964587701694,0.02769963379334377,0.2510779593989689,noth
post-punk,43,0.09221169262454725,0.022762067799008696,0.11711060080513387,noth
power metal,34,-0.06702872576730047,-0.08626325987466354,0.09267984447765634,noth
progressive metal,32,0.0006377774042053694,-0.038442475440669796,0.10245413263995706,noth
progressive rock,53,-0.06798749036766316,-0.06879579577977518,0.09165159772414355,noth
psychedelic rock,48,-0.07194358153108475,-0.08309227131495271,0.11132655565994581,noth
punk,47,0.07130723150590046,0.07186300087647461,0.09341087510287518,noth
rap,32,-0.013026313305820474,-0.005400573919175858,0.035686971694129835,noth
reggae,42,-0.15125193682057642,-0.17483303493785438,0.15293978024408356,noth
rock,61,0.02972675234795364,0.03201824739253871,0.0816805523156538,noth
samba,42,-0.004690792458697501,-0.021955873603978333,0.12153932236330554,noth
shoegaze,35,-0.02339675334701554,-0.03312804663636858,0.06930447291920996,noth
singer-songwriter,56,-0.00037249532094938445,0.011745730543937363,0.05936746199167638,noth
soft rock,49,0.0493588135691901,0.020061231575679468,0.13203737474260302,noth
soul,61,0.02295981465475345,0.04847360620520077,0.08638191552152565,noth
soundtrack,44,-0.1449394491373239,-0.15538716791381466,0.14525081030448075,noth
synthpop,41,-0.07987124647607456,-0.035297144793829255,0.0907452053637169,noth
thrash metal,37,0.10000009917341471,0.054636283175552164,0.10983148269760024,noth
alternative rock,37,-0.018414990845403698,0.025104186240533892,0.08382997130720926,make
ambient,43,-0.3741544606623915,-0.3632411351825437,0.37415446066239155,make
black metal,36,-0.2803179156709008,-0.27804326779448085,0.28031791567090075,make
blues,61,0.00038435215912493835,-0.004422602559327144,0.10420696197189218,make
bossa nova,54,-0.04623535886661436,-0.06792440621567819,0.1267831424165008,make
brazilian rock,34,0.1238796088356968,0.15399716102904068,0.17898419361167087,make
classic rock,61,0.009865924952963801,0.007906328602093353,0.07586300796284681,make
country,53,0.1451050330085942,0.17114019683130038,0.1865392652031158,make
death metal,33,-0.22092593176439246,-0.19989231891074646,0.22092593176439246,make
disco,46,0.18162869049539565,0.14072081979095608,0.20423924036879665,make
doom metal,33,-0.23978261194251813,-0.24922235835130127,0.23978261194251813,make
dream pop,34,-0.06148978276764687,-0.07657096126607424,0.1002702833263294,make
easy listening,47,0.1216415968524272,0.0810514610153272,0.18749098661807062,make
electronic,45,-0.11056150990614066,-0.1400169223653179,0.17617112001082566,make
experimental,52,-0.09746149482418424,-0.13613259070213235,0.14316171504805117,make
folk,57,-0.05250792275105135,-0.0447491987924405,0.11482382271481814,make
funk,51,0.11801005674113968,0.11156062770659055,0.12051613134361691,make
glam rock,39,0.019696375266546686,0.023161167767956292,0.09618168393192618,make
gothic rock,34,-0.11004096102899229,-0.13233368271192558,0.15813962328321937,make
grunge,32,-0.04535512801511883,-0.035212889941194994,0.06832200474386776,make
hard rock,51,0.05060282069398168,0.04954164112719507,0.058513667006638084,make
hardcore,39,0.10075369597693354,0.08875628402817133,0.1199716633976404,make
hardcore punk,32,-0.007247406101179853,-0.019060377551829794,0.1700028384721567,make
indie rock,33,0.010860081385285453,0.002758680691683549,0.05016485543948296,make
industrial,35,0.0013430087341456502,-0.05777478204657402,0.10658648498039656,make
jazz,61,-0.12517124492329848,-0.1492317907956331,0.18137499778710817,make
latin,40,0.04611802778166961,0.010582323952021282,0.1185715091388146,make
metal,48,-0.05514536651456071,-0.07492901021619944,0.087669739443351,make
mpb,53,0.03019149266309689,0.03959570902326632,0.11599959646505914,make
new wave,43,-0.005742286995973142,-0.022583067453573667,0.10620383076013358,make
pop,57,0.1317523929009856,0.14601833902769348,0.14221355846743927,make
pop rock,32,0.18372746918151966,0.13747063961398825,0.18423495260833206,make
post-hardcore,35,-0.02835073449865821,-0.019281966063079307,0.2071983512997381,make
post-punk,43,-0.059275980672320205,-0.055146179669620404,0.10985497265215878,make
power metal,34,-0.12044821531063447,-0.13918209946910193,0.14649290941045234,make
progressive metal,32,-0.16982712931172184,-0.1626557489384,0.16982712931172184,make
progressive rock,53,-0.026129732183493633,-0.023473094630180113,0.0719619567134298,make
psychedelic rock,48,-0.08940117714306627,-0.0731909801073307,0.134327605683253,make
punk,47,-0.013669454710327492,0.013386683311993516,0.10927613453562396,make
rap,32,0.22747437983862145,0.20872388380336904,0.22747437983862145,make
reggae,42,-0.08484812777328923,-0.07706126701092209,0.11181099386682292,make
rock,61,0.01927355646002155,0.02432615702381908,0.08987553190171611,make
samba,42,0.08420475981661583,0.046943125102002,0.12471323270893005,make
shoegaze,35,-0.12076830375636634,-0.12314106607584234,0.1390758757172769,make
singer-songwriter,56,0.017171504322406907,0.01056794031829355,0.06167885908335521,make
soft rock,49,0.13486287872768407,0.13084610993898835,0.16146834436542962,make
soul,61,0.22908931055388193,0.2429169823946405,0.23878734889311012,make
soundtrack,44,-0.19296256593288116,-0.20463879806677454,0.1944879383227229,make
synthpop,41,0.005011783855823439,-0.01722288551829413,0.10687568090443188,make
thrash metal,37,-0.0540871730893179,-0.039338568959878445,0.07454894269913707,make
alternative rock,37,-0.04703680979910941,-0.018359690516019028,0.0875417634686567,end
ambient,43,-0.16150742080058755,-0.19420657402875818,0.17223891689659562,end
black metal,36,0.027944284243957507,0.023468619719989335,0.08420986047170156,end
blues,61,-0.0946086632992282,-0.09215331410415087,0.09707979448970898,end
bossa nova,54,0.20040856121621134,0.19856378631626875,0.23005786845475726,end
brazilian rock,34,0.27376479829307687,0.20699400030607878,0.28010361075352913,end
classic rock,61,-0.08445675901253119,-0.07793272826869281,0.09890239843834674,end
country,53,-0.007525613651557021,-0.044039804654056214,0.11125192889738032,end
death metal,33,0.26346081214805533,0.27838092975766043,0.26418602321475015,end
disco,46,-0.09097199862588971,-0.09204024122096748,0.10794990686427157,end
doom metal,33,0.1369777393277727,0.12863822659824542,0.13992720458364205,end
dream pop,34,-0.07577429438318993,-0.06771750482130683,0.09232389655157532,end
easy listening,47,0.13608713879760861,0.026216881360381424,0.17549518272170533,end
electronic,45,0.02184231662222802,-0.12774465336624585,0.2611330436409369,end
experimental,52,-0.11103187588267005,-0.11707865037349988,0.12946478066530148,end
folk,57,0.05218665335564312,-0.008501843300403952,0.11378884459548433,end
funk,51,-0.10206550617239762,-0.11082248309098901,0.1121193510888909,end
glam rock,39,-0.013120481266067517,-0.02807633422861815,0.10356467300901624,end
gothic rock,34,0.09440133778835066,0.1389182517441894,0.14279261207363436,end
grunge,32,0.05245497038012225,0.01633658459052296,0.12264781465991001,end
hard rock,51,0.014540304416652071,-0.013214278966497881,0.10090014116785552,end
hardcore,39,0.19131282731196597,0.20518406688449503,0.22809444486541836,end
hardcore punk,32,-0.024901338467828278,-0.08577968350343916,0.17411799696181884,end
indie rock,33,-0.048340822582062994,-0.027084820829295475,0.060813446886063015,end
industrial,35,0.0010180510822768876,-0.01117915695254149,0.07958890190465112,end
jazz,61,-0.039121311031795995,-0.08209215883084041,0.12131045356467605,end
latin,40,-0.032831885677727504,-0.030144932500051028,0.09051568269104764,end
metal,48,0.1727898292718917,0.17050838783637676,0.19667226405744928,end
mpb,53,0.25041974039066184,0.24045571072691807,0.25718891232721014,end
new wave,43,-0.06539513201011134,-0.05374144757356193,0.09392874085920697,end
pop,57,-0.0063376819230683565,-0.018111828913880326,0.041101549369292195,end
pop rock,32,0.10355443180654925,0.02246997103718041,0.15193954977564972,end
post-hardcore,35,0.21217948381383053,0.1311136391098352,0.27569185774619265,end
post-punk,43,0.011479963902632324,-0.010950826084782464,0.09826324310215961,end
power metal,34,0.2489509704406976,0.21576248869262438,0.25428417060952635,end
progressive metal,32,0.08270260437105145,0.0652256263889359,0.09922514342642244,end
progressive rock,53,0.047626328930649685,0.029196096145199274,0.09673580888675476,end
psychedelic rock,48,-0.10884805714348278,-0.11002782935693531,0.11208025781762603,end
punk,47,0.006524903011814136,-0.0013529926573185608,0.09439874592252129,end
rap,32,-0.06061408667059216,-0.06110482988566448,0.0772849061414718,end
reggae,42,-0.10888368890967064,-0.09569939413844614,0.10888368890967066,end
rock,61,0.020858288061143895,0.024432964179297228,0.0714134099301095,end
samba,42,0.12176271304601627,0.11045164505846101,0.1453801830557226,end
shoegaze,35,-0.08978682841075841,-0.08767746283094835,0.09179906143549274,end
singer-songwriter,56,-0.05665105359326417,-0.06894485301335632,0.08231898593107034,end
soft rock,49,0.009333381091457937,-0.029553940122711626,0.11108598760521558,end
soul,61,-0.03777227978125348,-0.05301797617006741,0.07972366372978042,end
soundtrack,44,-0.14348528188848678,-0.14858719185273758,0.1434852818884868,end
synthpop,41,0.07807903109317614,0.07092057615482199,0.1588651306566939,end
thrash metal,37,0.34346534617283225,0.3315264010878635,0.3434653461728323,end
alternative rock,37,-0.059440258691146386,-0.04613565429533523,0.059440258691146386,blood
ambient,43,-0.14394989198984323,-0.1418751575032153,0.14394989198984323,blood
black metal,36,0.561152446732685,0.5450008396276624,0.5611524467326849,blood
blues,61,-0.03801880483411917,-0.07246760630632135,0.10986404913750292,blood
bossa nova,54,-0.0126329589286586,-0.0781027499640272,0.14997670964651388,blood
brazilian rock,34,0.07536095925166625,0.04619813490850702,0.10470956664795736,blood
classic rock,61,-0.0796948583677952,-0.07467629217281331,0.08128176796706632,blood
country,53,-0.09210653803144309,-0.10083986500307603,0.09910475866463957,blood
death metal,33,1.0704879363558006,1.039915659016529,1.0704879363558009,blood
disco,46,-0.09907120766476342,-0.11759614265326787,0.11285806463334593,blood
doom metal,33,0.2671166123563524,0.19398803615593369,0.2671166123563525,blood
dream pop,34,-0.0698799986012287,-0.09973246257343588,0.1109426613579063,blood
easy listening,47,-0.08055934614504402,-0.12642827513900998,0.1250224591731787,blood
electronic,45,-0.13714069754713076,-0.13119298770200954,0.1371406975471308,blood
experimental,52,-0.008478166326533474,-0.041484898996307105,0.10523955595090727,blood
folk,57,0.027640984551599482,-0.01162308877390651,0.11055424462037228,blood
funk,51,-0.10341193543299217,-0.11992074272393363,0.10574380485189096,blood
glam rock,39,-0.08364071812556947,-0.14078290174994115,0.12998928588557887,blood
gothic rock,34,0.2099685508435092,0.258676035855204,0.25535216497302465,blood
grunge,32,0.03344235919258731,0.042549795979438865,0.07708472392224155,blood
hard rock,51,0.021516873162641652,0.015821176529821252,0.07967834367497406,blood
hardcore,39,0.12361513985253304,0.18051600814330337,0.17409705772106213,blood
hardcore punk,32,0.1389057123811231,0.10606143727055703,0.2122857429002617,blood
indie rock,33,-0.03170191130298,-0.019882850457859345,0.044548716672206425,blood
industrial,35,0.14991896921245865,0.14348057232428119,0.14991896921245865,blood
jazz,61,-0.10556994505281923,-0.13855046988015893,0.11789629528760748,blood
latin,40,-0.08764581741589056,-0.12054374507625322,0.10118827102614589,blood
metal,48,0.21911653980168536,0.22113335774133203,0.22481656080631693,blood
mpb,53,-0.02133387083334614,-0.060389388082398576,0.08886929975207641,blood
new wave,43,-0.07521080406646938,-0.09479265581366092,0.08420256252783147,blood
pop,57,-0.09393680898493538,-0.10083986500307604,0.09979986474288514,blood
pop rock,32,-0.1256512061316898,-0.137843505551012,0.1256512061316898,blood
post-hardcore,35,0.031055229279059113,0.07580299296644133,0.13017933299305282,blood
post-punk,43,0.017458585270197002,-0.005592391548930173,0.0712699392595038,blood
power metal,34,0.31441290058061766,0.3291880580398673,0.3194295103580028,blood
progressive metal,32,0.0786006977740582,0.09561349554902622,0.1264790087162917,blood
progressive rock,53,-0.013356699891182081,-0.01249822515553061,0.04877368790538999,blood
psychedelic rock,48,-0.005331578451333616,-0.024014571762421503,0.08275612092942007,blood
punk,47,-0.010693874627818272,-0.00700164042763639,0.0608146043091703,blood
rap,32,-0.040389855489010126,-0.02196171263926053,0.07055283547648342,blood
reggae,42,-0.03219363186809338,-0.06557093146994983,0.11304787024486612,blood
rock,61,-0.023050243065353984,-0.054635836470815304,0.07823703909101454,blood
samba,42,-0.02398832160149081,-0.10135467750803605,0.148851900819379,blood
shoegaze,35,-0.12361702422975974,-0.13038734740405244,0.12396805860425004,blood
singer-songwriter,56,0.01322731979048748,-0.03645921996078433,0.10291225255747924,blood
soft rock,49,-0.12665151960473559,-0.13907380530744645,0.14379282036132732,blood
soul,61,-0.112626357470012,-0.1216940412431499,0.112626357470012,blood
soundtrack,44,-0.11248984961072515,-0.12045927553919,0.1172236392886682,blood
synthpop,41,-0.10626864590373446,-0.12211114432460586,0.12312689593967757,blood
thrash metal,37,0.5251877809889709,0.4513954567636547,0.5251877809889709,blood
alternative rock,37,0.07143680308211295,0.054315099205805094,0.08139862687158857,time
ambient,43,-0.24665411024193645,-0.3010583831606137,0.27404179502403514,time
black metal,36,-0.10863782564625667,-0.1446864119793297,0.12549316571746016,time
blues,61,-0.015078235364494085,-0.025041496980036406,0.10416839237063392,time
bossa nova,54,-0.1605056066959968,-0.17397026958464507,0.18091624003940276,time
brazilian rock,34,0.08954331463710954,0.06444269944206565,0.12479861936894154,time
classic rock,61,0.030323388152770178,0.03272423306258404,0.05959669995016861,time
country,53,0.10782090028087925,0.08857404274362664,0.12514929041080433,time
death metal,33,-0.11498489888274215,-0.10399011759354486,0.11498489888274213,time
disco,46,0.05629867601736348,0.017396658271618716,0.11548350958050536,time
doom metal,33,0.0030934904592264095,0.002866081326469536,0.07291621708653793,time
dream pop,34,-0.000674441253926381,0.008731086783713572,0.10656753509450159,time
easy listening,47,0.12234594336016295,0.09851936741381014,0.19325565697101738,time
electronic,45,-0.13476491527145587,-0.10760900879232571,0.13476491527145587,time
experimental,52,-0.15341394037150932,-0.15609566205502506,0.1565342396223684,time
folk,57,-0.03445355242850972,-0.0686947704925478,0.16070607424392927,time
funk,51,0.013033012776539824,0.022958596739482008,0.0874065437580717,time
glam rock,39,-0.019578215394546256,-0.0007893327126370734,0.1380368708756708,time
gothic rock,34,-0.07593081149541929,-0.08161342454663327,0.1043754560675952,time
grunge,32,0.03466697343284798,-0.008880643792918506,0.13361070855738416,time
hard rock,51,0.024182508136703872,0.015267424898047504,0.067677569071602,time
hardcore,39,0.08493612985860267,0.13123652210177544,0.15084941273381375,time
hardcore punk,32,0.015140436407363006,-0.05952779495586369,0.19014264127522534,time
indie rock,33,0.03096692446662783,0.01788080147849952,0.06407768210388852,time
industrial,35,-0.13926209285821162,-0.13073252707982008,0.13926209285821164,time
jazz,61,-0.16058185458607413,-0.16737094773406364,0.17252094035106996,time
latin,40,-0.11188514114362927,-0.10570464938936779,0.12435309361625033,time
metal,48,0.07951444954671368,0.07860887636386157,0.10172668910317756,time
mpb,53,-0.014736657546153692,-0.03652398142592776,0.09623423687819294,time
new wave,43,-0.01139830695004971,-0.020861827160845545,0.06925335764662247,time
pop,57,0.014751316042888443,0.01954037033894981,0.054917639548518714,time
pop rock,32,0.035322053936036324,0.03694616443143974,0.13568442752711896,time
post-hardcore,35,0.1124316710262206,0.10202528910478444,0.13311684277669936,time
post-punk,43,0.017951813945345292,0.007281599403011558,0.05931446605151742,time
power metal,34,0.2054201722420231,0.14325163570516042,0.21442463216112229,time
progressive metal,32,0.062213197003006995,0.03982783794050354,0.09996353807563188,time
progressive rock,53,0.02367505402346664,0.024138199528355556,0.0674448596930529,time
psychedelic rock,48,0.028544865244375352,0.0308527383096919,0.11921927949285076,time
punk,47,0.025523557627885485,0.0294758118645844,0.12179009946339518,time
rap,32,-0.03413889845842702,-0.021211822455137978,0.07526562631414009,time
reggae,42,-0.07428442501844754,-0.02084911707680733,0.11863567986694813,time
rock,61,0.02417791781175293,0.032692176775231015,0.09495524359033827,time
samba,42,-0.14160870719757274,-0.13554072797195457,0.14172340392795144,time
shoegaze,35,0.061753611152096245,0.048334529368022065,0.13564686960760983,time
singer-songwriter,56,0.0026525964213708667,0.004843324316268044,0.06553568113274924,time
soft rock,49,0.15953550442844847,0.15971676764826295,0.21554279130612589,time
soul,61,0.15727268197190944,0.10903069497202238,0.15747093898982897,time
soundtrack,44,-0.23195435583453491,-0.25168320002744626,0.23195435583453497,time
synthpop,41,-0.003253894851107091,0.014794232600617664,0.06753510086871496,time
thrash metal,37,0.012307231587832151,-0.0007672247940902386,0.07261023372260493,time
alternative rock,37,-0.08244032933243205,-0.10427148319125605,0.10601429561976716,dark
ambient,43,-0.09872179967020767,-0.1230356661173199,0.12641730546486554,dark
black metal,36,0.968771260071375,0.8982363997721083,0.9687712600713753,dark
blues,61,-0.025001027124944234,-0.038525386840173974,0.07858784243280381,dark
bossa nova,54,-0.06788008709428868,-0.09856790685654879,0.11950765757734791,dark
brazilian rock,34,-0.0710266013748588,-0.11717180205178324,0.15853869677695764,dark
classic rock,61,-0.02495928355526325,-0.01877435494919665,0.0707282488541951,dark
country,53,-0.015871292240945373,-0.06381588700066995,0.11749469824162102,dark
death metal,33,0.3978933176802399,0.4013206224323962,0.3978933176802399,dark
disco,46,-0.11241322913016169,-0.11098385627415436,0.11417101214370713,dark
doom metal,33,0.5578068638835911,0.5733627830325208,0.557806863883591,dark
dream pop,34,0.11728750301358108,0.07050637677837898,0.17952282365804065,dark
easy listening,47,-0.0602699850485736,-0.050693181532958424,0.10494871136527373,dark
electronic,45,-0.10115029896173963,-0.09778643375664091,0.10115029896173963,dark
experimental,52,-0.02939659221823559,-0.06421494697779795,0.12548813791370705,dark
folk,57,0.10077660644384309,0.09823190372798576,0.15031157324074587,dark
funk,51,-0.12693775526862255,-0.13872328935405287,0.13447295097608555,dark
glam rock,39,-0.0933331618146834,-0.11814887884076102,0.12051309949813135,dark
gothic rock,34,0.21197136023261792,0.13519370211818005,0.259827488157221,dark
grunge,32,-0.08230384132184017,-0.10695260439282217,0.0963813126084034,dark
hard rock,51,0.02241289239832379,0.028374893080567253,0.08296372668489435,dark
hardcore,39,-0.06473750038934527,-0.03700696861211592,0.0936473987570398,dark
hardcore punk,32,-0.12308603249837118,-0.13614929164554046,0.13209250219432878,dark
indie rock,33,-0.091009566883839,-0.0642564879957369,0.09148356111076213,dark
industrial,35,0.16352233914932268,0.10221023783653609,0.1849881495833755,dark
jazz,61,-0.08363358200670251,-0.09855579616017895,0.12545947513443706,dark
latin,40,-0.055038021354887445,-0.06689477668972788,0.07906070132340562,dark
metal,48,0.15400203660544123,0.15535834418318145,0.17948518263938518,dark
mpb,53,0.01196395150470065,0.020600557147301083,0.07953086390161632,dark
new wave,43,-0.021580357487931266,-0.03967790504947572,0.09918920206595581,dark
pop,57,-0.08152361691935503,-0.08584529261888695,0.09894184494934682,dark
pop rock,32,-0.06891184446507659,-0.07495455504416534,0.08899818889825287,dark
post-hardcore,35,-0.08121124384973055,-0.11304673237606562,0.13661449008236207,dark
post-punk,43,-0.045781141915141786,-0.03950096784962398,0.048113114045465706,dark
power metal,34,0.5039433312548917,0.5316142504712151,0.5039433312548917,dark
progressive metal,32,0.36022017741373574,0.23943392812993802,0.36022017741373574,dark
progressive rock,53,0.057169541097855305,0.0642282352893708,0.09804409816203627,dark
psychedelic rock,48,0.08634687436810184,0.029756967752646246,0.15828388117463948,dark
punk,47,-0.09042505638725416,-0.09604367151280185,0.10067132799217555,dark
rap,32,-0.11336298664907961,-0.11707108860662033,0.1133629866490796,dark
reggae,42,-0.08777672806640033,-0.08985191789187578,0.09204784520247215,dark
rock,61,-0.06558121180961475,-0.06796899086017646,0.07083847873692976,dark
samba,42,-0.08519550711676549,-0.1340740590874479,0.13077522830275895,dark
shoegaze,35,-0.04575083396842083,-0.05125954999406029,0.09407280110867267,dark
singer-songwriter,56,0.13845661110713717,0.08858921304601444,0.17300274530271995,dark
soft rock,49,-0.0102898197694875,-0.03576538636506453,0.11440361671923108,dark
soul,61,-0.041870250584475834,-0.0883281736798761,0.12143885849313087,dark
soundtrack,44,-0.1009354117462304,-0.08811351123208874,0.10093541174623039,dark
synthpop,41,0.003732816245672831,0.013493676620906656,0.07512691006868207,dark
thrash metal,37,0.1235775816953181,0.12173816978092376,0.18715608833975123,dark
