feature,genre,n_valid_windows,first_window,last_window,first_value,last_value,last_minus_first,linear_trend,mean_value,median_value
love,alternative rock,37,1979,2015,0.03161387970517859,0.034187193899407255,0.002573314194228668,0.0002656621629756534,0.032648720112856064,0.03265757831117048
love,ambient,43,1971,2015,0.0015671994082131,0.01758134704759094,0.01601414763937784,0.00012103849324349633,0.011783504586204982,0.010976228006819699
love,black metal,36,1980,2015,0.010237027083571784,0.01132496884202597,0.0010879417584541851,0.00012405381415025974,0.00874114541449037,0.009176396509424905
love,blues,61,1955,2015,0.07925805422442447,0.0746655896636821,-0.004592464560742374,-0.00020469939381491457,0.05965876543572637,0.057296789367123034
love,bossa nova,54,1960,2015,0.02399029892228234,0.08048701316111548,0.05649671423883314,0.0009083704837794384,0.0840988245622705,0.08299373104679106
love,brazilian rock,34,1982,2015,0.022843271384372078,0.04824160866376844,0.025398337279396364,0.000574301474242804,0.04610178465055409,0.0459723357066819
love,classic rock,61,1955,2015,0.05833187641378789,0.06450616279867506,0.006174286384887172,0.00023724100066591902,0.06779557086790476,0.06643670378792355
love,country,53,1955,2015,0.062182068139696,0.053389545183523165,-0.008792522956172832,-0.00026028925508052845,0.06818769173711835,0.06351756796933934
love,death metal,33,1983,2015,0.01712091193310199,0.0067168297779634616,-0.010404082155138529,-2.888004856340037e-05,0.007017150871595893,0.0066739096535551184
love,disco,46,1970,2015,0.06481050972820188,0.09852468594591886,0.03371417621771698,-0.0007389174892273536,0.09533535040125994,0.09775863944135864
love,doom metal,33,1983,2015,0.005201857652205457,0.015964225329808186,0.01076236767760273,5.042617550173271e-05,0.017620364607169328,0.017860062390663893
love,dream pop,34,1982,2015,0.0443616446258319,0.0440823465466766,-0.00027929807915529764,-0.0012254912443289657,0.04838310312291661,0.04153294816855171
love,easy listening,47,1959,2015,0.06750735938041122,0.10570043560443204,0.03819307622402082,-0.00044492016540694385,0.11558355767122526,0.10570043560443204
love,electronic,45,1971,2015,0.0,0.04796262955080204,0.04796262955080204,0.000821365535843412,0.03353215394843357,0.03848513816321823
love,experimental,52,1964,2015,0.025891542742354706,0.042707424997534695,0.01681588225517999,-0.00010481700859464874,0.03059235742397158,0.02952473359914902
love,folk,57,1959,2015,0.03519776897985205,0.0548381225134571,0.01964035353360505,1.2444051933714615e-05,0.05185135322964748,0.04719256131574919
love,funk,51,1965,2015,0.046613652543029,0.03360950241168823,-0.01300415013134077,-0.0005259052821644694,0.06609398163107152,0.05984787302520516
love,glam rock,39,1967,2015,0.07377015036078599,0.08978582801432503,0.016015677653539034,-0.0004452307757530753,0.061556326876340745,0.058353893697626565
love,gothic rock,34,1977,2015,0.023772879389858708,0.04205128018490528,0.018278400795046574,0.0012861288276130474,0.042545199367242416,0.04027835477626438
love,grunge,32,1984,2015,0.010088997058274055,0.03749230212784036,0.027403305069566307,0.0002999580574890849,0.033338968623249435,0.032734979651734206
love,hard rock,51,1965,2015,0.07080184000100714,0.04229983701260497,-0.02850200298840217,-0.0005829481943662936,0.04750926273718218,0.048426248999234915
love,hardcore,39,1977,2015,0.0,0.019803166572564188,0.019803166572564188,0.00034181648878410336,0.016105212846755996,0.01728549826124086
love,hardcore punk,32,1976,2015,0.0034500463366918,0.019336138074016435,0.015886091737324633,8.809489856804952e-06,0.01829014471791107,0.017735122976988794
love,indie rock,33,1983,2015,0.02997038803058787,0.03882087419636569,0.008850486165777823,0.00038139680753510605,0.03239796186732779,0.03601515414555285
love,industrial,35,1981,2015,0.03020940422421676,0.020303772156094663,-0.009905632068122096,0.0001720837524760791,0.02135876895171785,0.021164174073593674
love,jazz,61,1955,2015,0.061454909557174815,0.048801181503268135,-0.01265372805390668,2.9552370070851433e-05,0.061125046771835896,0.058206026219316837
love,latin,40,1965,2015,0.03323951207049666,0.08269511969202947,0.04945560762153281,0.0011313628507189076,0.09820999167797279,0.1047258084462942
love,metal,48,1968,2015,0.03430222954184756,0.018724750485788245,-0.015577479056059319,-0.0005511138390582083,0.021173068875124063,0.01801456335533115
love,mpb,53,1963,2015,0.07534067947556566,0.07579231260212115,0.00045163312655548127,0.00018169505241351,0.07465126700178035,0.0741094745184541
love,new wave,43,1973,2015,0.03300179303986309,0.0528558771860063,0.019854084146143217,0.00025745455432228757,0.055077512035882854,0.0528558771860063
love,pop,57,1959,2015,0.11159647371182872,0.06840512424547393,-0.04319134946635479,-0.00023344086505136722,0.08769251881716367,0.08533735592774741
love,pop rock,32,1982,2015,0.05419085415301937,0.05383007753421142,-0.0003607766188079495,-0.001138645824233686,0.06538073488193105,0.056006523549845796
love,post-hardcore,35,1981,2015,0.02312290222597027,0.02311408253156096,-8.81969440931149e-06,0.0007560121449064946,0.018177331506885705,0.02311408253156096
love,post-punk,43,1973,2015,0.03656842380223151,0.03126959225174502,-0.005298831550486494,7.70081740739792e-05,0.03438988814476974,0.034217838194077
love,power metal,34,1981,2015,0.002242106593955596,0.02100728047693255,0.01876517388297695,0.0005058828445534835,0.015974868471743026,0.014888017518551573
love,progressive metal,32,1984,2015,0.03019084717188545,0.01370139688381456,-0.01648945028807089,-0.00011709629936453379,0.01582942405068069,0.015324083824219889
love,progressive rock,53,1963,2015,0.0890998415644,0.026307214579912197,-0.0627926269844878,-0.00048106548376292715,0.03389028372420819,0.02951735279737864
love,psychedelic rock,48,1963,2015,0.04713946055877992,0.03529234040321709,-0.01184712015556283,-0.00025289276871616744,0.02602206704479625,0.02324819670955333
love,punk,47,1969,2015,0.022611209545709592,0.024651350623710527,0.0020401410780009344,-0.00020672573023149666,0.023718275374358437,0.024182796497506133
love,rap,32,1984,2015,0.004439409199608148,0.029606647185273977,0.02516723798566583,0.000466816467687164,0.026998307569937943,0.02949138380225634
love,reggae,42,1969,2015,0.0174419987079933,0.08073415447536167,0.06329215576736837,0.0006927099170792794,0.06260590543414958,0.06289445314626745
love,rock,61,1955,2015,0.12440647593693481,0.03928410875659038,-0.08512236718034444,-0.0014296009411089241,0.060894631371170335,0.04575678449006769
love,samba,42,1963,2015,0.08039308052876509,0.08001033745142572,-0.00038274307733937585,0.0006253678985834004,0.07235750040808302,0.07539038336308228
love,shoegaze,35,1981,2015,0.023974163670264916,0.029336694086544417,0.005362530416279501,-6.743311980708568e-05,0.028534345199872163,0.02787297498600492
love,singer-songwriter,56,1960,2015,0.027748076187555752,0.051073685661740274,0.023325609474184522,-2.9387997910020756e-05,0.05117007563726521,0.04719959693530097
love,soft rock,49,1967,2015,0.08426084170528463,0.0613021546492176,-0.022958687056067024,-0.0005159814955176949,0.08001507506514609,0.07249269361572618
love,soul,61,1955,2015,0.12180765154683053,0.08028234285703262,-0.04152530868979791,-0.0005030998527660013,0.11944083669920783,0.11316312056679184
love,soundtrack,44,1965,2015,0.05599357773678801,0.01957488259862104,-0.036418695138166965,-0.00018992635609060376,0.03352272020212991,0.032290705149307146
love,synthpop,41,1975,2015,0.00879573881024855,0.042318914154497136,0.03352317534424859,0.0002018496277546786,0.04720234895455392,0.044389754853946646
love,thrash metal,37,1979,2015,0.00584978041170875,0.0033797032895274476,-0.0024700771221813026,-0.000112713157603851,0.008105664917496841,0.00778511040831431
babi,alternative rock,37,1979,2015,0.0007026646732968434,0.011433268891600032,0.010730604218303188,0.00019026184333997836,0.011405317983299783,0.011818616250694051
babi,ambient,43,1971,2015,0.0,0.005277415174497083,0.005277415174497083,6.996341023419408e-05,0.004908926606715431,0.0028184392742397644
babi,black metal,36,1980,2015,0.009426822306479366,0.0005316082447792148,-0.00889521406170015,-0.0001449414836658011,0.0011303045058899792,0.0
babi,blues,61,1955,2015,0.07738435260356186,0.05397677507251045,-0.02340757753105141,-0.0005226428021190906,0.06862982706172956,0.06173210168271691
babi,bossa nova,54,1960,2015,0.006587133710431315,0.006450764896196823,-0.0001363688142344919,6.018223775177072e-05,0.004659781184892515,0.002865325301937026
babi,brazilian rock,34,1982,2015,0.03475398507669271,0.0022853613305519205,-0.03246862374614079,-0.0002617193574245405,0.007634962977882222,0.005444152022056646
babi,classic rock,61,1955,2015,0.07783319399642621,0.04820879922322144,-0.029624394773204776,-0.0002684250386217939,0.03635091703800657,0.03368096856095039
babi,country,53,1955,2015,0.014172041846703717,0.04292266291037456,0.028750621063670843,0.0004996200490544099,0.027781926714581205,0.029097540226765
babi,death metal,33,1983,2015,0.0,0.0014944322428833451,0.0014944322428833451,3.418796122273838e-05,0.0004854810117748313,0.0
babi,disco,46,1970,2015,0.026024297827982934,0.03808495214116651,0.012060654313183573,-0.00020543739573353784,0.04950379460946399,0.05194458530653771
babi,doom metal,33,1983,2015,0.0,0.00272406616508705,0.00272406616508705,8.720941561713179e-05,0.0015414108550755297,0.0010245722292197034
babi,dream pop,34,1982,2015,0.0020444557779974956,0.01823701205365865,0.016192556275661154,-0.0001331864014653714,0.01447298667144605,0.013157941513282053
babi,easy listening,47,1959,2015,0.018665593101765167,0.03413750341081718,0.015471910309052012,0.0002978176369165989,0.025627805656232825,0.02513729651526742
babi,electronic,45,1971,2015,0.019780413927076034,0.018196060499230834,-0.0015843534278452004,9.244732343864286e-05,0.017569389572040125,0.018137413485628532
babi,experimental,52,1964,2015,0.014771564489878942,0.013301178120144088,-0.0014703863697348545,-0.0002470404550278173,0.01143614924092166,0.006316568821022306
babi,folk,57,1959,2015,0.02861529130533762,0.012475012462837906,-0.016140278842499717,-0.00016203482813917453,0.012387954314632502,0.011452044669617625
babi,funk,51,1965,2015,0.07405217336061787,0.0343759875488361,-0.03967618581178177,-0.0005986968538348062,0.05485027843902885,0.05054286652596124
babi,glam rock,39,1967,2015,0.011382338320137665,0.021688591990942495,0.01030625367080483,-0.00014878426812116143,0.02301096569303825,0.021688591990942495
babi,gothic rock,34,1977,2015,0.0,0.0034080912963471775,0.0034080912963471775,0.0006204178414399962,0.01011499027300003,0.007371287593668195
babi,grunge,32,1984,2015,0.0,0.01313238690346615,0.01313238690346615,-3.2435493781622236e-05,0.00786529719734529,0.008304205369296647
babi,hard rock,51,1965,2015,0.08352275982967854,0.02240488086682526,-0.06111787896285328,-0.0009712804118923321,0.028407400581469778,0.024679516265083995
babi,hardcore,39,1977,2015,0.0,0.004952716854152733,0.004952716854152733,-0.00026654684649279095,0.007652895067013592,0.003528786696556551
babi,hardcore punk,32,1976,2015,0.0,0.001893424022639026,0.001893424022639026,-0.00010958720207775314,0.0031780675605499256,0.002544905888520278
babi,indie rock,33,1983,2015,0.0028502165038866802,0.01502903403877407,0.01217881753488739,0.0002339547948925998,0.010682676446211821,0.011878884634010425
babi,industrial,35,1981,2015,0.011876108260279777,0.003239104780424246,-0.008637003479855531,-0.00013492832798253095,0.00832164844493428,0.007639118892015118
babi,jazz,61,1955,2015,0.014948201066613471,0.012383756827025548,-0.002564444239587923,0.00018254291536676551,0.015726829894663907,0.014229653650070121
babi,latin,40,1965,2015,0.08270045946230253,0.02281709544427318,-0.05988336401802935,-0.0008772256385990798,0.02067226249340411,0.015548867504723604
babi,metal,48,1968,2015,0.01934899637926907,0.003376003727014334,-0.015972992652254738,-0.000143992407714904,0.005775476367232785,0.004478135101993817
babi,mpb,53,1963,2015,0.0,0.00528583722911657,0.00528583722911657,-0.00034711493369895727,0.011163422355695904,0.008958283949549036
babi,new wave,43,1973,2015,0.04485801695014775,0.020538109573865232,-0.02431990737628252,-0.00016452749162760175,0.015309754977022255,0.01601959645735873
babi,pop,57,1959,2015,0.06305758998257484,0.0311024508816097,-0.03195513910096514,0.000234701416485082,0.03885117286388789,0.0389197482812333
babi,pop rock,32,1982,2015,0.027873631969434175,0.012922308363050373,-0.014951323606383802,-0.0010998798116055083,0.030775099685162087,0.02574776064562022
babi,post-hardcore,35,1981,2015,0.0,0.007033662413754718,0.007033662413754718,0.0002871535917090001,0.0038682934061219755,0.003952790972729805
babi,post-punk,43,1973,2015,0.03314893715460875,0.004781989172012203,-0.02836694798259655,-0.00019654890764965075,0.010995137603482197,0.005775908529214902
babi,power metal,34,1981,2015,0.007452389250833104,0.0021319711251552593,-0.005320418125677844,-0.00014047088661928544,0.0022774144253916288,0.0013676634116634083
babi,progressive metal,32,1984,2015,0.003889535526275762,0.0010959444135551033,-0.002793591112720659,-9.013236480898515e-05,0.0018836420331903468,0.0015979496750321153
babi,progressive rock,53,1963,2015,0.056430305394441715,0.0028372364979174112,-0.05359306889652431,-0.0003204993235606879,0.007618372620125289,0.005580162275525458
babi,psychedelic rock,48,1963,2015,0.01493765362566055,0.014391540772538874,-0.0005461128531216754,-1.0591885677143707e-05,0.00972760072487934,0.011666052576722239
babi,punk,47,1969,2015,0.0886392946559169,0.009493973475259198,-0.0791453211806577,-0.0011597328762121277,0.02213499679442571,0.013250654532514367
babi,rap,32,1984,2015,0.037844886344185806,0.022696240645071773,-0.015148645699114033,-0.00046509420573598314,0.026205744385143896,0.02601443886674204
babi,reggae,42,1969,2015,0.04311430680141045,0.02037445293520097,-0.02273985386620948,0.00014356022125899505,0.021298797222302747,0.019321804492055606
babi,rock,61,1955,2015,0.09994139277765529,0.013187106079762864,-0.08675428669789242,-0.0008071973507620181,0.026239466783469872,0.018158149302156753
babi,samba,42,1963,2015,0.0,0.005122234752241418,0.005122234752241418,-8.658060851462273e-05,0.003371560290052807,0.0006317846943654801
babi,shoegaze,35,1981,2015,0.0,0.008244540289296465,0.008244540289296465,-4.798094774563592e-05,0.0057630508574819765,0.005346123322680968
babi,singer-songwriter,56,1960,2015,0.04121874101825214,0.014933960458006752,-0.026284780560245385,-0.00033336081429207755,0.019780129216893923,0.01627021953440331
babi,soft rock,49,1967,2015,0.012029572958263577,0.058104756495767816,0.04607518353750424,0.0002459029493171109,0.0329093101711824,0.03066790351809305
babi,soul,61,1955,2015,0.06605901572347442,0.048689438624189396,-0.017369577099285022,-0.0008335385770756596,0.08418842806958217,0.07732722291272097
babi,soundtrack,44,1965,2015,0.039211182870419456,0.006742004876755343,-0.03246917799366411,-0.0002025845236581417,0.01257141080728561,0.010744429988466959
babi,synthpop,41,1975,2015,0.0,0.02725369326004142,0.02725369326004142,0.00044817355600610325,0.011514586362745065,0.012751869020527296
babi,thrash metal,37,1979,2015,0.0,0.0006022684427273817,0.0006022684427273817,3.18090283636565e-06,0.0015312133930222925,0.0016242635770343315
want,alternative rock,37,1979,2015,0.0050998710186710965,0.04268259052214547,0.037582719503474374,0.0010950889207189771,0.033019158000093085,0.03920408653007549
want,ambient,43,1971,2015,0.0,0.014650967299129241,0.014650967299129241,0.000232638567722035,0.006413620300622769,0.006551116310611359
want,black metal,36,1980,2015,0.01101670707294499,0.005566045013334858,-0.005450662059610131,5.1034253355139554e-05,0.004128483041447782,0.003943976931506383
want,blues,61,1955,2015,0.03169955508775862,0.04380649848109947,0.012106943393340855,-4.6683887854381485e-06,0.03037236801641997,0.03024742404059948
want,bossa nova,54,1960,2015,0.04614958373006493,0.03797262009683734,-0.00817696363322759,-0.0002792400495443087,0.045965761561509624,0.04244542542306498
want,brazilian rock,34,1982,2015,0.058423670906093725,0.05617945335139918,-0.002244217554694547,0.0003745596964766123,0.060182644794292244,0.06026514680068666
want,classic rock,61,1955,2015,0.03769561504788121,0.02900211975421322,-0.008693495293667988,0.00024088312496993385,0.03758555931130766,0.036152922120614966
want,country,53,1955,2015,0.0037069024242967264,0.04262243183986572,0.03891552941556899,0.0006226373336752056,0.029563153891572803,0.033373732088705234
want,death metal,33,1983,2015,0.0184458637576946,0.010317610895251333,-0.008128252862443269,-2.2976040981072792e-05,0.007831977275162232,0.007248436445866427
want,disco,46,1970,2015,0.04605053459819316,0.04681750577533355,0.0007669711771403909,0.00011572453205531213,0.042511982107450066,0.043604626136365704
want,doom metal,33,1983,2015,0.010359270111965625,0.01614598433388577,0.005786714221920144,0.00024044451365825366,0.009807823369011717,0.010359270111965625
want,dream pop,34,1982,2015,0.012357035174812039,0.060977265122098986,0.048620229947286944,0.001243304618145279,0.028655304371413365,0.026807976187662563
want,easy listening,47,1959,2015,0.007522542678022743,0.024881632508891378,0.017359089830868635,0.00025077981249912936,0.02353862530744525,0.020848869542495783
want,electronic,45,1971,2015,0.0,0.039201075624045456,0.039201075624045456,0.0007992545673719417,0.025784662382800846,0.030879608028012075
want,experimental,52,1964,2015,0.011815180423924295,0.031746332540611134,0.01993115211668684,0.00021505135665003013,0.01861828811044189,0.019590013385952555
want,folk,57,1959,2015,0.019037459655934542,0.04347714991145017,0.02443969025551563,0.00031520891916490563,0.024825107625714857,0.025134493789761615
want,funk,51,1965,2015,0.045639355310010135,0.05907802903583778,0.013438673725827646,-0.00017723516961854133,0.05013354853406208,0.04856353075703908
want,glam rock,39,1967,2015,0.017645500221991642,0.04660830362138207,0.028962803399390426,0.0004900152094682354,0.029147978421099615,0.02526991444218766
want,gothic rock,34,1977,2015,0.00993684792454783,0.029415829684741386,0.019478981760193557,0.0006819767575070529,0.02388700906738292,0.025119942165388508
want,grunge,32,1984,2015,0.01119063203496969,0.05843559665750344,0.04724496462253375,0.0004232645539589083,0.035707591244209344,0.03425362532188278
want,hard rock,51,1965,2015,0.020157482212522213,0.0352390329670271,0.015081550754504888,0.00038371130271149835,0.032476466186363975,0.03423458523144523
want,hardcore,39,1977,2015,0.07022166583684833,0.03015898579427673,-0.0400626800425716,-0.0003814436552365436,0.03309807194939488,0.03015898579427673
want,hardcore punk,32,1976,2015,0.05233111599138468,0.03615303635773892,-0.01617807963364576,-0.0008201329182760158,0.03636469282834999,0.034415511557744555
want,indie rock,33,1983,2015,0.020047028339771268,0.049383391519535726,0.029336363179764458,0.00042288446333755045,0.039222256468109624,0.03807707528984674
want,industrial,35,1981,2015,0.02667689145299111,0.02673852872770278,6.163727471166988e-05,-0.00011071308334090595,0.03560511024532653,0.0317289468219453
want,jazz,61,1955,2015,0.0085289738376983,0.038495020323080734,0.029966046485382432,0.0005285560303003431,0.01652642362449464,0.016491068954998793
want,latin,40,1965,2015,0.07064146236796184,0.06940670852508694,-0.0012347538428749,0.0005348337393189009,0.05350769192434156,0.05666851696184154
want,metal,48,1968,2015,0.033455435353763954,0.01958748657817031,-0.013867948775593643,-4.5472921910702375e-05,0.024095095914427742,0.0218397882653472
want,mpb,53,1963,2015,0.04021993434939165,0.06442293147068276,0.024202997121291106,0.00039843749859037094,0.06330367606821163,0.05541084261073058
want,new wave,43,1973,2015,0.04842056439548549,0.04034321470996583,-0.00807734968551966,-9.942610419899682e-05,0.0368294719803696,0.03775255340617562
want,pop,57,1959,2015,0.05059477124628656,0.05994630460879527,0.009351533362508713,0.0004325777136667099,0.047842475965361196,0.049925265426207496
want,pop rock,32,1982,2015,0.037840531843899766,0.0608092475038575,0.022968715659957735,0.0009157955412460966,0.05182324679011068,0.05443362502634355
want,post-hardcore,35,1981,2015,0.05065798878126895,0.03963462639215615,-0.011023362389112806,-0.00026812693737250404,0.029455207235148415,0.028636175498968873
want,post-punk,43,1973,2015,0.03946872108915012,0.033593393026479984,-0.005875328062670139,0.00011179191457674771,0.029507141715141353,0.028106577099619195
want,power metal,34,1981,2015,0.010857066814620323,0.013800186383640785,0.002943119569020462,5.929792740584282e-05,0.010072385676927463,0.010465353536239137
want,progressive metal,32,1984,2015,0.009825977600751348,0.01451447688677331,0.004688499286021962,-1.0107549862040174e-05,0.016049232925938496,0.01612731304301139
want,progressive rock,53,1963,2015,0.01760750232787824,0.0254578842437504,0.00785038191587216,2.1300646570075813e-05,0.023071221630068424,0.021939236988306816
want,psychedelic rock,48,1963,2015,0.018023444633401255,0.03642496586024607,0.018401521226844818,0.0002367210518821855,0.02288905366607989,0.02073532654572726
want,punk,47,1969,2015,0.03870127834163301,0.04840752825510711,0.009706249913474095,0.00037596592958423665,0.043326677679135485,0.045244685907111434
want,rap,32,1984,2015,0.04282435048278018,0.054108280351405955,0.011283929868625774,0.0006350753177626823,0.04677356529569604,0.0492839783526401
want,reggae,42,1969,2015,0.006225728970827004,0.04527328249015878,0.03904755351933178,0.00040055826569561066,0.04281553727856494,0.044442786764248385
want,rock,61,1955,2015,0.04690238995144989,0.04832608936591657,0.0014236994144666837,0.00010835038321854378,0.03792830177078836,0.037556281302175684
want,samba,42,1963,2015,0.04572176669940544,0.05494566838396497,0.009223901684559527,8.23930080716643e-05,0.05295357698254871,0.05404139882120461
want,shoegaze,35,1981,2015,0.020997842589792443,0.0408606159450763,0.019862773355283855,0.00029026391318403205,0.039117434386231685,0.040125862829773755
want,singer-songwriter,56,1960,2015,0.03148484643418694,0.03938759972371278,0.00790275328952584,0.00014573184045687564,0.029504651503923823,0.029784868801503078
want,soft rock,49,1967,2015,0.030801133464245862,0.04510389105249856,0.0143027575882527,0.00040024137610212657,0.043796229163045916,0.0440641432439744
want,soul,61,1955,2015,0.012204146215166025,0.05602536548659462,0.043821219271428596,0.0005088803283948267,0.04491257963272856,0.04824932101257799
want,soundtrack,44,1965,2015,0.0035664773758693766,0.018256974634038026,0.01469049725816865,-0.00016637146780169095,0.02168102204268181,0.01888934785082319
want,synthpop,41,1975,2015,0.06223549491786322,0.054212750420263925,-0.008022744497599293,-0.00022125716425868558,0.0388567077412469,0.03829719280884091
want,thrash metal,37,1979,2015,0.00721023165804668,0.013759898706311408,0.0065496670482647285,0.00012545254091868418,0.014339624241562062,0.01347999410119282
blue,alternative rock,37,1979,2015,0.003557938990818597,0.006728996000327,0.003171057009508403,-0.00010729432620594327,0.006995191030423569,0.005902831690122509
blue,ambient,43,1971,2015,0.020998908730955924,0.002521116030560609,-0.018477792700395314,-0.00042554098694561564,0.006548372834922061,0.0031739904375820685
blue,black metal,36,1980,2015,0.0,0.0027584806251840046,0.0027584806251840046,-0.0001968748669049876,0.004876625918667813,0.0032760359970095253
blue,blues,61,1955,2015,0.0468570033278135,0.014577774266670855,-0.032279229061142646,-0.00024833728627954223,0.025253309580547223,0.02420738716383841
blue,bossa nova,54,1960,2015,0.0,0.017849175066940576,0.017849175066940576,6.319543277066247e-05,0.011827106058042498,0.008756135063442104
blue,brazilian rock,34,1982,2015,0.0066413553375288745,0.006812486669930822,0.0001711313324019477,-5.578537654533507e-05,0.005159678736010829,0.004585391282039375
blue,classic rock,61,1955,2015,0.043365003559046794,0.02277897880873246,-0.020586024750314333,-0.0003149681721128738,0.017516682473075935,0.01561484841290567
blue,country,53,1955,2015,0.03337127008874337,0.010763973706701412,-0.022607296382041956,-0.0001601399608683793,0.01530743906561456,0.01525661013654075
blue,death metal,33,1983,2015,0.0,0.00041131621779440426,0.00041131621779440426,0.00010747058822411633,0.0014350507073088079,0.0015344068648500287
blue,disco,46,1970,2015,0.0016633251498098301,0.004705569214239252,0.003042244064429422,-5.426046521649407e-05,0.005715259956818622,0.005440620806512279
blue,doom metal,33,1983,2015,0.0,0.005772405958006596,0.005772405958006596,0.0001709683364273668,0.0047061927665877175,0.004654657206820457
blue,dream pop,34,1982,2015,0.007958641943792722,0.011083633235145138,0.0031249912913524167,0.00010686871235218319,0.012114727036807174,0.011421572580487458
blue,easy listening,47,1959,2015,0.0,0.0,0.0,-3.431368782563528e-05,0.012737699001733717,0.012890839733868918
blue,electronic,45,1971,2015,0.007364501161404785,0.005093488570519195,-0.0022710125908855907,-2.4742295669698317e-05,0.005302162396779385,0.004942705929570893
blue,experimental,52,1964,2015,0.010225760289591984,0.006592829906087049,-0.0036329303835049356,-0.00019721440963440279,0.0066475228888686995,0.004986461849468663
blue,folk,57,1959,2015,0.02777292621921485,0.00735581194709245,-0.0204171142721224,-0.00032763024378543463,0.012629037548140399,0.008610680509087396
blue,funk,51,1965,2015,0.005379598860469525,0.004163521137255886,-0.0012160777232136386,-7.100215074508115e-05,0.005188814043116886,0.004612920271715974
blue,glam rock,39,1967,2015,0.025057577922209133,0.003102607532253852,-0.02195497038995528,-5.9480049167522484e-05,0.011927471081256878,0.013858288519370286
blue,gothic rock,34,1977,2015,0.0023995613826472096,0.003869371857559034,0.0014698104749118245,0.00011103220429077195,0.004499088610714895,0.0038573022784782
blue,grunge,32,1984,2015,0.0,0.0038957028117332588,0.0038957028117332588,6.581864331160533e-05,0.004494669316969966,0.004263887194283361
blue,hard rock,51,1965,2015,0.009270244886091926,0.00264627826086771,-0.006623966625224216,-0.00010201569655771365,0.006220563304796333,0.006712358967598599
blue,hardcore,39,1977,2015,0.0,0.003069927625980961,0.003069927625980961,8.916099131345367e-05,0.0020073804798296188,0.002405351517785542
blue,hardcore punk,32,1976,2015,0.0,0.008564328809324518,0.008564328809324518,0.0001333541159437145,0.003702812633532243,0.002738472196866169
blue,indie rock,33,1983,2015,0.0,0.007831554581195888,0.007831554581195888,0.00012286981197183748,0.004425587230502819,0.004797377606628122
blue,industrial,35,1981,2015,0.0061940100085258526,0.0027878776417214774,-0.003406132366804375,-3.1956917600963214e-05,0.001879183866192707,0.0017947443400708044
blue,jazz,61,1955,2015,0.028364300592361367,0.011394665159816101,-0.016969635432545267,-4.435104999265581e-05,0.011304665837777412,0.011663277943215753
blue,latin,40,1965,2015,0.0,0.0015151926971728976,0.0015151926971728976,8.714967078159025e-05,0.002467823048873175,0.0015388153205900868
blue,metal,48,1968,2015,0.0,0.005061915748242815,0.005061915748242815,-5.066420325646071e-05,0.002940771104055154,0.0021015073918099394
blue,mpb,53,1963,2015,0.03145079582581357,0.00637879856738258,-0.025071997258430987,-5.9104069467945104e-05,0.011639111299853672,0.010240979216206526
blue,new wave,43,1973,2015,0.02765036113928105,0.006732859033295424,-0.020917502105985628,-0.000238624013264874,0.007523079753449074,0.007884323578986814
blue,pop,57,1959,2015,0.04143499075556186,0.00615733966889085,-0.03527765108667101,-0.00035201787413744785,0.01148117504371224,0.007632469028314278
blue,pop rock,32,1982,2015,0.0,0.004389709750219738,0.004389709750219738,-3.0038021937816397e-05,0.0038319903527508125,0.0032488702772741555
blue,post-hardcore,35,1981,2015,0.0024005901466829047,0.005202214096641104,0.0028016239499581994,0.00010399487825521707,0.0038274047201744504,0.0033357249559694997
blue,post-punk,43,1973,2015,0.007136632173119144,0.004906263547461275,-0.002230368625657869,-0.00013590049694416068,0.006648720266932467,0.006573856623548036
blue,power metal,34,1981,2015,0.003019248378790125,0.0030787567726381273,5.950839384800217e-05,-2.372667898815995e-05,0.004869216831721161,0.0035053803072145682
blue,progressive metal,32,1984,2015,0.0,0.0028683389557966196,0.0028683389557966196,-0.00017874732040011715,0.00428405363419282,0.002854637009977359
blue,progressive rock,53,1963,2015,0.007859097530682728,0.007322174965117282,-0.0005369225655654456,-3.563046545115825e-05,0.005764446955479193,0.005693037480673251
blue,psychedelic rock,48,1963,2015,0.023562173969297398,0.0071938071666439625,-0.016368366802653436,-0.00020212304245857722,0.009497811740749672,0.009591455368536516
blue,punk,47,1969,2015,0.0,0.005485749273979345,0.005485749273979345,5.92315936737292e-06,0.005763314850784646,0.0054228752620238095
blue,rap,32,1984,2015,0.0011843918237703869,0.004570572217622737,0.00338618039385235,8.227896674830631e-05,0.0034370820417680232,0.003715451772758967
blue,reggae,42,1969,2015,0.014245298014947356,0.0036216437441503307,-0.010623654270797025,-0.00013727639022353562,0.007313813996978537,0.00521842612783622
blue,rock,61,1955,2015,0.05525508798899452,0.006983345735789952,-0.04827174225320457,-0.0003384695218868413,0.010724935899790263,0.0075807936410267505
blue,samba,42,1963,2015,0.014178205420497511,0.0,-0.014178205420497511,-0.00010373849981427883,0.005997864387494505,0.00421311605365322
blue,shoegaze,35,1981,2015,0.0036814553673982444,0.007539555658458417,0.0038581002910601726,-0.00020821487576351024,0.0076856128201080835,0.006058088565355363
blue,singer-songwriter,56,1960,2015,0.00220006752223223,0.009408414213240176,0.007208346691007946,-0.0003055799598549252,0.013745893410796715,0.009556252795266104
blue,soft rock,49,1967,2015,0.009627146952714872,0.009140835134794672,-0.0004863118179202,7.136142376325937e-05,0.008015468199848606,0.007257646300155833
blue,soul,61,1955,2015,0.03186214841666306,0.006773219902510773,-0.025088928514152287,-0.0001433690408385255,0.006555551788231779,0.005498149644255613
blue,soundtrack,44,1965,2015,0.032797531561635763,0.0028526970525607352,-0.02994483450907503,-0.0004975117363105119,0.007437765718675411,0.003284372984536686
blue,synthpop,41,1975,2015,0.01634454332316016,0.005854532164196234,-0.010490011158963928,-3.811197657099747e-05,0.006443363616758242,0.006704764126962114
blue,thrash metal,37,1979,2015,0.0,0.0,0.0,-5.918167893539328e-06,0.0011782792105324656,0.0008043213488806572
feel,alternative rock,37,1979,2015,0.011697883043001105,0.03611726282268975,0.02441937977968864,0.0008759503222754204,0.026390529476079096,0.030594319563373464
feel,ambient,43,1971,2015,0.0036467066496367146,0.013308212488443613,0.0096615058388069,0.00013188013538575338,0.007137023704011742,0.006196441105707602
feel,black metal,36,1980,2015,0.016053133049842575,0.012042171096548928,-0.0040109619532936475,-0.0001745276975562921,0.011280828059537049,0.010130039232673471
feel,blues,61,1955,2015,0.015480496402958078,0.025712193985584275,0.010231697582626197,7.828539880838427e-05,0.01743870262279372,0.01659569434280144
feel,bossa nova,54,1960,2015,0.0,0.012761430183253934,0.012761430183253934,0.00024542126748557574,0.010757675820753806,0.011579217534364515
feel,brazilian rock,34,1982,2015,0.01028988320661533,0.02542554689602851,0.015135663689413178,0.00021041118636866258,0.015182596565519891,0.013494476233187312
feel,classic rock,61,1955,2015,0.006514210308474654,0.022961000987718222,0.016446790679243567,0.0002887702993609053,0.02357378526954469,0.022961000987718222
feel,country,53,1955,2015,0.011155075048434044,0.028214783961246794,0.01705970891281275,0.00020254715448145098,0.01818338701962338,0.01751015852306486
feel,death metal,33,1983,2015,0.008992848365191574,0.014046946311501829,0.0050540979463102546,-0.00011548697920836695,0.016790792638477766,0.01714644627935721
feel,disco,46,1970,2015,0.0181095030075135,0.04513547160947078,0.027025968601957284,0.00034049187996970545,0.03664662849143996,0.03532965029837827
feel,doom metal,33,1983,2015,0.014840817261649378,0.02257033984032419,0.007729522578674812,-4.964881961457416e-05,0.022068731766195396,0.020605347998287084
feel,dream pop,34,1982,2015,0.015731837971197708,0.043620138681266366,0.027888300710068658,0.0006038175842504336,0.02955162507139326,0.030548309926866773
feel,easy listening,47,1959,2015,0.0057719580733299,0.04080328252543726,0.03503132445210736,0.0003801620395767768,0.02371537872927549,0.024372330944425896
feel,electronic,45,1971,2015,0.00909757302282649,0.03169234345664378,0.022594770433817295,0.0007526044491952097,0.020479841656519296,0.025881861585576555
feel,experimental,52,1964,2015,0.002649930844269892,0.033675206906227065,0.031025276061957173,0.0004548394531948162,0.01662022033124365,0.015641337099722694
feel,folk,57,1959,2015,0.007123438532099025,0.028460707242210243,0.02133726871011122,0.0002448537113033188,0.01760693501957842,0.018301387762943495
feel,funk,51,1965,2015,0.02250556310862743,0.01980587189508398,-0.002699691213543451,-6.435586684969176e-05,0.025206437409105265,0.0240854118724947
feel,glam rock,39,1967,2015,0.008383802931873269,0.013030894304333863,0.004647091372460594,0.0005389315667204323,0.021999494871853563,0.017384079658438304
feel,gothic rock,34,1977,2015,0.03007080644849786,0.041288531462120165,0.011217725013622306,0.0003161914363221087,0.030286345550966112,0.03086299687050521
feel,grunge,32,1984,2015,0.03422111849159627,0.0477739318194426,0.01355281332784633,0.00075077287750995,0.03620133801280293,0.03765401541037919
feel,hard rock,51,1965,2015,0.017433020578095322,0.031118339146070737,0.013685318567975415,0.0003674735125250909,0.025971547422518945,0.024748829541074362
feel,hardcore,39,1977,2015,0.057095763354450824,0.03790308348380976,-0.019192679870641063,0.0001765874804147783,0.02466780961262829,0.025262201913954403
feel,hardcore punk,32,1976,2015,0.00057389772540874,0.03134357246458376,0.03076967473917502,0.0002998453082607818,0.02123697683772796,0.023375306977198668
feel,indie rock,33,1983,2015,0.04609560505379172,0.03555240863890178,-0.01054319641488994,0.0002569598112221995,0.025613859170965224,0.02632660365039955
feel,industrial,35,1981,2015,0.017749476615848133,0.027869067806387555,0.010119591190539422,0.00020691475659852623,0.020811866194259104,0.02263326084382048
feel,jazz,61,1955,2015,0.012311135306742074,0.019212652833191474,0.006901517526449401,0.0002272376653284033,0.012046933085561613,0.012258080882973298
feel,latin,40,1965,2015,0.02065731985145102,0.03095135914069164,0.010294039289240619,0.0003711873412772252,0.026609008145270764,0.026678768709739474
feel,metal,48,1968,2015,0.03586457515116477,0.029803285987428294,-0.006061289163736477,4.4897273162863464e-05,0.03396492380247771,0.03234881903764425
feel,mpb,53,1963,2015,0.00546691060187548,0.015677759112955384,0.010210848511079904,7.950624310904888e-05,0.014074746059211501,0.01375987343314002
feel,new wave,43,1973,2015,0.02198703198468104,0.03159652886087102,0.00960949687618998,0.00025547017356785816,0.027913066168006248,0.023877224892029134
feel,pop,57,1959,2015,0.012056784579393536,0.034005075289258745,0.02194829070986521,0.00036472466500389275,0.030198134429123325,0.03242411409798388
feel,pop rock,32,1982,2015,0.028263741140294427,0.0371615835424103,0.008897842402115875,0.0006848047398181064,0.03191362553796703,0.03603135902008453
feel,post-hardcore,35,1981,2015,0.03172482670487194,0.04705000378908031,0.015325177084208365,0.0007214237624373023,0.026536781592626624,0.029406992394367622
feel,post-punk,43,1973,2015,0.023866817040472468,0.036898299256128836,0.013031482215656368,0.00018730480365994798,0.02417798917656393,0.024543496295207155
feel,power metal,34,1981,2015,0.021702983066740244,0.0231098719353228,0.001406888868582555,-2.822977312163753e-05,0.02294556182275204,0.02124334888768679
feel,progressive metal,32,1984,2015,0.02967793347191051,0.025520365608995958,-0.004157567862914553,-0.0004734515322589208,0.028545787914101076,0.02837106348215198
feel,progressive rock,53,1963,2015,0.004498370262969788,0.03267943699384776,0.028181066730877974,0.00020081953954163959,0.024568664273216263,0.025345101681953103
feel,psychedelic rock,48,1963,2015,0.026671169655520265,0.023664387437299726,-0.0030067822182205384,7.635489948133526e-05,0.025210003059053448,0.025163822826932008
feel,punk,47,1969,2015,0.041461612138506555,0.035651458432910614,-0.005810153705595941,4.0299422152150234e-05,0.024781668382396742,0.023931852415098542
feel,rap,32,1984,2015,0.003885154441202878,0.026598067585374363,0.022712913144171485,0.0006986327072846276,0.017995956860311697,0.020459348679177865
feel,reggae,42,1969,2015,0.013482596690631206,0.02300416798996724,0.009521571299336033,0.0004045306463749209,0.020000463207228966,0.01902288043192476
feel,rock,61,1955,2015,0.020007910228845686,0.03425234787528014,0.014244437646434457,0.0003541228367967525,0.021469644930896946,0.0207255314985738
feel,samba,42,1963,2015,0.011369216566689825,0.01112869503871029,-0.00024052152797953558,0.00013547127146803752,0.013831266087346958,0.012303237665131618
feel,shoegaze,35,1981,2015,0.02744327673766324,0.0370588695066174,0.009615592768954163,-0.0002939876756943933,0.035577044495775714,0.03610866783824132
feel,singer-songwriter,56,1960,2015,0.00821073120355143,0.027481845819375877,0.019271114615824446,0.00018423873483722187,0.02178987551553115,0.022227247928449368
feel,soft rock,49,1967,2015,0.052521202505130204,0.03346773155772187,-0.019053470947408335,-0.00023867036525281496,0.03253676928500735,0.032919843653041736
feel,soul,61,1955,2015,0.020886171526403204,0.038428438067721366,0.01754226654131816,0.00041520486592092537,0.03116398834399095,0.035009752770095486
feel,soundtrack,44,1965,2015,0.009461302390370763,0.01529302120001378,0.005831718809643017,5.015336935911082e-06,0.015228690049444327,0.013463084154961077
feel,synthpop,41,1975,2015,0.021941075798088926,0.0334902437041833,0.011549167906094372,0.00018497790987583956,0.02692914403639087,0.026531080966884453
feel,thrash metal,37,1979,2015,0.01897174361350123,0.017518892779362576,-0.001452850834138656,-0.00010274110134793173,0.023667939123614493,0.0239867195055867
man,alternative rock,37,1979,2015,0.011617562929804646,0.009572950891394027,-0.0020446120384106196,-0.0003011287481693207,0.012225980516857,0.010309300918584115
man,ambient,43,1971,2015,0.00477383197723184,0.0028437479366357358,-0.001930084040596104,-0.0001568448963280062,0.004890084351986799,0.004339847252028945
man,black metal,36,1980,2015,0.038834136003838296,0.015185113687636193,-0.023649022316202105,-0.0004963415573651608,0.018646254974421878,0.015895166375056113
man,blues,61,1955,2015,0.05247460021349491,0.023894839702656216,-0.028579760510838697,-0.0002939839702637482,0.034841862499849864,0.03454955925129109
man,bossa nova,54,1960,2015,0.012790899348211645,0.004388626593897023,-0.008402272754314622,-0.00014543596336076108,0.010412857703481328,0.008858339169938691
man,brazilian rock,34,1982,2015,0.0,0.0022591579030960714,0.0022591579030960714,-0.0004555848610900423,0.010392226784614671,0.005831035931545574
man,classic rock,61,1955,2015,0.02445152933905265,0.02430757242956784,-0.00014395690948481102,-0.00016645531086146402,0.020096063022717738,0.02140217040481499
man,country,53,1955,2015,0.05875203885107445,0.016050475384785535,-0.04270156346628892,-0.00034666176323225166,0.0312589679547965,0.025692212410143994
man,death metal,33,1983,2015,0.022329041535441026,0.017983870732352226,-0.004345170803088799,2.263231904523356e-05,0.01940814511419,0.019433612238792888
man,disco,46,1970,2015,0.026397254548797322,0.006259423785434467,-0.020137830763362854,-9.352052014994465e-05,0.017948029942366064,0.01753778939656292
man,doom metal,33,1983,2015,0.03131265160635139,0.016525058827402666,-0.014787592778948724,-0.0004356849090096407,0.016956277889742234,0.015364359097175949
man,dream pop,34,1982,2015,0.011377452704490613,0.006163845077941598,-0.005213607626549015,-0.0003300609135585795,0.007110262608187442,0.006632390254586593
man,easy listening,47,1959,2015,0.016271756619802652,0.006385461580273766,-0.009886295039528887,-0.00021619558490897244,0.013329078375536966,0.0089542157848982
man,electronic,45,1971,2015,0.005093018842539985,0.005800959256264862,0.0007079404137248771,-1.618770782905386e-05,0.007045069865922673,0.005800959256264862
man,experimental,52,1964,2015,0.03628040546231163,0.011790143641846171,-0.02449026182046546,-0.00029798317268417716,0.01298235006906101,0.011593822260445143
man,folk,57,1959,2015,0.06131437057579094,0.013597533134336436,-0.04771683744145451,-0.0004394704725414302,0.024255290439098035,0.019937934869227635
man,funk,51,1965,2015,0.015692359051659218,0.014709781575225216,-0.0009825774764340017,-2.837791899504727e-05,0.02120685916744088,0.018146889689034742
man,glam rock,39,1967,2015,0.0443285377082178,0.02424560014515249,-0.02008293756306531,-0.00015332838861632726,0.02015837059641683,0.019065192974903406
man,gothic rock,34,1977,2015,0.02045767687370382,0.0035921162241495624,-0.016865560649554256,-0.0007011953051620293,0.011703355795646412,0.006153460390902422
man,grunge,32,1984,2015,0.029482947029761414,0.009840956075565099,-0.019641990954196317,-0.00025764738859649153,0.010996000203230088,0.009874905411533552
man,hard rock,51,1965,2015,0.015655464697399726,0.011904548048972627,-0.0037509166484270984,-0.00023509076855738822,0.019025473295154128,0.018336912498484192
man,hardcore,39,1977,2015,0.040957571727129244,0.008874108430787134,-0.03208346329634211,-0.0006761668242904756,0.015102107177738047,0.010268893121010082
man,hardcore punk,32,1976,2015,0.012008083886862132,0.012929893075085987,0.0009218091882238558,0.00013461538077456063,0.01834212936558141,0.012890730771703041
man,indie rock,33,1983,2015,0.024138423068605093,0.009545412424717733,-0.01459301064388736,-0.00029267580628240277,0.013623004101441712,0.012450528141373787
man,industrial,35,1981,2015,0.010906619421753952,0.009025507392951259,-0.0018811120288026936,-0.0002569257312539802,0.012491678714495691,0.010928629155908701
man,jazz,61,1955,2015,0.00524846832411743,0.010084230619618027,0.004835762295500597,6.183006435990004e-05,0.010791124376460851,0.00992677496916761
man,latin,40,1965,2015,0.026841226918799237,0.004434617758431742,-0.022406609160367495,-0.00025427326517205376,0.00935467042227611,0.007752772845764044
man,metal,48,1968,2015,0.0315569422440755,0.012615295246168225,-0.018941646997907277,-0.0006680937157834716,0.023848594188234196,0.017095241672109983
man,mpb,53,1963,2015,0.01619690009117937,0.005032084587051886,-0.011164815504127484,-0.00014588469591737973,0.010794751878315528,0.009468599177456268
man,new wave,43,1973,2015,0.01835550551786856,0.014556935451436711,-0.0037985700664318507,-0.00024728809043526043,0.016126286269400197,0.01594406679309593
man,pop,57,1959,2015,0.007774717113622132,0.006389003602019685,-0.0013857135116024473,-0.00031272293838685783,0.01394113077367339,0.011713912642233072
man,pop rock,32,1982,2015,0.018298064889985338,0.006214507471368905,-0.012083557418616433,-0.0010463724391351582,0.013199517254771306,0.006675434138785376
man,post-hardcore,35,1981,2015,0.0,0.005406942176124148,0.005406942176124148,-5.4807562969132384e-05,0.008279284338939926,0.007813104198581017
man,post-punk,43,1973,2015,0.012235900278089526,0.009041135872760954,-0.003194764405328572,-0.000150177713606555,0.015596418862020386,0.013999471385372565
man,power metal,34,1981,2015,0.03134445685993862,0.012804578687210768,-0.018539878172727852,0.0001187437812916098,0.019229560377671862,0.01984425595401247
man,progressive metal,32,1984,2015,0.01034830600995649,0.00944929207514193,-0.0008990139348145597,-0.00015978748302661273,0.014389198339271414,0.013626686957785072
man,progressive rock,53,1963,2015,0.004382284101565512,0.00982564937783949,0.005443365276273977,-0.00028209940370547596,0.01859509036082812,0.016678488173571194
man,psychedelic rock,48,1963,2015,0.022979368336541763,0.018111254837013157,-0.004868113499528606,-0.00012617766693972932,0.01482191226467055,0.01524104377449068
man,punk,47,1969,2015,0.0051059766669691664,0.00907145769983184,0.003965481032862673,-0.00010837353528623405,0.013907693696344547,0.011246721656863884
man,rap,32,1984,2015,0.043899768183171234,0.022298702729705806,-0.021601065453465428,-0.0006352176396489906,0.03798152149325052,0.03631193272991817
man,reggae,42,1969,2015,0.03501937919528726,0.013596969853928272,-0.02142240934135899,4.16646364836022e-05,0.03213271648069817,0.030817983809193525
man,rock,61,1955,2015,0.0,0.009083970665241758,0.009083970665241758,3.526048325058824e-06,0.014756554744466327,0.012697476518279828
man,samba,42,1963,2015,0.02181324802242609,0.013252965364788103,-0.008560282657637986,-9.299576245751786e-05,0.011881834139569027,0.010720774945358811
man,shoegaze,35,1981,2015,0.0,0.005832085246950902,0.005832085246950902,4.061514195567413e-06,0.00452339570360189,0.0034259154269242337
man,singer-songwriter,56,1960,2015,0.03336713336709045,0.01054424695735918,-0.02282288640973127,-0.0004967238407471982,0.023968460390912407,0.021716903600481022
man,soft rock,49,1967,2015,0.056681293774681146,0.016868483560689863,-0.03981281021399129,-0.0005580132830284509,0.01583040402784627,0.012520578844410568
man,soul,61,1955,2015,0.00409502868086136,0.008023216308850323,0.003928187627988963,-0.00021136784645222646,0.017809387931823885,0.01628931030272563
man,soundtrack,44,1965,2015,0.10558581424347878,0.003821849014809842,-0.10176396522866894,-0.0006907582858239884,0.014957175554308947,0.010629112989239188
man,synthpop,41,1975,2015,0.01331067650436384,0.0060801975096738915,-0.007230478994689948,-5.4204078895478236e-05,0.012968032192425807,0.00947560667291986
man,thrash metal,37,1979,2015,0.007052107190473625,0.018334576758057757,0.011282469567584132,-8.803193801248459e-05,0.016244634513570194,0.015905838003274612
well,alternative rock,37,1979,2015,0.010020374768766105,0.015490450233631381,0.005470075464865276,0.0001694043021046897,0.02114143290733737,0.022399850905671908
well,ambient,43,1971,2015,0.010235831892434799,0.005690688884672954,-0.004545143007761845,-5.893705908690826e-05,0.003993456445313627,0.002950006532608214
well,black metal,36,1980,2015,0.006460536939145105,0.0044205949688423335,-0.0020399419703027713,-6.551513037881049e-05,0.004400565098739621,0.0041507101689454776
well,blues,61,1955,2015,0.07389697517225145,0.02027570784938478,-0.05362126732286667,-0.00018440759510188009,0.044618656654606174,0.043196697521935244
well,bossa nova,54,1960,2015,0.00353750996393618,0.010554129172577868,0.007016619208641687,0.00015643465355765022,0.012906205216382517,0.012266613053420201
well,brazilian rock,34,1982,2015,0.005733886467841865,0.019805519452793442,0.014071632984951577,0.00029911604361802736,0.01756695719477548,0.016204344800398063
well,classic rock,61,1955,2015,0.08205692627658771,0.03479273431967538,-0.04726419195691233,-0.00022995742481193393,0.03497204928012832,0.03301276574803448
well,country,53,1955,2015,0.03295952434191771,0.024169856425833938,-0.008789667916083776,-0.00015812976637872046,0.02894387274712182,0.028364873800400765
well,death metal,33,1983,2015,0.004893994157431575,0.005946889738253185,0.0010528955808216094,0.00016559288509395646,0.0039911229750808006,0.004893994157431575
well,disco,46,1970,2015,0.026123377543913934,0.009014638040669166,-0.01710873950324477,-0.00017262184718418958,0.01657916054292327,0.017113132762412348
well,doom metal,33,1983,2015,0.017975684479557903,0.007096901394220434,-0.01087878308533747,-0.00024705335846900384,0.009092524186371721,0.008140822187563774
well,dream pop,34,1982,2015,0.015797396347760347,0.01546365727696252,-0.00033373907079782723,3.306472578028639e-05,0.01303367559507423,0.013336752378221456
well,easy listening,47,1959,2015,0.017394302405694242,0.005574014983628983,-0.01182028742206526,8.000083132027043e-05,0.015486885456753391,0.014655306512797868
well,electronic,45,1971,2015,0.0075407426984972995,0.009637493136489166,0.0020967504379918664,0.00010566456743127744,0.009792828670738198,0.00964672344814162
well,experimental,52,1964,2015,0.006914929328605338,0.013312201452489989,0.0063972721238846515,-0.00011358263815003558,0.01289324823974625,0.012331406842403603
well,folk,57,1959,2015,0.10852255264228232,0.019083991540725712,-0.08943856110155661,-0.0003755319473690817,0.023496629762766577,0.022103113950903815
well,funk,51,1965,2015,0.020305431594458394,0.013189738168013063,-0.0071156934264453315,3.535486726432471e-05,0.020967231280705063,0.020507065067240534
well,glam rock,39,1967,2015,0.028791584133900063,0.010568109938078725,-0.018223474195821338,-0.00023203067406437014,0.01813393341843835,0.016879298433522164
well,gothic rock,34,1977,2015,0.00887340460756135,0.00787420812585876,-0.00099919648170259,-3.680918769927239e-05,0.009486059606248223,0.00906981176154505
well,grunge,32,1984,2015,0.00660446702058438,0.025600335290442176,0.018995868269857795,0.00012168363832183446,0.01646518669029876,0.017414846166869315
well,hard rock,51,1965,2015,0.020526548158914335,0.020825896551322907,0.0002993483924085723,-0.00011450889176700733,0.022702638644705616,0.02149311666224519
well,hardcore,39,1977,2015,0.012645358065246535,0.016766041252132186,0.004120683186885651,-6.608545049287544e-06,0.01790060465956062,0.01746835600797297
well,hardcore punk,32,1976,2015,0.010793620804659955,0.015345924217150206,0.004552303412490251,-0.00010689626648005997,0.015547996080122993,0.011743139490010473
well,indie rock,33,1983,2015,0.019284465453862233,0.02069986643269396,0.0014154009788317282,2.9647542904709286e-05,0.02382691964423273,0.023065839710941446
well,industrial,35,1981,2015,0.00920188616360541,0.01607002833922331,0.006868142175617899,1.3425336462720069e-05,0.013014085015999884,0.014182558363104286
well,jazz,61,1955,2015,0.011274831591116865,0.014094218488318691,0.002819386897201827,9.674269485845265e-05,0.007916965692300522,0.007981139833708455
well,latin,40,1965,2015,0.019997497778174975,0.01242451138086766,-0.007572986397307316,-0.00016483272279427293,0.015353264747947199,0.01449906969285256
well,metal,48,1968,2015,0.017192250827680822,0.010219082027729393,-0.00697316879995143,-0.0004433801908135076,0.017172339606072114,0.012846135139701264
well,mpb,53,1963,2015,0.0,0.01301138089142775,0.01301138089142775,0.00012018216924988639,0.012853765073920762,0.01301138089142775
well,new wave,43,1973,2015,0.031716182977114996,0.015537868874184157,-0.016178314102930837,-0.000277884362878723,0.017520062643870838,0.016877699818573958
well,pop,57,1959,2015,0.006833215620518377,0.01784121338216373,0.011007997761645353,6.951160922617884e-05,0.015667885431644567,0.015959721866622232
well,pop rock,32,1982,2015,0.007347132869824667,0.02086038510830113,0.013513252238476464,0.00023688561697164006,0.01936475734045063,0.02113077146434436
well,post-hardcore,35,1981,2015,0.03812970760160898,0.01979813609611765,-0.018331571505491327,-0.0001312841534953767,0.018481527954706943,0.018210998431755464
well,post-punk,43,1973,2015,0.01872379727031623,0.01941654983045986,0.0006927525601436273,-7.266819338006869e-05,0.01833546864932547,0.018343882074713172
well,power metal,34,1981,2015,0.00870766544503116,0.006735866318487047,-0.0019717991265441126,-0.00024201576343468818,0.007440887372659598,0.006678043253375829
well,progressive metal,32,1984,2015,0.007577535989164806,0.0075936237790790164,1.608778991421013e-05,-4.920416735523149e-05,0.008818332087564112,0.008197110647978248
well,progressive rock,53,1963,2015,0.010005469223963458,0.012423247480536234,0.002417778256572776,-4.871463440594785e-05,0.015098116230279924,0.014990700587684444
well,psychedelic rock,48,1963,2015,0.02247615145275032,0.014608417627441271,-0.007867733825309049,-0.0001800652569117278,0.020527739588596,0.020501698728799936
well,punk,47,1969,2015,0.030736464274455175,0.024613586802832765,-0.00612287747162241,2.7867690693140102e-05,0.029353170274097645,0.029500738392277376
well,rap,32,1984,2015,0.04327514520652976,0.018718888533645606,-0.024556256672884153,-0.000583799469470032,0.027126883216655035,0.02596453040927284
well,reggae,42,1969,2015,0.008611510032337608,0.017586414196502535,0.008974904164164927,0.0001816179456055859,0.015327572849060474,0.015552887684827472
well,rock,61,1955,2015,0.1222740996717722,0.02046971569449726,-0.10180438397727494,-0.0008551231744016917,0.032087556030612675,0.022906297240435795
well,samba,42,1963,2015,0.019319128392766186,0.020148576084376865,0.000829447691610679,5.059877240192961e-06,0.013107246994045535,0.014244873405444242
well,shoegaze,35,1981,2015,0.013321529502258088,0.014243873157558559,0.000922343655300471,7.667990455059379e-06,0.011112584581057402,0.010564697639157688
well,singer-songwriter,56,1960,2015,0.048841313046661776,0.022015147603623712,-0.026826165443038064,-7.145342577072859e-05,0.023087189572839343,0.023019139025309804
well,soft rock,49,1967,2015,0.03218463901326104,0.03083951209497788,-0.0013451269182831599,-0.00032839738821919726,0.02611155607386508,0.02601999769273232
well,soul,61,1955,2015,0.03192681912790637,0.018614332458587332,-0.013312486669319036,2.2354342079741723e-05,0.017237330858610306,0.01703755625222304
well,soundtrack,44,1965,2015,0.018968647144898192,0.007878672192483076,-0.011089974952415116,-0.00018622150062932384,0.010772018593287474,0.009880849618362303
well,synthpop,41,1975,2015,0.0061176433159084,0.01420058311655174,0.00808293980064334,0.0001565953898425225,0.012731841832295579,0.013200493827745737
well,thrash metal,37,1979,2015,0.0054276118302426036,0.006509230948667855,0.0010816191184252512,-0.000119105875917307,0.009185145377245338,0.008241331137935123
like,alternative rock,37,1979,2015,0.0211681774385048,0.03839957461312455,0.01723139717461975,0.0005052795467220562,0.029933197742508865,0.031424192367198345
like,ambient,43,1971,2015,0.005471119952556875,0.011011016687280415,0.00553989673472354,4.565755164907255e-05,0.008283403093929763,0.008370893578536567
like,black metal,36,1980,2015,0.0025936381561854752,0.017724295184137533,0.015130657027952058,0.00035682895383026434,0.013481392597196589,0.014871308505454608
like,blues,61,1955,2015,0.018607386322466883,0.032370026738974544,0.013762640416507661,9.699303186515445e-05,0.024940414032266586,0.02419683280302392
like,bossa nova,54,1960,2015,0.01051347904933954,0.03958281390830108,0.029069334858961543,0.000293897658990938,0.04131610004496889,0.04340661234418407
like,brazilian rock,34,1982,2015,0.05702572861175264,0.057370283745575026,0.00034455513382238706,-0.00044098156681170853,0.04044624034599799,0.040368375043182414
like,classic rock,61,1955,2015,0.029376530736479816,0.020411106677214387,-0.008965424059265429,9.855257973434301e-05,0.03018352051612469,0.029052993143748294
like,country,53,1955,2015,0.02585026311533516,0.04462099425316476,0.018770731137829597,0.00042439030480069436,0.03973815087452508,0.04103462777026209
like,death metal,33,1983,2015,0.022422190679013097,0.014236453198806131,-0.008185737480206966,0.00011815170850518131,0.013425173822636468,0.013708997323954045
like,disco,46,1970,2015,0.03018180503538977,0.028004333034710057,-0.002177472000679713,-8.872853260101823e-05,0.03135240949822604,0.031030586246288405
like,doom metal,33,1983,2015,0.022673080464191316,0.019044341453957957,-0.003628739010233358,-9.118012180421681e-05,0.01985896791788014,0.019044341453957957
like,dream pop,34,1982,2015,0.024289720649579398,0.03854194563731003,0.014252224987730634,8.100680120915911e-05,0.033380246877166384,0.032782115808315505
like,easy listening,47,1959,2015,0.018920303279253457,0.035174502393046016,0.01625419911379256,0.00011972023312577168,0.03348419185780379,0.0336791552078725
like,electronic,45,1971,2015,0.009701965179421734,0.031059579840574846,0.021357614661153112,0.0006266129559684494,0.02005209522827872,0.022249237349173785
like,experimental,52,1964,2015,0.0082624004178998,0.03437227322254994,0.026109872804650137,9.12507429317933e-05,0.025653141671371556,0.02580709094140607
like,folk,57,1959,2015,0.01698676598474011,0.0416451416795125,0.02465837569477239,-1.998674225195685e-05,0.03126973662795769,0.029051595572084116
like,funk,51,1965,2015,0.018143215534425095,0.029978756870866083,0.011835541336440988,0.00022613479361158244,0.028993749519148147,0.029978756870866083
like,glam rock,39,1967,2015,0.04922171794024274,0.036515387364901224,-0.01270633057534152,0.00015764329178811348,0.03064712827313116,0.02736720727993549
like,gothic rock,34,1977,2015,0.017302266172773185,0.015444908682656808,-0.0018573574901163768,0.0001133009160783935,0.021147783203039814,0.018785369401145696
like,grunge,32,1984,2015,0.023337310057718896,0.03906142325591255,0.015724113198193657,5.215247643722418e-06,0.03396921355477442,0.034862751226330105
like,hard rock,51,1965,2015,0.010884378938403225,0.0325281598221797,0.021643780883776477,0.0001372609615403377,0.028511032755728197,0.028969706761725333
like,hardcore,39,1977,2015,0.032963128014881986,0.03560428595190894,0.002641157937026954,-0.00023870137631010652,0.03125942777234958,0.027897463893702616
like,hardcore punk,32,1976,2015,0.00398409586883334,0.03310502827985914,0.0291209324110258,0.0005103742277052525,0.0216831732102873,0.02278304805528471
like,indie rock,33,1983,2015,0.012840260112528257,0.03551537962456823,0.022675119512039973,0.0008597066556555966,0.027655195158795037,0.03352419528058978
like,industrial,35,1981,2015,0.03298072546897872,0.028905754327619975,-0.004074971141358744,-0.00022424963398584737,0.024460053246630732,0.02422856576807365
like,jazz,61,1955,2015,0.020234304445652485,0.026592133471755753,0.006357829026103268,0.00030299423661206653,0.019519191075660483,0.02003790108820917
like,latin,40,1965,2015,0.0372187188872299,0.047306583789895454,0.010087864902665555,0.00020419325576852504,0.03988272088168137,0.03901960459255051
like,metal,48,1968,2015,0.012100479097801525,0.026764594247424667,0.014664115149623142,0.00032475703154794346,0.022381681691519856,0.02423505969643016
like,mpb,53,1963,2015,0.017379417133119725,0.03455926409320956,0.017179846960089833,-6.359140574519343e-06,0.03725448939919564,0.035026253447763084
like,new wave,43,1973,2015,0.04317237425506759,0.03498290015085498,-0.008189474104212613,-0.0001294756473630525,0.029679799871465275,0.029887335809627776
like,pop,57,1959,2015,0.021824030668741484,0.05006561842944477,0.028241587760703287,0.0004968484943215111,0.03439101999334872,0.03345657046505158
like,pop rock,32,1982,2015,0.06472616770138591,0.048618306280964925,-0.016107861420420984,-0.0001166898557935243,0.04000484400759161,0.038001903110402094
like,post-hardcore,35,1981,2015,0.0199653453989626,0.03202023534827942,0.012054889949316819,0.0006726241481974206,0.02485460156758378,0.02707071514048356
like,post-punk,43,1973,2015,0.025896585444776726,0.029676369619470004,0.0037797841746932785,1.9307100796476543e-05,0.032104456276849616,0.030966986950707955
like,power metal,34,1981,2015,0.01486757196989418,0.029276906239142565,0.014409334269248385,0.00024352473671937578,0.019426795723885698,0.018245763323384845
like,progressive metal,32,1984,2015,0.015174722287691818,0.014815742009469609,-0.0003589802782222092,-8.203144542584336e-05,0.017277338959131645,0.017265075066485693
like,progressive rock,53,1963,2015,0.015007463151447409,0.024782678411755535,0.009775215260308126,8.08797690936243e-05,0.0205104677202937,0.021761437484619794
like,psychedelic rock,48,1963,2015,0.014141608200648787,0.033502005528199166,0.019360397327550377,0.00022305599044776967,0.02369933226369499,0.024173738513513482
like,punk,47,1969,2015,0.01435332159533191,0.038295873129637004,0.023942551534305093,0.00041778741499150457,0.03022245993962354,0.02883185072269642
like,rap,32,1984,2015,0.06998429335376365,0.0797736404969086,0.009789347143144958,5.5828195391754346e-05,0.07769818483793363,0.07723384578307117
like,reggae,42,1969,2015,0.0009952315324715142,0.043870106899490835,0.04287487536701932,0.000753202215395198,0.03036949116352701,0.035397685812798285
like,rock,61,1955,2015,0.018742518812326584,0.038036117371097064,0.01929359855877048,0.0002898065217749497,0.029243929688534606,0.030498018056146787
like,samba,42,1963,2015,0.04756869481606675,0.02444619860366692,-0.02312249621239983,-0.00010835046214924231,0.03268922204199196,0.031426851499951336
like,shoegaze,35,1981,2015,0.03788154229641666,0.03314621159305624,-0.004735330703360421,-0.00022932535170112328,0.02834474315637368,0.02628731883182142
like,singer-songwriter,56,1960,2015,0.029002128988219272,0.039112007576428166,0.010109878588208894,-2.753333093953902e-05,0.040233260747075394,0.03927878208229654
like,soft rock,49,1967,2015,0.029312572425063275,0.035338440029042385,0.0060258676039791105,-1.2484924741274506e-05,0.03361795465731118,0.0322730953509592
like,soul,61,1955,2015,0.023048355245982255,0.0426478634844399,0.019599508238457644,0.0002813462179763929,0.029149205159612706,0.027215858695915283
like,soundtrack,44,1965,2015,0.02641764803657681,0.01319063286148045,-0.01322701517509636,-0.0001164667333866799,0.017699082518368367,0.017409430944323075
like,synthpop,41,1975,2015,0.060569563107926216,0.035075689386882665,-0.02549387372104355,-0.00028923766038525296,0.030380295426685536,0.028823807665159455
like,thrash metal,37,1979,2015,0.011062700867110581,0.022099167766351912,0.01103646689924133,7.32262734078136e-05,0.01783274497689049,0.017743039753711748
pron,alternative rock,37,1979,2015,0.0025609180298006703,0.01988175369417424,0.01732083566437357,0.0005493037048496937,0.015182594663044391,0.01794322951126291
pron,ambient,43,1971,2015,0.0,0.009435554723342364,0.009435554723342364,4.384576789381379e-05,0.006954674305586327,0.006286445308932979
pron,black metal,36,1980,2015,0.0061282049781374096,0.01690590869400289,0.010777703715865481,-0.0001198084725074278,0.013197165092902311,0.012968260816094139
pron,blues,61,1955,2015,0.0022895870910490837,0.023642988074112806,0.021353400983063722,0.0002239482780016263,0.010401319847913327,0.010707026753446973
pron,bossa nova,54,1960,2015,0.0,0.021071009801525212,0.021071009801525212,0.0003595298985955475,0.01767348455300981,0.019079678773561926
pron,brazilian rock,34,1982,2015,0.02318261402222435,0.03145055275905685,0.0082679387368325,-0.00014483710106475738,0.02197247286936608,0.02369757840507921
pron,classic rock,61,1955,2015,0.016626387952498482,0.0146413923127344,-0.001984995639764082,3.280333595122887e-05,0.012911261840341746,0.012002058508497773
pron,country,53,1955,2015,0.0,0.020685249289598667,0.020685249289598667,0.000233209001440454,0.012485616502276007,0.014127183832336966
pron,death metal,33,1983,2015,0.009721053571017376,0.01765733805732708,0.007936284486309703,0.00040024186161461653,0.018373652191918208,0.01765733805732708
pron,disco,46,1970,2015,0.02165337498203129,0.037287288186965424,0.015633913204934135,0.00017707590476392237,0.020170329806944932,0.020724899994325197
pron,doom metal,33,1983,2015,0.0070733483425334575,0.020140274511338842,0.013066926168805386,0.0005863876033108738,0.015146543501255239,0.017696145937799557
pron,dream pop,34,1982,2015,0.03056894352819627,0.020333353466351,-0.010235590061845268,9.876644008120055e-05,0.012792558344214212,0.012076675247057722
pron,easy listening,47,1959,2015,0.016930768081267096,0.01278407428351217,-0.004146693797754926,1.8363462638766594e-05,0.016222625870592294,0.014874271025597829
pron,electronic,45,1971,2015,0.01480292396204851,0.01638301337285807,0.0015800894108095598,-7.987742440472457e-05,0.017366930725805127,0.01480292396204851
pron,experimental,52,1964,2015,0.0220838491487305,0.017027541772484132,-0.005056307376246367,-0.0001417131782954217,0.015112261791171484,0.015006757973593007
pron,folk,57,1959,2015,0.00509068549961883,0.023429012426954828,0.018338326927335998,0.00024823527485260126,0.012729206361932522,0.013669184789859916
pron,funk,51,1965,2015,0.015914958297073352,0.017906675596104968,0.001991717299031616,7.90365579358044e-05,0.02273976875361649,0.022120023048671535
pron,glam rock,39,1967,2015,0.012209017217425736,0.01922477665970427,0.007015759442278533,-0.00011045940096184621,0.018579781114768937,0.014068780447603358
pron,gothic rock,34,1977,2015,0.0011301823148861872,0.021218607930857426,0.02008842561597124,0.00030629461235303577,0.014912010074370778,0.015246287443213666
pron,grunge,32,1984,2015,0.025820847294790228,0.014089363539699912,-0.011731483755090316,0.00026393454440122344,0.015740305552503976,0.014614582265929309
pron,hard rock,51,1965,2015,0.014928382422240453,0.02154282000715414,0.006614437584913686,0.00030481455062265916,0.015220108572605022,0.014317249095924472
pron,hardcore,39,1977,2015,0.05946457566179647,0.028060060792512023,-0.031404514869284444,0.00014000018077295134,0.028414132957534567,0.030348183509224486
pron,hardcore punk,32,1976,2015,0.017206462513486804,0.02155884251297222,0.0043523799994854145,0.0003144555872887411,0.022807536051340303,0.02240580702666292
pron,indie rock,33,1983,2015,0.01375131921824092,0.019703476558509365,0.005952157340268445,0.0001113626517688998,0.01980600351704494,0.020088700368510164
pron,industrial,35,1981,2015,0.0041018720284593255,0.018202888222530307,0.014101016194070982,0.0005499262513883817,0.013886432534850704,0.01279874420346929
pron,jazz,61,1955,2015,0.007281952427192477,0.016443066478950084,0.009161114051757607,9.924358825778142e-05,0.014095954559340968,0.011341827452293965
pron,latin,40,1965,2015,0.0,0.02933110819687518,0.02933110819687518,0.00034687352552471547,0.02000036415989153,0.021290422980174913
pron,metal,48,1968,2015,0.0,0.022674946322953162,0.022674946322953162,0.00010956074456836672,0.020476877843588356,0.0175393336411193
pron,mpb,53,1963,2015,0.019587620010995933,0.02573995327802972,0.006152333267033787,0.0003229705240401828,0.015893559114792354,0.01413736394979863
pron,new wave,43,1973,2015,0.01076692850822341,0.022685562923509588,0.011918634415286178,0.0002042609384175034,0.014606476406644656,0.014495626516432852
pron,pop,57,1959,2015,0.00590748854237735,0.024599285326909047,0.018691796784531697,0.00023383625914268153,0.01929972386728427,0.020199783140120393
pron,pop rock,32,1982,2015,0.009114050131472791,0.022136468557308588,0.013022418425835796,0.000549718744127042,0.015766774446861254,0.016341385187855835
pron,post-hardcore,35,1981,2015,0.012260097983533709,0.023157700614834426,0.010897602631300718,0.0005460726039339938,0.02339986870291923,0.028618414486025576
pron,post-punk,43,1973,2015,0.008011690590152389,0.02004398014270181,0.012032289552549423,0.0002222092444978265,0.017197640047822756,0.017175813095591675
pron,power metal,34,1981,2015,0.01631770085641614,0.02161532744192218,0.005297626585506039,-0.00016434854797877486,0.02466137011013128,0.023961113337070336
pron,progressive metal,32,1984,2015,0.011824740937348942,0.03171734206102213,0.019892601123673186,0.0004081200982563941,0.02166795881652138,0.02315977299773781
pron,progressive rock,53,1963,2015,0.0,0.024254726619592267,0.024254726619592267,0.00012974359556575425,0.019416253541591353,0.02138295420624942
pron,psychedelic rock,48,1963,2015,0.004815352306851964,0.010190544738935638,0.0053751924320836735,0.00023338695686490622,0.011764407454912149,0.010789670324151854
pron,punk,47,1969,2015,0.0030783711611901705,0.023130783451508,0.02005241229031783,0.00016773396894813458,0.018169123683336032,0.01884206871448474
pron,rap,32,1984,2015,0.014215750901622531,0.019950469322534324,0.005734718420911793,-6.91348967563979e-05,0.025377293392232506,0.026171450404571764
pron,reggae,42,1969,2015,0.011099605855430641,0.025332563804185835,0.014232957948755193,5.875638455136008e-05,0.020462817172083776,0.019618738598683974
pron,rock,61,1955,2015,0.013562143067970033,0.022894847752173778,0.009332704684203745,5.711007782086871e-05,0.01684531239747236,0.015916576492772536
pron,samba,42,1963,2015,0.006847708081139615,0.015019630375522747,0.008171922294383132,-3.8012341935689e-05,0.016874794782117366,0.015656032779646733
pron,shoegaze,35,1981,2015,0.002650887234824416,0.019301379043398327,0.016650491808573913,0.00036922769496113483,0.012031629429252549,0.014654350363114575
pron,singer-songwriter,56,1960,2015,0.00673457243391346,0.01977548924128579,0.01304091680737233,0.00018940160716546324,0.015158298969034431,0.01613153373812424
pron,soft rock,49,1967,2015,0.012608109024843005,0.011997094349206792,-0.0006110146756362136,2.589261656963372e-05,0.014202854373850344,0.013975573323643497
pron,soul,61,1955,2015,0.010401732844043535,0.016744975040573096,0.006343242196529561,0.00011917957073996792,0.015801365043009327,0.016531026939416795
pron,soundtrack,44,1965,2015,0.0016702975847855475,0.010540649463254458,0.00887035187846891,2.7816773986449475e-05,0.010001147708765182,0.010158080613485842
pron,synthpop,41,1975,2015,0.058633230697011054,0.02285347258533905,-0.035779758111672,-0.00023401397771626592,0.021043993984654837,0.01935215281072172
pron,thrash metal,37,1979,2015,0.007532406506576062,0.01629262403551377,0.00876021752893771,0.00017481132809518517,0.01415639257245602,0.014258947123369142
cri,alternative rock,37,1979,2015,0.006546903787684426,0.007603891919318986,0.00105698813163456,0.00017798195503435058,0.007753112628009973,0.008586669658281332
cri,ambient,43,1971,2015,0.0,0.00280345879724043,0.00280345879724043,-2.5630711686962797e-05,0.003373325710205148,0.0028167826897536746
cri,black metal,36,1980,2015,0.03429584732507681,0.006917303568873923,-0.027378543756202887,-0.00075541472511812,0.014788552207826385,0.00922541388767437
cri,blues,61,1955,2015,0.03111563574825399,0.009607802158550812,-0.02150783358970318,-0.0004191465558931082,0.020077312921174886,0.015228780179764954
cri,bossa nova,54,1960,2015,0.043254273609753015,0.02423025468018701,-0.019024018929566004,0.00021109157401204254,0.02432462379039754,0.024499054428624604
cri,brazilian rock,34,1982,2015,0.005631337093830344,0.016789974483687364,0.01115863738985702,0.0003613329964496655,0.009147932139190091,0.009403517787802445
cri,classic rock,61,1955,2015,0.022401967694187196,0.009943183550648271,-0.012458784143538924,-0.00022738286469677408,0.01427929816753955,0.01159132531936015
cri,country,53,1955,2015,0.010582405635861178,0.010087601468042988,-0.0004948041678181896,-0.0001569555633151841,0.02119105777463479,0.01625317316442863
cri,death metal,33,1983,2015,0.0063187970509521,0.006598321102625028,0.00027952405167292783,-0.00017105176934941274,0.009727449709364875,0.008966352322682919
cri,disco,46,1970,2015,0.022248131964696216,0.01704031238050241,-0.005207819584193807,-9.514762727628167e-05,0.011587995301482358,0.008558180692442213
cri,doom metal,33,1983,2015,0.011045430002010095,0.013740977635021275,0.0026955476330111795,0.00032294104314137414,0.012397040319403071,0.012952930351586062
cri,dream pop,34,1982,2015,0.006813426186693665,0.008579865035657596,0.0017664388489639308,-0.0004836432078855061,0.01450001356280951,0.009440522057267607
cri,easy listening,47,1959,2015,0.03555121129498344,0.015338306934654374,-0.020212904360329065,-0.0002733796351258778,0.018291252333622554,0.01594768211653643
cri,electronic,45,1971,2015,0.0,0.004291016448510236,0.004291016448510236,3.4866589992528324e-05,0.005966461732625542,0.005542775254907989
cri,experimental,52,1964,2015,0.00846606090816573,0.008872497116129861,0.00040643620796413163,-8.581978801317843e-05,0.006686304253910308,0.0066289325515467325
cri,folk,57,1959,2015,0.012880485595102964,0.008784451591928668,-0.004096034003174296,-0.0002337034356311177,0.014506721682047885,0.011464374796639363
cri,funk,51,1965,2015,0.053230698300187854,0.0060307364396865615,-0.047199961860501294,-0.00022694748705783422,0.009494117650853258,0.008403339203505986
cri,glam rock,39,1967,2015,0.007831527399946983,0.028551417706517864,0.02071989030657088,0.00013177409576754285,0.008962789641547345,0.007873353517709274
cri,gothic rock,34,1977,2015,0.004042899328165571,0.01041265337026865,0.006369754042103079,5.203834266006259e-05,0.01282594661832535,0.013441302672105112
cri,grunge,32,1984,2015,0.00481385357873162,0.007494027094076099,0.002680173515344479,-0.00019623082629613076,0.0078073020883794005,0.007024747937764518
cri,hard rock,51,1965,2015,0.00337640644249851,0.005976974008329246,0.002600567565830736,-0.00016021807785477376,0.010251281671896397,0.00943607088641538
cri,hardcore,39,1977,2015,0.014764436570669896,0.004929598133734079,-0.009834838436935816,-0.00026674351698703413,0.009973434373752298,0.009602203528485644
cri,hardcore punk,32,1976,2015,0.012729941669206307,0.00309412408101259,-0.009635817588193717,-0.0005750729483450884,0.011058649390830164,0.008881251812593777
cri,indie rock,33,1983,2015,0.0391424300828304,0.009245405086169771,-0.02989702499666063,-0.0002146142911387867,0.008582920417134626,0.007000049109864055
cri,industrial,35,1981,2015,0.01857593885042823,0.00851186563699034,-0.010064073213437892,-0.00014913045095113066,0.008503951040678047,0.007190958280890696
cri,jazz,61,1955,2015,0.010375096449002284,0.00841845804790378,-0.0019566384010985035,9.809437272416727e-05,0.008499545167409044,0.008039935111016229
cri,latin,40,1965,2015,0.014144460928922357,0.016468464512274374,0.0023240035833520176,1.639159964684893e-05,0.021707993820597016,0.020345127808127507
cri,metal,48,1968,2015,0.020798514492837556,0.008081496624837129,-0.012717017868000427,-0.00017637819768405617,0.013343016862774594,0.011026098918110877
cri,mpb,53,1963,2015,0.03940876979353905,0.01787086222757041,-0.02153790756596864,-3.1868367753576195e-05,0.01567870069285943,0.015560743098075615
cri,new wave,43,1973,2015,0.0036373670296392297,0.015296683339420046,0.011659316309780817,0.00010492391252217227,0.011334892832922145,0.011677949005408278
cri,pop,57,1959,2015,0.05802947264923833,0.010269109028748453,-0.047760363620489875,-0.0005880761158702458,0.018850785282758985,0.013404778436365564
cri,pop rock,32,1982,2015,0.019227471978197738,0.007813751980561652,-0.011413719997636086,-0.0010464894679004105,0.020455940966106995,0.016528395382572125
cri,post-hardcore,35,1981,2015,0.035220024821589146,0.003757120075715916,-0.03146290474587323,-0.0004395126459998018,0.007421114304457396,0.004374697313010045
cri,post-punk,43,1973,2015,0.019835467993800805,0.010162585364864573,-0.009672882628936232,-0.00029286356668910176,0.014242520534467992,0.011284026367210346
cri,power metal,34,1981,2015,0.010460408910538269,0.015173631999564709,0.00471322308902644,-0.00020047022911994438,0.022928156058192,0.02246108634522339
cri,progressive metal,32,1984,2015,0.017492100504562364,0.008467436426383423,-0.00902466407817894,-0.00016954327720050574,0.01052281353677106,0.009736838055281857
cri,progressive rock,53,1963,2015,0.013329462615760459,0.0113839263781008,-0.0019455362376596588,-0.00012896918087112265,0.009926206384042005,0.010966781675900941
cri,psychedelic rock,48,1963,2015,0.01860275589152308,0.008916372060031553,-0.009686383831491526,-0.0001696348362271705,0.01187367574760434,0.010127894716576352
cri,punk,47,1969,2015,0.003055252805338844,0.0049490336300708915,0.0018937808247320477,-0.00015689189222666396,0.009259375181884463,0.008330046404369976
cri,rap,32,1984,2015,0.0047941366612105915,0.006488150459932248,0.0016940137987216568,0.00012421207840720449,0.005837896188961611,0.006056607164911533
cri,reggae,42,1969,2015,0.011638909329087451,0.012903662972708856,0.0012647536436214048,-0.00022180103087038956,0.012666346431401156,0.01060344705153502
cri,rock,61,1955,2015,0.05328435968980232,0.00811993324881367,-0.045164426440988656,-0.0003757291980058246,0.014782334259325947,0.010980848593795374
cri,samba,42,1963,2015,0.054525324427597034,0.0321751209161672,-0.022350203511429835,-9.139540613678208e-05,0.02391893186502645,0.024704798717404067
cri,shoegaze,35,1981,2015,0.006193287632331096,0.0060711151972321995,-0.0001221724350988964,1.0296918610898185e-05,0.006897280201739454,0.007957394429843676
cri,singer-songwriter,56,1960,2015,0.0091650729721209,0.011455707925410098,0.002290634953289199,-0.0001937152796339276,0.014925153650596634,0.012535633899065982
cri,soft rock,49,1967,2015,0.013033164481021738,0.004997095674404085,-0.008036068806617653,-0.00010260057425687076,0.017105946170331184,0.01383060909262254
cri,soul,61,1955,2015,0.030000233346310967,0.008572437389761565,-0.0214277959565494,-9.831331432236743e-07,0.01427787851980875,0.012746845611978029
cri,soundtrack,44,1965,2015,0.0038133403944772045,0.005859767496847833,0.0020464271023706284,4.1765104616751545e-05,0.006124875464713728,0.005968601757845932
cri,synthpop,41,1975,2015,0.008590029765380234,0.009190055360122682,0.0006000255947424486,9.398101055170718e-05,0.011556099470818164,0.010934917391088454
cri,thrash metal,37,1979,2015,0.03204821621011284,0.004556205373260176,-0.027492010836852664,-0.00044690202494477503,0.011942656990498169,0.011509389435340078
yes,alternative rock,37,1979,2015,0.00188484519383334,0.0019542017253301033,6.935653149676329e-05,-9.439473409690854e-06,0.0031074547062646123,0.0025804141155193142
yes,ambient,43,1971,2015,0.0,0.0008592876915145074,0.0008592876915145074,2.2919730027250153e-05,0.0008293651957570146,0.0008056713725177584
yes,black metal,36,1980,2015,0.010261934359410831,0.0006378930518291885,-0.009624041307581642,-0.00013011491191295264,0.004374274811074897,0.00387879290402465
yes,blues,61,1955,2015,0.03482522458966381,0.010690062948626004,-0.02413516164103781,-0.00026289960072843545,0.01497484231960567,0.012850075416362584
yes,bossa nova,54,1960,2015,0.030884831568373256,0.007602733460604553,-0.023282098107768705,-0.00011187332533839464,0.012343243960944016,0.008262410491980713
yes,brazilian rock,34,1982,2015,0.006309110059176535,0.0,-0.006309110059176535,3.477417341422885e-05,0.007216406163399814,0.0064006740468901535
yes,classic rock,61,1955,2015,0.0,0.01482566608731394,0.01482566608731394,-2.1600094764661548e-05,0.013290312630765475,0.01323973114941444
yes,country,53,1955,2015,0.007274128586364358,0.002280261581427702,-0.004993867004936656,-0.00014542903343656876,0.007671110403516836,0.007274128586364358
yes,death metal,33,1983,2015,0.0,0.0013343915883861745,0.0013343915883861745,5.671701879635016e-05,0.0008757329617842263,0.0007577299037139822
yes,disco,46,1970,2015,0.0016789444125505399,0.0060711395641284875,0.004392195151577948,-1.9455028773119195e-06,0.012353196015419884,0.009491100019883975
yes,doom metal,33,1983,2015,0.0,0.0009606660419969064,0.0009606660419969064,-0.00010658513222112592,0.001976818456048234,0.0016501337877429072
yes,dream pop,34,1982,2015,0.0,0.004922496218533829,0.004922496218533829,-0.00022329277845761463,0.0047048601368985254,0.0035793163316620255
yes,easy listening,47,1959,2015,0.0,0.0038543155213280472,0.0038543155213280472,6.2862133631965095e-06,0.010329245980432524,0.009968045982545842
yes,electronic,45,1971,2015,0.0,0.0033813472710475245,0.0033813472710475245,0.00011340644661822625,0.0027716507854184265,0.0028973141833220206
yes,experimental,52,1964,2015,0.0004041439966023083,0.005864887055181497,0.005460743058579188,-0.00012011120054016109,0.004555311902260492,0.0029453194933796983
yes,folk,57,1959,2015,0.02130679466323659,0.003937057484247692,-0.0173697371789889,-0.00021384681922847454,0.007865525977720934,0.00507998417627212
yes,funk,51,1965,2015,0.0,0.00821724806932872,0.00821724806932872,-4.170270411913007e-05,0.008333721495262045,0.007969572260284436
yes,glam rock,39,1967,2015,0.0061108526581632695,0.009950642546493908,0.003839789888330639,-0.0001854610613335373,0.007960915032607013,0.008080030402860365
yes,gothic rock,34,1977,2015,0.0,0.0011570474158261214,0.0011570474158261214,0.00013477626095187862,0.0024458051952786146,0.0015031141729109567
yes,grunge,32,1984,2015,0.0,0.0025850040775250087,0.0025850040775250087,-1.2699791562358828e-05,0.0026078211713572432,0.0026049527873190353
yes,hard rock,51,1965,2015,0.008568543096951778,0.003484956058392936,-0.005083587038558842,-0.0001378961678816032,0.007470753246453563,0.006807872364944284
yes,hardcore,39,1977,2015,0.0,0.00143307697343834,0.00143307697343834,3.490181568899601e-06,0.0019148258186026147,0.00143307697343834
yes,hardcore punk,32,1976,2015,0.0,0.0007157499403488041,0.0007157499403488041,2.2616651087128857e-05,0.0018908696215393932,0.0
yes,indie rock,33,1983,2015,0.0,0.004008135490014271,0.004008135490014271,2.6127560280453182e-05,0.004555248231853866,0.004202753210874422
yes,industrial,35,1981,2015,0.0,0.0036609523218122846,0.0036609523218122846,-6.934532799883738e-05,0.006778399519392308,0.005538224476987904
yes,jazz,61,1955,2015,0.005102813689782276,0.005415597876516428,0.0003127841867341524,-1.5938772529758272e-05,0.006976323221556047,0.005638741813350279
yes,latin,40,1965,2015,0.0070745655208623,0.008487971323042314,0.0014134058021800138,0.0001369067094198423,0.008614160663575468,0.008192482359870336
yes,metal,48,1968,2015,0.007213213385964571,0.002536808777919218,-0.004676404608045352,-0.00011315425160336723,0.004211483348895261,0.0032559447784990623
yes,mpb,53,1963,2015,0.0,0.007641219979802844,0.007641219979802844,6.501612183346243e-05,0.008584519060446015,0.007159498879601719
yes,new wave,43,1973,2015,0.0031290931366387185,0.007740676245502855,0.004611583108864137,-1.0649727179144478e-05,0.005123910265257206,0.005306335098610901
yes,pop,57,1959,2015,0.009760683797996474,0.006728332069577378,-0.003032351728419096,-0.00017917884379144446,0.009317555921825382,0.007281329208986945
yes,pop rock,32,1982,2015,0.012697305380895392,0.004591147105548479,-0.008106158275346914,-0.0003142033639902632,0.0076652933330399586,0.006004079820234235
yes,post-hardcore,35,1981,2015,0.01500289673161769,0.002414937131688948,-0.012587959599928741,-0.0003073291336871305,0.007027121906459,0.004740188071416454
yes,post-punk,43,1973,2015,0.00811321814027329,0.004733017011256626,-0.003380201129016664,4.6873741123876594e-05,0.006628754532260107,0.006032505999593281
yes,power metal,34,1981,2015,0.005569550339306462,0.0020160704906613583,-0.0035534798486451034,-0.00018813564618470544,0.0056540019536521526,0.003536433844828972
yes,progressive metal,32,1984,2015,0.0,0.002718426999827095,0.002718426999827095,0.00011577518778082517,0.0018318351042597106,0.0016185835156135773
yes,progressive rock,53,1963,2015,0.032923078559548534,0.0012993077118742065,-0.03162377084767433,-0.0002542492571767317,0.008898163872139398,0.005945383395649813
yes,psychedelic rock,48,1963,2015,0.008406122103758566,0.007155241129039876,-0.0012508809747186905,-1.1559483574192844e-05,0.004257627959138195,0.002836094272508291
yes,punk,47,1969,2015,0.0,0.001836521168097118,0.001836521168097118,-8.766751267932178e-05,0.0025034351866738743,0.001428817939369251
yes,rap,32,1984,2015,0.005585911516000987,0.011985864221378486,0.006399952705377498,-0.00026625901039885867,0.010831072161013575,0.00881867766038443
yes,reggae,42,1969,2015,0.0005953177502210357,0.007451647661225054,0.006856329911004018,9.777011182854457e-05,0.01214192755981931,0.012795675559785603
yes,rock,61,1955,2015,0.0333443885663083,0.00694439608663662,-0.02639999247967168,-0.00020661497826985614,0.008599633488684621,0.006694523473163485
yes,samba,42,1963,2015,0.010067366798006305,0.004030849879877919,-0.006036516918128385,5.845010454265921e-05,0.008473865919775761,0.008377263270643014
yes,shoegaze,35,1981,2015,0.00893599978632806,0.0012736623005020935,-0.007662337485825966,-0.00033889956490082537,0.004470160252648261,0.0026836907506600665
yes,singer-songwriter,56,1960,2015,0.05682336323535551,0.004910902263685413,-0.05191246097167009,-0.0004001812246440293,0.012285039960381713,0.008346045610510118
yes,soft rock,49,1967,2015,0.011308316308751206,0.0011753941317187173,-0.010132922177032488,-0.000275710167542879,0.013149201852481654,0.0119099478730228
yes,soul,61,1955,2015,0.026925459471865577,0.007773642708144731,-0.019151816763720846,-0.0002962839867827612,0.015432722082250135,0.013391779468276136
yes,soundtrack,44,1965,2015,0.019264859571152853,0.0033191419125666224,-0.015945717658586232,-0.00020842487279295818,0.007161072216742617,0.005083800325070582
yes,synthpop,41,1975,2015,0.0,0.0023044471502092893,0.0023044471502092893,9.370913260940719e-05,0.0021358301543225005,0.0016253343722309453
yes,thrash metal,37,1979,2015,0.0,0.001180772855655832,0.001180772855655832,-9.794945905775937e-05,0.0023222292706465792,0.001251619226995182
woman,alternative rock,37,1979,2015,0.0013811576978073668,0.002165604698585576,0.0007844470007782091,-5.831855122566344e-05,0.0026215341626385728,0.002022377792169827
woman,ambient,43,1971,2015,0.0,0.0011469431665681257,0.0011469431665681257,2.604542311620347e-05,0.0006518545872132474,0.00045794205623051593
woman,black metal,36,1980,2015,0.0057908853262050395,0.0002404058680524095,-0.00555047945815263,-0.0005048295121572171,0.006000191658669903,0.0023949926648531373
woman,blues,61,1955,2015,0.031556634054399645,0.007241915384677232,-0.024314718669722412,-0.00022695733682823782,0.022981431252073078,0.019811260954604126
woman,bossa nova,54,1960,2015,0.022876997865895785,0.0018006369495952388,-0.021076360916300545,-7.974544363619064e-05,0.012693274036691371,0.01214772835756669
woman,brazilian rock,34,1982,2015,0.0,0.0,0.0,-8.467587690893836e-05,0.00753549723765465,0.0055075954608894
woman,classic rock,61,1955,2015,0.03899366611235706,0.003710856294146515,-0.03528280981821054,-0.0002841369023864336,0.013723413448050942,0.011567391362331276
woman,country,53,1955,2015,0.003357283704810252,0.006565196253304131,0.003207912548493879,-0.0001167085458784139,0.014842085826517963,0.014623948463288692
woman,death metal,33,1983,2015,0.0,0.0012857196251807896,0.0012857196251807896,-1.8333599547215953e-05,0.0013583875390639501,0.0012857196251807896
woman,disco,46,1970,2015,0.0,0.0012950892100676771,0.0012950892100676771,0.0002177756549946287,0.01212438963312874,0.011306588522244025
woman,doom metal,33,1983,2015,0.004239580205340872,0.0014572042828767933,-0.0027823759224640783,-4.1457173380503056e-05,0.0018154372030193754,0.001744997404734786
woman,dream pop,34,1982,2015,0.0,0.0013713291049247136,0.0013713291049247136,4.615779495024142e-05,0.001042561136680999,0.0012513735442247818
woman,easy listening,47,1959,2015,0.0029195732532101564,0.0,-0.0029195732532101564,-0.00013677857319008854,0.00744240453884271,0.0031888134247883932
woman,electronic,45,1971,2015,0.0,0.0021006603591559006,0.0021006603591559006,-1.261004486532634e-05,0.0028649777128895173,0.0016929649702907218
woman,experimental,52,1964,2015,0.0,0.00276320994085665,0.00276320994085665,-0.00016445172188336708,0.006320259758518172,0.0027303220971993496
woman,folk,57,1959,2015,0.01812620837582187,0.002731618088143617,-0.015394590287678254,-8.30934280557952e-05,0.007985443213482478,0.006952409703149764
woman,funk,51,1965,2015,0.01793509477425618,0.004670046905305269,-0.01326504786895091,-1.4275246011584347e-05,0.01051209520017033,0.010440106471417547
woman,glam rock,39,1967,2015,0.007416560636856872,0.013072423840768801,0.0056558632039119296,0.00012881104596075443,0.009633829667247554,0.007302838369336329
woman,gothic rock,34,1977,2015,0.0,0.002547755716676551,0.002547755716676551,2.9552301208615952e-05,0.00132618267110522,0.0017685927676390463
woman,grunge,32,1984,2015,0.0,0.0017776990664886074,0.0017776990664886074,-4.413650889051837e-05,0.0019481034568983738,0.0018133532405563287
woman,hard rock,51,1965,2015,0.07088258021068229,0.004138128072336322,-0.06674445213834597,-0.0005916007671690163,0.01103428776166482,0.005165453574806791
woman,hardcore,39,1977,2015,0.0,0.0010714160508592725,0.0010714160508592725,6.210045200141056e-05,0.0012966912002982814,0.0007706440397453418
woman,hardcore punk,32,1976,2015,0.005788489690959825,0.0019555975540345998,-0.003832892136925225,-3.861318836830613e-05,0.00103636421896688,0.0
woman,indie rock,33,1983,2015,0.0077270235242781204,0.0018259959405018918,-0.005901027583776228,-4.45755693730758e-05,0.002363079589577376,0.002165801862647386
woman,industrial,35,1981,2015,0.0,0.0,0.0,-4.843181757632162e-05,0.0019478548810366214,0.0016159975843202496
woman,jazz,61,1955,2015,0.0014142896077862066,0.002709201727822233,0.0012949121200360265,-1.3612732168007623e-05,0.005771105034320727,0.003807578722023537
woman,latin,40,1965,2015,0.019432561316787826,0.009044933434543009,-0.010387627882244817,-0.0002705079044872955,0.011797441740421077,0.009768278920876526
woman,metal,48,1968,2015,0.014981341251193889,0.002523997869332965,-0.012457343381860924,-0.0002594879604950019,0.006120605672546863,0.003777843220464255
woman,mpb,53,1963,2015,0.00526364114594137,0.008920508247923006,0.0036568671019816352,-9.308854765012922e-06,0.01052518844071508,0.00966914491832719
woman,new wave,43,1973,2015,0.004141671782520859,0.0010645648711894173,-0.003077106911331442,-1.7793031157021584e-05,0.0029571662411147044,0.002219566372249814
woman,pop,57,1959,2015,0.0,0.0037614299140351156,0.0037614299140351156,-8.428129548378653e-05,0.006424278200673933,0.00597582417456775
woman,pop rock,32,1982,2015,0.0,0.0011557791924751088,0.0011557791924751088,-0.000831892600247846,0.008563238110041286,0.00355747975222189
woman,post-hardcore,35,1981,2015,0.002059631235881838,0.0002655111873848388,-0.0017941200484969993,-1.646507146143948e-05,0.0016545822321602452,0.0009600864954244087
woman,post-punk,43,1973,2015,0.0,0.00032250468987043697,0.00032250468987043697,-0.000101911516694188,0.004018183734597087,0.0029061804304338456
woman,power metal,34,1981,2015,0.004376773139230066,0.002201309184445643,-0.0021754639547844233,-1.595032913408906e-05,0.0015833919005956776,0.0014034416718341543
woman,progressive metal,32,1984,2015,0.002379242952122957,0.001087614125200863,-0.0012916288269220941,-0.0004177610859138601,0.004697075814123944,0.002188569874186288
woman,progressive rock,53,1963,2015,0.0017445071679747682,0.0025505006259574576,0.0008059934579826894,-0.00013746177895061564,0.005449391636405509,0.0024769748443242007
woman,psychedelic rock,48,1963,2015,0.008891720682821276,0.006584586989380086,-0.00230713369344119,-9.675259492751022e-05,0.005842144433836162,0.004687058803121512
woman,punk,47,1969,2015,0.0,0.0011593855447299879,0.0011593855447299879,-8.886160292831589e-06,0.0028909597589252185,0.0023653304201782023
woman,rap,32,1984,2015,0.008965279273963313,0.0058600027485490045,-0.003105276525414309,-0.00017122198677776686,0.008323936136726912,0.0076872881321065
woman,reggae,42,1969,2015,0.0070571409444476286,0.007556190387170269,0.0004990494427226403,-0.0003209439230932195,0.01315248507277668,0.010444486518813429
woman,rock,61,1955,2015,0.006807931303806468,0.00462790928953166,-0.002180022014274808,-0.00019386196705612445,0.0066700392831568625,0.0038811287768925136
woman,samba,42,1963,2015,0.00151485845351092,0.020034258412756453,0.018519399959245533,0.00020134966734278457,0.017200579499482088,0.01497054471938944
woman,shoegaze,35,1981,2015,0.0,0.0026327688036725584,0.0026327688036725584,4.5625242783753494e-05,0.001243779170018113,0.0004261560068282739
woman,singer-songwriter,56,1960,2015,0.018597053462494066,0.0052570904500361445,-0.013339963012457922,-0.00027428304368979007,0.011232097049464694,0.010493618308583617
woman,soft rock,49,1967,2015,0.03297498253423429,0.030310525978494738,-0.0026644565557395507,-0.0002739285886579558,0.010348155062781788,0.00557317399162875
woman,soul,61,1955,2015,0.050275857414743476,0.005845098069629267,-0.04443075934511421,-0.0003375718945875866,0.01320689119472819,0.010379750091617184
woman,soundtrack,44,1965,2015,0.006767720405561786,0.0012249606860904266,-0.00554275971947136,-0.00011605873545004476,0.00295415673436365,0.0019222631513984645
woman,synthpop,41,1975,2015,0.0,0.0023955751936330445,0.0023955751936330445,-2.2556113569924683e-05,0.0023712134850103605,0.0015934753151588491
woman,thrash metal,37,1979,2015,0.0,0.0015826523033299971,0.0015826523033299971,-2.7575296905489153e-05,0.001313213404650058,0.001019589085553061
life,alternative rock,37,1979,2015,0.00270154721207612,0.01794443241306617,0.015242885200990052,0.0004536399968041038,0.016591000804768788,0.018997182489797777
life,ambient,43,1971,2015,0.001939641615186085,0.005132500476967941,0.0031928588617818558,-0.00017288203889720166,0.008862238348053353,0.005609867114736328
life,black metal,36,1980,2015,0.014212545577817842,0.02379839242348731,0.009585846845669467,0.00043315368952443704,0.022044189802185442,0.023305774209618654
life,blues,61,1955,2015,0.010321849810582845,0.012791728918665826,0.0024698791080829813,4.3245018154104044e-05,0.014492604978703005,0.014207217588250921
life,bossa nova,54,1960,2015,0.01276433211117054,0.025927021735191715,0.013162689624021175,0.00024954344770230597,0.03287104099174819,0.03369147695874638
life,brazilian rock,34,1982,2015,0.009373874748271121,0.017549172994591813,0.008175298246320692,-4.405022845591399e-05,0.028015778721179607,0.027880605006227424
life,classic rock,61,1955,2015,0.0,0.028681881947848424,0.028681881947848424,0.0002983761592444353,0.016847039194003058,0.017671838801252813
life,country,53,1955,2015,0.021637527668508155,0.016835104980351005,-0.00480242268815715,3.064506707160573e-05,0.020889180009098028,0.019769788428856714
life,death metal,33,1983,2015,0.0696859808202667,0.0379100527947385,-0.0317759280255282,-0.001026532235818827,0.05019266195180782,0.04605734332816008
life,disco,46,1970,2015,0.013131767363685026,0.020817856565377497,0.007686089201692472,1.03143004213878e-05,0.020317263926608927,0.02016777034454749
life,doom metal,33,1983,2015,0.03132052910637014,0.02458037550840997,-0.006740153597960173,0.00010239906540874281,0.031792504768656436,0.033104564592742074
life,dream pop,34,1982,2015,0.0,0.017485457908698217,0.017485457908698217,0.0002543008372479531,0.011960578876251833,0.012987696536141728
life,easy listening,47,1959,2015,0.01231116949129121,0.012445392538763943,0.00013422304747273336,3.870761816131781e-05,0.019260988763262786,0.01672389296849765
life,electronic,45,1971,2015,0.0,0.012646682011940696,0.012646682011940696,6.174109216036613e-05,0.014529381375121648,0.01267788339314907
life,experimental,52,1964,2015,0.010764294937348906,0.01430557700484595,0.003541282067497044,-6.170264809170213e-05,0.011432008727748244,0.011415292934219664
life,folk,57,1959,2015,0.01601683023793552,0.02023593050986602,0.004219100271930499,0.0002456516785170279,0.01575526327645614,0.01682372534923314
life,funk,51,1965,2015,0.015799448094863455,0.010455541768357777,-0.005343906326505677,-6.053019206622773e-05,0.017308469907611417,0.018534459572809258
life,glam rock,39,1967,2015,0.018763429444484593,0.023849241631272698,0.005085812186788104,0.00012533446878185928,0.023809685889599773,0.021933707312541323
life,gothic rock,34,1977,2015,0.013031079680055275,0.033033099003619525,0.020002019323564248,0.0003622213114223668,0.020298978462529912,0.02070594621536862
life,grunge,32,1984,2015,0.00473392586893073,0.01489014758921313,0.0101562217202824,0.00014470198232346146,0.01606840881233215,0.014678983218619712
life,hard rock,51,1965,2015,0.011287614492856026,0.024292901861033285,0.013005287368177259,0.00028376288584296095,0.023380271266483024,0.02147502492893113
life,hardcore,39,1977,2015,0.019394543343592037,0.02867774334180557,0.009283199998213532,0.00048418843621677877,0.028548474594335353,0.029338211420668506
life,hardcore punk,32,1976,2015,0.007447570484267041,0.025505313360288343,0.018057742876021302,0.000125980184651284,0.026872714364559076,0.0256150694090189
life,indie rock,33,1983,2015,0.00267050546140499,0.0201176892867296,0.01744718382532461,0.00034187396449200587,0.014145317564000226,0.015492590861312763
life,industrial,35,1981,2015,0.02650735442448853,0.02147583142677909,-0.005031522997709443,-0.00020586752709482922,0.0163000601599901,0.014271420108539105
life,jazz,61,1955,2015,0.008179507822937165,0.015959859237623643,0.0077803514146864775,0.00011890801807559174,0.012880806241955062,0.012765380997181216
life,latin,40,1965,2015,0.017001022239756573,0.02396124170801138,0.006960219468254807,0.0004310269964248368,0.03142216536473451,0.03303698150986137
life,metal,48,1968,2015,0.039424117267628886,0.026734549470102332,-0.012689567797526554,-0.0003548253281846099,0.03599628536640503,0.03379644975219318
life,mpb,53,1963,2015,0.0506580072894527,0.025496656235303835,-0.025161351054148868,-5.2476119853499e-05,0.03041637336718371,0.029678935997660843
life,new wave,43,1973,2015,0.004137085504714989,0.022503868072657477,0.01836678256794249,-8.516753510473314e-05,0.018681601292113964,0.01792303109079967
life,pop,57,1959,2015,0.0071008957065987095,0.016397168165493015,0.009296272458894306,-0.00010227429498401366,0.02463526348875269,0.024223042736190702
life,pop rock,32,1982,2015,0.019131183876588236,0.02031006405102869,0.0011788801744404553,0.00022284687519297217,0.01770173131751605,0.01943227247823085
life,post-hardcore,35,1981,2015,0.018850517679076632,0.023961543358221104,0.0051110256791444715,0.0004107311485552399,0.019123208180694892,0.019382822620008507
life,post-punk,43,1973,2015,0.01849094936101452,0.022014283076169157,0.003523333715154637,6.181188000440304e-05,0.017598174292978847,0.01843560693814809
life,power metal,34,1981,2015,0.02583223742033017,0.03587552885208807,0.0100432914317579,0.0004931215452147835,0.035632830058789706,0.03610022427019662
life,progressive metal,32,1984,2015,0.022382587087801404,0.030046307389037283,0.007663720301235879,0.00027078972295634465,0.031647466885811895,0.03208882554678312
life,progressive rock,53,1963,2015,0.021507397866007673,0.022959518632040606,0.0014521207660329327,-5.8873544746328704e-05,0.01983555914849394,0.019621029711751305
life,psychedelic rock,48,1963,2015,0.006178271155705336,0.017327730783561555,0.011149459627856219,0.00015694248296986086,0.013786773939277325,0.013921912227291687
life,punk,47,1969,2015,0.00861537842022951,0.019319075746869797,0.010703697326640286,0.00017819256295940262,0.021238685387013543,0.0199333101544452
life,rap,32,1984,2015,0.007676056224820087,0.025061784728912163,0.017385728504092077,0.0004268187666433677,0.01929060518435341,0.01904447654567537
life,reggae,42,1969,2015,0.017012462675671903,0.02285925651594297,0.0058467938402710674,0.00013500453767034015,0.018626463727628627,0.019128347464903064
life,rock,61,1955,2015,0.008230339165284218,0.020580761654122842,0.012350422488838624,0.00019541418709215246,0.018259097667044522,0.018589427858879102
life,samba,42,1963,2015,0.011247179114038086,0.024758904881045176,0.01351172576700709,8.872813062337996e-05,0.025113600834443976,0.024219113029874666
life,shoegaze,35,1981,2015,0.008644218116314377,0.015040793831090176,0.006396575714775799,-0.00011708838530991834,0.012614373003161757,0.010866002759637967
life,singer-songwriter,56,1960,2015,0.004013267817815964,0.01756551107736821,0.013552243259552246,8.427768244907466e-05,0.018057558693191627,0.01678490972214806
life,soft rock,49,1967,2015,0.01765347551535348,0.02123304484326374,0.003579569327910259,6.973017443592031e-05,0.02137151904272787,0.02123304484326374
life,soul,61,1955,2015,0.00215419446640448,0.016121472521197753,0.013967278054793274,0.00012084914510986463,0.022623238987074367,0.02205507503160671
life,soundtrack,44,1965,2015,0.0017685166189615143,0.00874569722819295,0.0069771806092314365,-0.0001307238162410447,0.01330426888476126,0.01142736042143051
life,synthpop,41,1975,2015,0.0,0.014720486691136278,0.014720486691136278,-0.00015636863423502514,0.020507643500595082,0.019687029580409875
life,thrash metal,37,1979,2015,0.06983167959773634,0.04103405827236742,-0.02879762132536892,-0.0005979076373209239,0.04441009167364955,0.04157841524462578
let,alternative rock,37,1979,2015,0.01273936551052765,0.02965686379171952,0.016917498281191868,0.0006705751877955831,0.024130635375899004,0.024442117164605367
let,ambient,43,1971,2015,0.008043639893190634,0.011422685185366778,0.0033790452921761433,0.00010557508783104026,0.0053558298504800175,0.0057610662471043
let,black metal,36,1980,2015,0.009871780794005126,0.012242344054845101,0.0023705632608399755,0.00011484297856476262,0.010804893669368001,0.011988101843507624
let,blues,61,1955,2015,0.014489020300748074,0.029594938213329442,0.015105917912581368,0.00017833702758134022,0.018402313275064218,0.016514645870529282
let,bossa nova,54,1960,2015,0.00642858413901704,0.011142740902643257,0.004714156763626217,8.539627618117104e-05,0.018396764181099375,0.01580738532279253
let,brazilian rock,34,1982,2015,0.020279152029173683,0.02398965967120887,0.003710507642035187,0.0003097624149876304,0.026892858286046734,0.026467001418546653
let,classic rock,61,1955,2015,0.03582027401691811,0.03199946793347484,-0.003820806083443269,1.4271033494937856e-05,0.02309570248428711,0.021031411439036887
let,country,53,1955,2015,0.006188787414646013,0.02798309446855601,0.021794307053909997,0.00010358496724594839,0.024437025494746873,0.02538043205653846
let,death metal,33,1983,2015,0.0,0.017509277403988957,0.017509277403988957,0.0004758076940025989,0.011249513394593357,0.011064769307362545
let,disco,46,1970,2015,0.015725701676776664,0.037097054705061916,0.021371353028285252,0.00033350566069426286,0.029085759817367236,0.028688552344911602
let,doom metal,33,1983,2015,0.025503813554570202,0.015976844379230984,-0.009526969175339219,-2.1065869992121495e-05,0.017587599511359655,0.017133015146208286
let,dream pop,34,1982,2015,0.017354502253970155,0.025265715580108948,0.007911213326138793,4.090898258139474e-06,0.017830402819041958,0.018732866696604393
let,easy listening,47,1959,2015,0.030636259717706785,0.0383598567483979,0.0077235970306911116,-0.0001233803326105427,0.026426365851184127,0.02279578625242334
let,electronic,45,1971,2015,0.01354530299365718,0.02585709962482009,0.01231179663116291,8.318784788871506e-05,0.022908199182697295,0.019510588807523713
let,experimental,52,1964,2015,0.020090089795763162,0.023499231116630936,0.0034091413208677743,-0.00018699644436864253,0.021877011502052297,0.018256235146204784
let,folk,57,1959,2015,0.009778334181292425,0.029396125942477914,0.01961779176118549,0.0002799535426607787,0.016000514299778727,0.01620521620827942
let,funk,51,1965,2015,0.02052159081431843,0.026782698100315906,0.006261107285997474,-1.8484935271302077e-05,0.026890543479169547,0.02640931679374913
let,glam rock,39,1967,2015,0.015822043063574476,0.018332036153895878,0.0025099930903214017,9.612815039880235e-05,0.030679886398507376,0.02831868940183102
let,gothic rock,34,1977,2015,0.0012883671141379225,0.03864185507625715,0.03735348796211923,0.0007394846782020997,0.02299742608562459,0.023275773850786184
let,grunge,32,1984,2015,0.033624213241187674,0.021842722682676632,-0.011781490558511042,9.066940294366201e-05,0.02262472682519737,0.022592132818422227
let,hard rock,51,1965,2015,0.005798071023496951,0.028268720321068974,0.022470649297572025,0.0003652645901056569,0.025140603286974286,0.024683455117527967
let,hardcore,39,1977,2015,0.041365294414019926,0.033428715038462405,-0.007936579375557522,0.000326826163206816,0.029148027994225008,0.03051147097277203
let,hardcore punk,32,1976,2015,0.020234196508961237,0.023102932123197976,0.0028687356142367386,0.00022383673425370137,0.019962008994525115,0.019706114496905396
let,indie rock,33,1983,2015,0.028339383189192324,0.027093317644975124,-0.0012460655442172001,5.963773764280652e-05,0.023673481223668427,0.024438158400400763
let,industrial,35,1981,2015,0.006022181708251547,0.017259450680197866,0.011237268971946318,0.000490272617129269,0.017211091873107643,0.017352411140135644
let,jazz,61,1955,2015,0.012538217759506955,0.019117413834714023,0.006579196075207069,0.00021387132765159943,0.015213413313206343,0.015195335104383804
let,latin,40,1965,2015,0.0075916807563944045,0.036554066665021534,0.02896238590862713,0.0004909426293854312,0.022438092549472186,0.02268239799679983
let,metal,48,1968,2015,0.02249894192345194,0.02832187458502948,0.005822932661577539,0.00015883985473477333,0.02348398302175339,0.022591426196885245
let,mpb,53,1963,2015,0.003500171864337305,0.025030231587564157,0.02153005972322685,0.0004694325750403429,0.015437490270152295,0.016312765331429717
let,new wave,43,1973,2015,0.023324872711018685,0.022629894312609512,-0.0006949783984091726,0.00025473449883131626,0.019042635765065975,0.019618189389791447
let,pop,57,1959,2015,0.028218646754773966,0.034864177865365296,0.006645531110591331,0.00038887155981744,0.026348866356307146,0.027268300689733387
let,pop rock,32,1982,2015,0.025670333052440698,0.03640866874383077,0.010738335691390075,0.0006918291486608044,0.025662108458837728,0.021288228602844263
let,post-hardcore,35,1981,2015,0.010180775387312182,0.03428955804801309,0.02410878266070091,0.0009670820220410889,0.028247882378713417,0.03376656531169125
let,post-punk,43,1973,2015,0.007547967578804018,0.016934252325247104,0.009386284746443086,0.00017190806104270924,0.018250526969195636,0.016907024139951102
let,power metal,34,1981,2015,0.007768547372659563,0.02869062896738512,0.020922081594725556,0.0003646002669294292,0.01888160802578648,0.02003110781351467
let,progressive metal,32,1984,2015,0.00640251919848011,0.0302978676812751,0.023895348482794992,0.0006944182440802218,0.02073614659711924,0.021214306348959933
let,progressive rock,53,1963,2015,0.014055505756899248,0.030953756066788934,0.016898250309889687,0.0003057940590268809,0.017754200079089007,0.017605967733530754
let,psychedelic rock,48,1963,2015,0.01608146391694125,0.021308644905013396,0.005227180988072146,0.00010073304223239636,0.01442826548513116,0.015589909363949904
let,punk,47,1969,2015,0.0019879731987815334,0.026656577269579162,0.02466860407079763,0.0005269303700733786,0.018107050451235465,0.016523133242634512
let,rap,32,1984,2015,0.027334048469578386,0.023866972297571874,-0.0034670761720065127,2.271787231330881e-06,0.033088155773642505,0.03309376832125106
let,reggae,42,1969,2015,0.0151015047490189,0.02582768112845342,0.010726176379434519,0.0003796040528320462,0.02369227017991297,0.025435630428685393
let,rock,61,1955,2015,0.0245201088326919,0.029601186920271874,0.005081078087579974,0.00010201321129111996,0.021882620746185567,0.020197537575980706
let,samba,42,1963,2015,0.017983661368825545,0.015255445564138636,-0.0027282158046869082,9.791269687548324e-05,0.01910391818793756,0.020058236275239394
let,shoegaze,35,1981,2015,0.0,0.018093315968129176,0.018093315968129176,0.0002229810018036008,0.013362387734208314,0.014578999774129256
let,singer-songwriter,56,1960,2015,0.005985673162647675,0.028661674424636924,0.02267600126198925,9.658336284125352e-05,0.02493309703595439,0.0237236687894593
let,soft rock,49,1967,2015,0.014198862421612123,0.013757165542661879,-0.0004416968789502443,0.00013097153355145876,0.021634395559439825,0.021688122902950174
let,soul,61,1955,2015,0.04262922072871891,0.035132434794974146,-0.007496785933744761,6.985162004556584e-05,0.03558515716216009,0.03517711072875011
let,soundtrack,44,1965,2015,0.016851984806342347,0.011421677032177958,-0.005430307774164389,0.0001273249442723432,0.013889583018872676,0.014838370013750733
let,synthpop,41,1975,2015,0.031748189838495366,0.02638893516711705,-0.005359254671378315,0.00019497536817836362,0.019472107314085708,0.019708583833305742
let,thrash metal,37,1979,2015,0.008751409725785754,0.010839684175296845,0.002088274449511091,-0.00027812224744757936,0.013676664323790801,0.012286061761339409
light,alternative rock,37,1979,2015,0.02413237613759232,0.017648516315471964,-0.006483859822120356,0.00024915795918168315,0.013520544625520289,0.012570461037740026
light,ambient,43,1971,2015,0.0031559173514169,0.016037248763560448,0.012881331412143548,0.0001314205307635942,0.0059386607534466914,0.004686036800522667
light,black metal,36,1980,2015,0.02460656625627548,0.02903551478354892,0.004428948527273439,0.00017357963011836944,0.026224925975019246,0.027143902734750862
light,blues,61,1955,2015,0.006268013775178861,0.015344853711201225,0.009076839936022364,8.825333094371194e-05,0.007970217324393404,0.007205440359284055
light,bossa nova,54,1960,2015,0.014971445303284151,0.017339439982249356,0.0023679946789652052,0.0002208188498371374,0.015108900424223075,0.014052500646927752
light,brazilian rock,34,1982,2015,0.0063668352121840875,0.02495711331050024,0.018590278098316152,0.0002810761740599875,0.010190520026060468,0.009843278916829793
light,classic rock,61,1955,2015,0.0012011606404625423,0.014148704852333513,0.01294754421187097,0.00011315503151675411,0.009874130862695583,0.01100256708614268
light,country,53,1955,2015,0.0023289129683383217,0.023355393928061147,0.021026480959722826,0.0001785421600571222,0.011787735124695728,0.012694151100455605
light,death metal,33,1983,2015,0.006634743375819099,0.023122751509248498,0.016488008133429398,0.00032443218394135476,0.01602735852294637,0.01588315259631278
light,disco,46,1970,2015,0.0,0.016942394015465764,0.016942394015465764,8.93087313792575e-05,0.010092782757170005,0.011195082539552238
light,doom metal,33,1983,2015,0.020644623908774758,0.03073460881759805,0.01008998490882329,1.9133301251249147e-05,0.02740437840520823,0.026521325903427668
light,dream pop,34,1982,2015,0.008084512719794861,0.016339769193078092,0.008255256473283231,0.0003928785927390283,0.015937539865017183,0.01573449125115662
light,easy listening,47,1959,2015,0.002923719868121008,0.024592934349399534,0.021669214481278527,0.0002029363360787045,0.013324123390437502,0.011030696545826817
light,electronic,45,1971,2015,0.0,0.013401238993532462,0.013401238993532462,0.00039449406231447363,0.007845546933248952,0.008141344396047129
light,experimental,52,1964,2015,0.006358290991691908,0.0131251616815321,0.006766870689840191,0.00014647554098361427,0.00953877859373592,0.010203047362223133
light,folk,57,1959,2015,0.01183578843002589,0.020589878442232985,0.008754090012207096,-1.2182265346937769e-06,0.019057602848074614,0.018870394528712066
light,funk,51,1965,2015,0.006526776372964525,0.009866418928997252,0.003339642556032727,-2.2896883848465288e-05,0.009744951925578315,0.009494768841940563
light,glam rock,39,1967,2015,0.0010003746900752722,0.022745349776711485,0.021744975086636212,7.553216653008605e-05,0.010909019039019807,0.009115964133797777
light,gothic rock,34,1977,2015,0.0357269751361038,0.015827309808052647,-0.019899665328051156,-0.000240078189250227,0.026102234773516537,0.025173757581728483
light,grunge,32,1984,2015,0.00921889792668594,0.013714145677455998,0.004495247750770058,0.00047788122040009833,0.012832783048782189,0.01229570544054439
light,hard rock,51,1965,2015,0.006680881863657315,0.01868707412141646,0.012006192257759146,7.010109359604559e-05,0.013571867413096673,0.014196962725692073
light,hardcore,39,1977,2015,0.0,0.01803444489511668,0.01803444489511668,0.0002980180130701466,0.011998940347836514,0.011005990874554953
light,hardcore punk,32,1976,2015,0.004164746367912794,0.014554703575683746,0.010389957207770951,5.403186661943498e-05,0.005415795695047947,0.00431515758362179
light,indie rock,33,1983,2015,0.00765626007584507,0.016312819140228186,0.008656559064383116,0.00022813329358180033,0.013455971665743471,0.014043210813393756
light,industrial,35,1981,2015,0.005280742728631917,0.01773984706039457,0.012459104331762654,0.0002989191966224795,0.012436101217986622,0.01124732991992675
light,jazz,61,1955,2015,0.0028673238011891165,0.010005405986481154,0.007138082185292037,0.00015045703657135808,0.00802228875389914,0.0075537415880660074
light,latin,40,1965,2015,0.003226717398716305,0.014284462128374791,0.011057744729658486,0.00013783335706500866,0.011871085653954953,0.012592351669386303
light,metal,48,1968,2015,0.00921894613177909,0.021367409653804084,0.012148463522024994,0.00016384729100515092,0.013611503801357108,0.013360065989822595
light,mpb,53,1963,2015,0.010418655726596166,0.010531973032743527,0.00011331730614736087,2.190631322995749e-05,0.01608431288882835,0.015198914559828833
light,new wave,43,1973,2015,0.011043066015631669,0.01631695400815442,0.005273887992522751,0.00013031680046255944,0.012137194263595207,0.011346060402670657
light,pop,57,1959,2015,0.0034161263649103314,0.01449950641426566,0.01108338004935533,0.0001554505442298341,0.010999060167584255,0.01133036566669256
light,pop rock,32,1982,2015,0.0033250245990312953,0.018237888231813233,0.014912863632781936,0.0003944470630104067,0.011202821588628837,0.010728075046588188
light,post-hardcore,35,1981,2015,0.0,0.014925993303601632,0.014925993303601632,0.000649840304686121,0.010816459847028512,0.012755006774437715
light,post-punk,43,1973,2015,0.026447871293739784,0.014882003892062508,-0.011565867401677275,1.876404517527892e-05,0.010945914864008846,0.010434610708809479
light,power metal,34,1981,2015,0.020447913797924464,0.03395626607351289,0.013508352275588425,-0.00021502328268690728,0.027499388754876584,0.02831587951321297
light,progressive metal,32,1984,2015,0.013713987566144514,0.030266208073379958,0.016552220507235444,0.00010512128711437878,0.02852334004353728,0.028497532416584336
light,progressive rock,53,1963,2015,0.014239588862028012,0.02533303491892439,0.011093446056896376,0.00016019584014299908,0.01673397397267062,0.017485021652299523
light,psychedelic rock,48,1963,2015,0.012629927691893163,0.015431431705374471,0.002801504013481308,-7.406421353072041e-05,0.01300281877912493,0.012739131065593186
light,punk,47,1969,2015,0.008397013400647833,0.012962426441314269,0.004565413040666436,0.00018468342390651766,0.008519268753728222,0.0076134292635618595
light,rap,32,1984,2015,0.0031369398147046003,0.01168468259639562,0.00854774278169102,0.00043359762130566217,0.009418401281085346,0.00901808020462809
light,reggae,42,1969,2015,0.009460188834504116,0.013755154338474905,0.004294965503970788,0.0002430965396579656,0.008431951547865798,0.005960220344310427
light,rock,61,1955,2015,0.0,0.014585852540433509,0.014585852540433509,0.00026823939074427003,0.009800062404507264,0.010204217247165043
light,samba,42,1963,2015,0.0,0.007961033651487377,0.007961033651487377,0.00013642160771587864,0.011157705347922417,0.010454999784315747
light,shoegaze,35,1981,2015,0.0029192223511220676,0.018838095069850416,0.015918872718728348,0.00034846629936854197,0.01255288590043024,0.014179736806166517
light,singer-songwriter,56,1960,2015,0.020117992047232226,0.01706167585764345,-0.003056316189588775,7.56893433415968e-05,0.01809789159140843,0.01782392275120273
light,soft rock,49,1967,2015,0.009708492530012366,0.015724609356388055,0.0060161168263756885,5.247265510137188e-05,0.013197935917477964,0.013520550488479392
light,soul,61,1955,2015,0.017928465840455446,0.011134477777381725,-0.006793988063073721,1.6352820633399805e-05,0.0076365551627093345,0.00701968391367792
light,soundtrack,44,1965,2015,0.0,0.006969453787760523,0.006969453787760523,3.3164974321004203e-05,0.007438152054977071,0.007893172421149428
light,synthpop,41,1975,2015,0.010986093654177034,0.01622321527499607,0.005237121620819036,0.00041473792263136197,0.015588873921137173,0.01225843986909537
light,thrash metal,37,1979,2015,0.027330347424112434,0.019934352591738654,-0.0073959948323737805,5.5462404016371064e-05,0.012325478709242079,0.011274025881951465
breath,alternative rock,37,1979,2015,0.0005650740818947366,0.00901465459413076,0.008449580512236024,0.0003347416122384447,0.008843315096039917,0.00998351732450419
breath,ambient,43,1971,2015,0.0,0.004516429970503166,0.004516429970503166,7.419218669203474e-05,0.0019238988799653858,0.0019370881032569564
breath,black metal,36,1980,2015,0.008965965060664691,0.01587497333951472,0.006909008278850028,-4.4467718201524585e-05,0.01057589245222834,0.009905677013203829
breath,blues,61,1955,2015,0.0,0.0013230887130128287,0.0013230887130128287,7.969939286751456e-05,0.0019209010286381114,0.0013230887130128287
breath,bossa nova,54,1960,2015,0.0,0.0,0.0,-4.4925554069596504e-06,0.0007035379947026728,0.0
breath,brazilian rock,34,1982,2015,0.0,0.004127487322383064,0.004127487322383064,4.910531625770444e-05,0.0025553184028243195,0.002262200461024804
breath,classic rock,61,1955,2015,0.0,0.003358128719501314,0.003358128719501314,2.5821779934310968e-05,0.002003202697214425,0.0016896502510162818
breath,country,53,1955,2015,0.0014728926989200912,0.006115766070397486,0.004642873371477395,0.00016038153829685685,0.003958113203003618,0.0021165272708353524
breath,death metal,33,1983,2015,0.0,0.012439335734255482,0.012439335734255482,0.0002285041568596803,0.011558002696225927,0.012009841975100126
breath,disco,46,1970,2015,0.0,0.012025863248383568,0.012025863248383568,8.720267282141673e-05,0.002353457868276485,0.0023298903087134145
breath,doom metal,33,1983,2015,0.005638143032800405,0.015890146715714624,0.010252003682914219,0.0002165658102918319,0.014511899773211717,0.015444627631337788
breath,dream pop,34,1982,2015,0.0072223829159467215,0.008103745346334429,0.0008813624303877074,0.0002431175270892243,0.006864145234962571,0.007367984329139054
breath,easy listening,47,1959,2015,0.0,0.004883795795057389,0.004883795795057389,8.406410019202231e-05,0.003892273931586519,0.002526469383192434
breath,electronic,45,1971,2015,0.0,0.00879323084317305,0.00879323084317305,7.160089197603818e-05,0.005601373261584703,0.005239773453600691
breath,experimental,52,1964,2015,0.0,0.005544978396996429,0.005544978396996429,8.719028171010914e-05,0.006105100909906398,0.006351391444616489
breath,folk,57,1959,2015,0.0,0.0094353587899547,0.0094353587899547,0.00017363954170430032,0.005969136794257616,0.0060961526268323496
breath,funk,51,1965,2015,0.0,0.0022741009200424015,0.0022741009200424015,-2.597985235976273e-07,0.0020047020583241052,0.001431148256505458
breath,glam rock,39,1967,2015,0.0,0.0023599178377282093,0.0023599178377282093,9.569752913514265e-05,0.004955531380591716,0.0027544255411935392
breath,gothic rock,34,1977,2015,0.0034509828341514224,0.010509735587352501,0.0070587527532010785,0.00027419480246057445,0.012447549221742023,0.01117913444806717
breath,grunge,32,1984,2015,0.0043600220716138,0.013932168158001154,0.009572146086387354,0.0005564085275132988,0.01113204720594843,0.008097569411191876
breath,hard rock,51,1965,2015,0.003497415934187527,0.011300726919394722,0.007803310985207195,0.00027642337114719683,0.00656352675274388,0.004211101234607465
breath,hardcore,39,1977,2015,0.0,0.017326446812338168,0.017326446812338168,0.0004611871838730556,0.010229075438700925,0.007987000436459593
breath,hardcore punk,32,1976,2015,0.008972650843482895,0.011825889029031245,0.0028532381855483503,0.00016492480420200368,0.00795874793190219,0.007762170007031551
breath,indie rock,33,1983,2015,0.0,0.008531528935193251,0.008531528935193251,0.0002483386058896112,0.005573927867948519,0.006056077073400232
breath,industrial,35,1981,2015,0.005350393925733152,0.011505698099483569,0.006155304173750417,-3.129999911696316e-05,0.009095045085887956,0.0074581923735782905
breath,jazz,61,1955,2015,0.00032627010817299387,0.004646061311028566,0.004319791202855572,6.811164357612092e-05,0.001777404779818287,0.001331155058690629
breath,latin,40,1965,2015,0.0,0.004538286439623239,0.004538286439623239,0.00023744706965544187,0.00797623199276163,0.008542947094210891
breath,metal,48,1968,2015,0.0,0.016834967003085035,0.016834967003085035,0.0002084159109409793,0.007822615844923544,0.007401524896439268
breath,mpb,53,1963,2015,0.0,0.00578401466755371,0.00578401466755371,9.453758168375572e-05,0.0023408105781217233,0.002128165370269359
breath,new wave,43,1973,2015,0.0,0.005241179093377182,0.005241179093377182,7.37390711102499e-05,0.005817569369796293,0.005017334076993743
breath,pop,57,1959,2015,0.0,0.008609436986928079,0.008609436986928079,0.00017030184767205381,0.0060511772766945115,0.004797051394950225
breath,pop rock,32,1982,2015,0.0014024818549805476,0.012241501429446555,0.010839019574466008,0.00033253229993513117,0.009690569726752581,0.00910143245456819
breath,post-hardcore,35,1981,2015,0.0021785100254592144,0.019274156249273252,0.017095646223814036,0.0005518923433880879,0.015815944950462145,0.018346797253947795
breath,post-punk,43,1973,2015,0.0030197881605813,0.010558434679505327,0.007538646518924027,0.00020237177774155873,0.01015725726337231,0.010499059382862897
breath,power metal,34,1981,2015,0.005650739945936109,0.010113316464901337,0.004462576518965228,0.00021984688870076196,0.0060171150360072015,0.006918944289311344
breath,progressive metal,32,1984,2015,0.0,0.014497566853005465,0.014497566853005465,0.0003447918415134856,0.015275669573097776,0.015965726159354175
breath,progressive rock,53,1963,2015,0.003736806072236036,0.018224005294622116,0.014487199222386081,0.0002463370370996129,0.00629065303189159,0.003797511303901444
breath,psychedelic rock,48,1963,2015,0.0014526425799426116,0.0059874028574947325,0.004534760277552121,4.0849210344418513e-05,0.005384961243629198,0.004035223592748547
breath,punk,47,1969,2015,0.0,0.009299321978993996,0.009299321978993996,0.0002185651770364528,0.004706497888159288,0.0037717903760540283
breath,rap,32,1984,2015,0.009579342151165552,0.004786214593906255,-0.004793127557259296,-3.912486363591949e-05,0.004463913393850586,0.004264341082315708
breath,reggae,42,1969,2015,0.0010374633171218786,0.0028693325676842625,0.0018318692505623839,6.109765796776832e-05,0.0023910481192854017,0.002399138038122719
breath,rock,61,1955,2015,0.0,0.010468278298466612,0.010468278298466612,0.00018909052843450096,0.004392059156169872,0.0038273994746014337
breath,samba,42,1963,2015,0.004719652458074525,0.0036335949321147218,-0.0010860575259598031,8.12164238174438e-06,0.001393494836324866,0.0009303706867675114
breath,shoegaze,35,1981,2015,0.0,0.010723672487581054,0.010723672487581054,0.0002111577702278045,0.006903300546803139,0.007417510966282465
breath,singer-songwriter,56,1960,2015,0.0,0.009604110572066105,0.009604110572066105,0.00010520300291707907,0.006244012381514233,0.006712519958750055
breath,soft rock,49,1967,2015,0.0,0.005425379081032326,0.005425379081032326,0.00015834949403689634,0.0033963551711263694,0.002265200228318055
breath,soul,61,1955,2015,0.0,0.008061677368355006,0.008061677368355006,0.00017831049304405414,0.003676267605727192,0.002133441272521755
breath,soundtrack,44,1965,2015,0.0,0.004862944415076549,0.004862944415076549,5.39553810267554e-05,0.003194632386452624,0.0030299795614689142
breath,synthpop,41,1975,2015,0.0,0.00899060967962553,0.00899060967962553,0.00026745051047023327,0.0037134315820996407,0.0016897033303882657
breath,thrash metal,37,1979,2015,0.025879236002160327,0.010530818732963855,-0.015348417269196472,3.602994560304655e-05,0.01204025709761362,0.012921996595023482
insid,alternative rock,37,1979,2015,0.0008467043924363,0.011192747220692948,0.010346042828256647,0.0002720060901751202,0.012251245167931486,0.013621949898791588
insid,ambient,43,1971,2015,0.0,0.005630571007192605,0.005630571007192605,2.8809647592778473e-05,0.005208791665364826,0.004531741050758879
insid,black metal,36,1980,2015,0.0,0.0060280353235065125,0.0060280353235065125,0.0001444442884138237,0.005689255929305274,0.006418951132167066
insid,blues,61,1955,2015,0.0072992250745727355,0.0070321197454659284,-0.00026710532910680703,6.980130369810073e-05,0.005252516704140555,0.005784646056618108
insid,bossa nova,54,1960,2015,0.0,0.00643249432152504,0.00643249432152504,0.00011126867830381647,0.007072376692366317,0.006050082554260345
insid,brazilian rock,34,1982,2015,0.0,0.011531338450462615,0.011531338450462615,0.0001626085899372051,0.0029415982904117065,0.0021641616186893337
insid,classic rock,61,1955,2015,0.005042818613594896,0.00289494724858924,-0.0021478713650056563,0.00010118658878375654,0.007176487297327925,0.005775387439235769
insid,country,53,1955,2015,0.0,0.00455166587493232,0.00455166587493232,6.225849585416482e-05,0.00482546535573198,0.004818216595256879
insid,death metal,33,1983,2015,0.03215124624965584,0.013417731156523326,-0.018733515093132515,-0.0002158190790051322,0.017726213806274378,0.016568168674090077
insid,disco,46,1970,2015,0.00120182209889268,0.0156603952276441,0.014458573128751418,6.348882628699679e-05,0.008353118929249772,0.006338504146806416
insid,doom metal,33,1983,2015,0.026781339329466487,0.02328860323592229,-0.0034927360935441965,-0.00019261635722593582,0.020127268330086507,0.020384612026856458
insid,dream pop,34,1982,2015,0.0043242090113007345,0.009944573551766926,0.005620364540466191,-5.436366639929403e-05,0.023926224490901357,0.017501596440811232
insid,easy listening,47,1959,2015,0.0,0.00786855019643511,0.00786855019643511,8.038177856866996e-05,0.007584930286345697,0.007412452427163734
insid,electronic,45,1971,2015,0.0,0.006593534555501585,0.006593534555501585,0.00017695342248469435,0.004655089477705832,0.005845604478141261
insid,experimental,52,1964,2015,0.010151428084620946,0.00690851580295321,-0.0032429122816677366,2.339833219534428e-05,0.00763630172185294,0.007622164602935024
insid,folk,57,1959,2015,0.00267541179431777,0.009209924317303431,0.006534512522985661,9.907212947260088e-05,0.006259652601488985,0.007253050756014693
insid,funk,51,1965,2015,0.00457024943213492,0.0037782973058814906,-0.0007919521262534294,4.735148812524624e-05,0.007963163276993599,0.0066691009490544234
insid,glam rock,39,1967,2015,0.011465664593945098,0.005419067466753118,-0.00604659712719198,0.00011846139700017522,0.00956055792947466,0.008792669634552894
insid,gothic rock,34,1977,2015,0.00667002395957391,0.01974945225388034,0.01307942829430643,0.00010892679331894911,0.018844911202298573,0.017848306019558974
insid,grunge,32,1984,2015,0.02821143817926497,0.010008893040805615,-0.018202545138459356,-0.00019032025493864017,0.014436202461363994,0.014440609154168647
insid,hard rock,51,1965,2015,0.007092562774103414,0.014176189646731101,0.007083626872627687,0.00032899796694491073,0.014357051083222144,0.011095878435401128
insid,hardcore,39,1977,2015,0.004216203594242765,0.01638313038789774,0.012166926793654977,0.00010469497807294125,0.013014527244258,0.01328575860034352
insid,hardcore punk,32,1976,2015,0.0015349923010253249,0.012209973810205442,0.010674981509180117,-0.00032784194197773366,0.012883650457351025,0.009137440469396619
insid,indie rock,33,1983,2015,0.01674986646407172,0.008711754372852076,-0.008038112091219645,-0.00022831875986685255,0.009917408576385251,0.009362814405142342
insid,industrial,35,1981,2015,0.008181702304998713,0.012463173377092431,0.004281471072093718,7.47093779223173e-05,0.015398047106440384,0.0136838917484496
insid,jazz,61,1955,2015,0.0023857113982670955,0.006253744733690394,0.003868033335423299,0.00012002201823081032,0.005141846158877136,0.004457848343703965
insid,latin,40,1965,2015,0.004227664647681845,0.006422649706741322,0.002194985059059477,0.00018765093104072442,0.0066272031270819655,0.0075845950404676305
insid,metal,48,1968,2015,0.004969252719206095,0.019277373520484222,0.014308120801278128,0.00031670120014145095,0.021667257981668967,0.02180147059300932
insid,mpb,53,1963,2015,0.007925292866537105,0.009630474076258807,0.0017051812097217019,9.357679632119066e-05,0.008086166843308295,0.00860091834093989
insid,new wave,43,1973,2015,0.004363799575900827,0.011570504459787653,0.007206704883886826,0.00012944907297424257,0.010312642251443516,0.008945737002382916
insid,pop,57,1959,2015,0.0,0.00728051318265316,0.00728051318265316,0.0001897077612007229,0.007452820243444337,0.0075918394048982455
insid,pop rock,32,1982,2015,0.015808206343889235,0.00934491868707219,-0.006463287656817045,4.07619814429486e-06,0.012544333941318079,0.01320843506649588
insid,post-hardcore,35,1981,2015,0.04444806806154798,0.022742998903109664,-0.02170506915843832,-0.0003119163079283855,0.02073218819770997,0.02007268058161159
insid,post-punk,43,1973,2015,0.0,0.010427245597447713,0.010427245597447713,2.3465840227332046e-05,0.010553429902444032,0.0106236561685006
insid,power metal,34,1981,2015,0.0075016082179303585,0.016947437807078632,0.009445829589148275,0.0002917707699130966,0.01749323253588662,0.018244452666602427
insid,progressive metal,32,1984,2015,0.00783390385296488,0.022486776099718248,0.014652872246753367,0.0002163522417049908,0.022707810587968454,0.022545326424273607
insid,progressive rock,53,1963,2015,0.0,0.011565138178498401,0.011565138178498401,0.00022259164324034622,0.010245352123685617,0.008267981815390976
insid,psychedelic rock,48,1963,2015,0.007250141915043465,0.017120540014548075,0.009870398099504608,0.00021836322717765184,0.011650754239545903,0.012786135282203338
insid,punk,47,1969,2015,0.011251818103843245,0.009871854675370327,-0.0013799634284729183,0.0002090382419087332,0.009243923831951701,0.009382285252769062
insid,rap,32,1984,2015,0.004877867899741509,0.0069945231197257145,0.0021166552199842056,-1.661645245464679e-05,0.005921795385655036,0.005777526300600867
insid,reggae,42,1969,2015,0.0,0.010065771831619384,0.010065771831619384,0.00016077715727484635,0.003174811427151574,0.0022992848198169005
insid,rock,61,1955,2015,0.002470525827877927,0.010732738663020894,0.008262212835142967,0.0001575327156803171,0.00935307929117759,0.010776365930061432
insid,samba,42,1963,2015,0.0,0.0027925751476279327,0.0027925751476279327,-2.5062069140584732e-05,0.004812314300156544,0.004192126987774622
insid,shoegaze,35,1981,2015,0.0354641780401079,0.012285199753817592,-0.02317897828629031,-0.0006748645765912705,0.014389347070958123,0.010206942725703334
insid,singer-songwriter,56,1960,2015,0.00636639654246738,0.011165943137156967,0.0047995465946895875,0.0001448640001169154,0.009331915842161077,0.010518018604161742
insid,soft rock,49,1967,2015,0.008495538650633091,0.016038737836179654,0.007543199185546563,6.360367861082577e-05,0.008528540597808682,0.007923560288201193
insid,soul,61,1955,2015,0.005213419250521481,0.005887913236459323,0.0006744939859378426,9.511203340366915e-05,0.00881148982075073,0.007512206894688963
insid,soundtrack,44,1965,2015,0.004594966862945395,0.005121865798686992,0.0005268989357415975,-1.4029339525360478e-05,0.0053673213899476414,0.004999200040609674
insid,synthpop,41,1975,2015,0.015930364341815266,0.011783491315562635,-0.004146873026252631,8.433291157087847e-06,0.009386521043212906,0.009905862438857906
insid,thrash metal,37,1979,2015,0.012933325780412617,0.0173361839041573,0.004402858123744682,2.4053913972518184e-05,0.01822535634315885,0.016215876890123184
everyth,alternative rock,37,1979,2015,0.004118557344388177,0.016548437758276986,0.01242988041388881,0.00045440935356337196,0.014604244735611636,0.016548437758276986
everyth,ambient,43,1971,2015,0.018703300023628064,0.005825901549952834,-0.01287739847367523,-8.240780798907084e-05,0.003634311123848273,0.002804676052056198
everyth,black metal,36,1980,2015,0.0,0.007265957931086368,0.007265957931086368,0.00024393490563112726,0.006456711614892315,0.007271969382097554
everyth,blues,61,1955,2015,0.014214927104458675,0.00771987293360036,-0.006495054170858315,-7.951183081732912e-05,0.009285584787552602,0.009657165245745142
everyth,bossa nova,54,1960,2015,0.00334111665223214,0.022386243278674493,0.019045126626442352,0.00020101157776034005,0.02241399842769355,0.02200524347770381
everyth,brazilian rock,34,1982,2015,0.038594190231944304,0.0408161227597582,0.0022219325278138927,0.0001455385910055985,0.036237928556914725,0.03551145464115202
everyth,classic rock,61,1955,2015,0.004016096015514823,0.009351249853787477,0.005335153838272654,0.0001427381632920629,0.009185186840458619,0.00857986954992049
everyth,country,53,1955,2015,0.007216207597443273,0.013531442593979348,0.0063152349965360744,0.00018677541939766381,0.01087099768712455,0.011611856049991293
everyth,death metal,33,1983,2015,0.0,0.007963369017948094,0.007963369017948094,0.0002952578924402867,0.005585646742506993,0.005602249328972087
everyth,disco,46,1970,2015,0.001218931272859045,0.01802651791544797,0.016807586642588926,0.00017543513796048217,0.006876656395076123,0.005884876484909212
everyth,doom metal,33,1983,2015,0.003335000169351219,0.009866831278527464,0.006531831109176245,0.00019043201835362752,0.004972260475926701,0.00445274920519639
everyth,dream pop,34,1982,2015,0.008295887765329586,0.01729814996710185,0.009002262201772263,9.407990684476607e-05,0.011881160195983863,0.008627105890027648
everyth,easy listening,47,1959,2015,0.0036015140073313175,0.00785104272385021,0.004249528716518892,0.00017810329534296882,0.011567222761218588,0.008886837098749382
everyth,electronic,45,1971,2015,0.0,0.010815741041101048,0.010815741041101048,0.00014223098324862417,0.007252228872543223,0.007368895625708646
everyth,experimental,52,1964,2015,0.002212409452229383,0.014085209756565015,0.011872800304335632,9.878116184098701e-05,0.006325983612006986,0.006262910327868366
everyth,folk,57,1959,2015,0.0,0.014915152711294183,0.014915152711294183,0.00011309259549486386,0.0068561131076392105,0.007050964695301165
everyth,funk,51,1965,2015,0.019289302987793192,0.00794850268216076,-0.011340800305632432,2.0245287625187575e-06,0.011568866770960737,0.00881165410670148
everyth,glam rock,39,1967,2015,0.0029035487306940085,0.010374050829288684,0.007470502098594675,0.0001571950100929753,0.006419451467930965,0.004392961501906266
everyth,gothic rock,34,1977,2015,0.01757994188641689,0.017242872737854503,-0.00033706914856238696,0.000169332998189592,0.015567581238100082,0.015434654314296713
everyth,grunge,32,1984,2015,0.00600661390448552,0.021579233596299482,0.015572619691813961,0.0005314527942430046,0.016848638941102615,0.01624501787226335
everyth,hard rock,51,1965,2015,0.0021422313548852367,0.010329231632036156,0.008187000277150918,0.00029576652302389897,0.009829077986444359,0.00827329750755111
everyth,hardcore,39,1977,2015,0.0,0.021509189984042724,0.021509189984042724,0.0008789477378094694,0.017670706047552887,0.021032408384306627
everyth,hardcore punk,32,1976,2015,0.01323430691479308,0.015091829503733188,0.0018575225889401088,0.00016224360467961404,0.009861787800334774,0.010521131075440563
everyth,indie rock,33,1983,2015,0.014073797856465575,0.015266549958426169,0.0011927521019605945,4.862665551632418e-05,0.012231267065179312,0.012210514664147715
everyth,industrial,35,1981,2015,0.008685340562543161,0.008616045578454546,-6.929498408861541e-05,-9.139959283067901e-05,0.012714772452746458,0.012446388107994158
everyth,jazz,61,1955,2015,0.0041117926872952385,0.010302133053665325,0.006190340366370087,0.00010496266206637576,0.005536085108493515,0.005450455718900441
everyth,latin,40,1965,2015,0.00971778145243205,0.023021286912634834,0.013303505460202784,0.00042884204169036603,0.019122210183393298,0.01853487272257856
everyth,metal,48,1968,2015,0.005430524833894365,0.014465401478485972,0.009034876644591606,0.0002179484786886175,0.008971452928790402,0.010487344394657934
everyth,mpb,53,1963,2015,0.016689906786739032,0.026477275315578922,0.00978736852883989,0.00014994409371787615,0.03245573858576981,0.034098938943083815
everyth,new wave,43,1973,2015,0.0023787139695977738,0.016441049076224845,0.01406233510662707,0.00017280845243091239,0.010198311470710304,0.010754441494921826
everyth,pop,57,1959,2015,0.011759988989387014,0.016120393813491566,0.004360404824104552,9.292588982136688e-05,0.014118962338681713,0.01486103132161754
everyth,pop rock,32,1982,2015,0.014369330866362448,0.01794571051408208,0.0035763796477196307,0.0003041935736114067,0.018358897569625627,0.018288381609537163
everyth,post-hardcore,35,1981,2015,0.003837198610478443,0.02140936854646363,0.017572169935985187,0.0006158980011665526,0.015399369376744871,0.01881683487636943
everyth,post-punk,43,1973,2015,0.0,0.011438936793383743,0.011438936793383743,0.00022870529279417348,0.011485906096013377,0.012283826530082212
everyth,power metal,34,1981,2015,0.0,0.004457979049755367,0.004457979049755367,0.00014239987651276363,0.005557236288895481,0.006331031807905705
everyth,progressive metal,32,1984,2015,0.005538301480008691,0.009149933288311173,0.003611631808302482,0.00024957722661662137,0.008961278928641205,0.009716413412899588
everyth,progressive rock,53,1963,2015,0.005991641127877988,0.013665049351672088,0.007673408223794099,0.0002424936530674625,0.010003794308275126,0.009620832064397337
everyth,psychedelic rock,48,1963,2015,0.012786945706143412,0.011129056821489297,-0.0016578888846541153,0.00016664431119715282,0.013209183372934632,0.0124677499074414
everyth,punk,47,1969,2015,0.005682581927812263,0.02327763098097155,0.017595049053159287,0.00037025900513451885,0.011905867275069279,0.011318308214481885
everyth,rap,32,1984,2015,0.004593504251062682,0.015136358971587223,0.01054285472052454,0.0004989208660149761,0.009897425991442874,0.008550665497003698
everyth,reggae,42,1969,2015,0.0081463676794175,0.022733293790901228,0.014586926111483729,0.00015329151001121767,0.010911197586586001,0.01046991210081529
everyth,rock,61,1955,2015,0.0023050855727735227,0.015179749185519125,0.012874663612745602,0.0002921692960444119,0.013119787413807472,0.012465107481666205
everyth,samba,42,1963,2015,0.012202444842658694,0.006599921262519345,-0.00560252358013935,-0.0001405683071245912,0.016335104368185596,0.016463345897183276
everyth,shoegaze,35,1981,2015,0.0,0.013888447157984884,0.013888447157984884,0.00010912855184590211,0.010230268297131162,0.011203513258115567
everyth,singer-songwriter,56,1960,2015,0.00193781989165412,0.016711246367598468,0.014773426475944347,0.0002153925628682633,0.010570990297312507,0.010668575185243695
everyth,soft rock,49,1967,2015,0.006396363840717361,0.015369609596442192,0.008973245755724831,0.0002645097507246882,0.01358104731895124,0.011243184679087788
everyth,soul,61,1955,2015,0.00468321464166563,0.0135264580497723,0.00884324340810667,0.00018376403079293328,0.011096499204741381,0.011466681539347361
everyth,soundtrack,44,1965,2015,0.0076600302602177,0.005381504037213475,-0.002278526223004225,0.00011819415237324068,0.005179322296011142,0.004960375221251156
everyth,synthpop,41,1975,2015,0.010319150864782195,0.012578594111864192,0.002259443247081997,4.774969518205638e-05,0.011706649012966168,0.011664290502643244
everyth,thrash metal,37,1979,2015,0.0,0.00902904917936517,0.00902904917936517,0.0004260888910826665,0.008003862399425944,0.006519554609703681
never,alternative rock,37,1979,2015,0.010465588067607511,0.03298385471235663,0.02251826664474912,0.0008560769941712579,0.026750736526064408,0.030251158558796152
never,ambient,43,1971,2015,0.006494847479303285,0.01011243526202427,0.0036175877827209846,1.5888624390884158e-05,0.006476049917667934,0.00646864385955398
never,black metal,36,1980,2015,0.023842659508394745,0.014640546937733732,-0.009202112570661013,-9.851116055943693e-05,0.014143910863670188,0.014680415291543125
never,blues,61,1955,2015,0.016266088744938078,0.017185717769106802,0.0009196290241687242,0.0001600731993701344,0.01980987402855299,0.018332752056082938
never,bossa nova,54,1960,2015,0.004765411468855995,0.011745556946176985,0.00698014547732099,9.311071181991727e-05,0.00852233306579532,0.007793739677244149
never,brazilian rock,34,1982,2015,0.025442804188821624,0.019623878108099086,-0.005818926080722538,0.0001725737519536543,0.017802246930982805,0.01710119338012495
never,classic rock,61,1955,2015,0.011378359203933992,0.01975860780454797,0.008380248600613979,8.314507371869667e-05,0.021839282112971026,0.020905966164302982
never,country,53,1955,2015,0.016008824115014423,0.021284675666901412,0.005275851551886989,0.00021312397871072776,0.02394972627651863,0.022633681253621547
never,death metal,33,1983,2015,0.02234380162013505,0.0200255858579025,-0.00231821576223255,0.00012412024903381432,0.019396007777361626,0.01984974261334453
never,disco,46,1970,2015,0.009984161876398499,0.01835561157537986,0.00837144969898136,-0.00012778863776953964,0.029289320882003558,0.02100493624080608
never,doom metal,33,1983,2015,0.025960504059481512,0.017835658338757773,-0.00812484572072374,3.17161252412952e-05,0.021017173363507197,0.020670019870059776
never,dream pop,34,1982,2015,0.023409335923995585,0.025935355500670373,0.0025260195766747887,0.0002382758518483111,0.023365745605321387,0.023810988151911183
never,easy listening,47,1959,2015,0.008019528771821608,0.028278700232387287,0.02025917146056568,0.00013260257216986731,0.03219944194604575,0.030772995123667764
never,electronic,45,1971,2015,0.0,0.020243594495988827,0.020243594495988827,0.0005121687333830478,0.013012522367366011,0.017012954688625865
never,experimental,52,1964,2015,0.007382230513878104,0.020083316758079433,0.01270108624420133,-4.070338492306062e-05,0.01799055248581171,0.017570939421344238
never,folk,57,1959,2015,0.015572139323917216,0.027623029460120744,0.012050890136203527,0.0001405214645756557,0.01887015517978631,0.018524667100738506
never,funk,51,1965,2015,0.01358572369786298,0.01662705243413782,0.003041328736274839,9.247929078177192e-05,0.019211560649004956,0.017811314037240688
never,glam rock,39,1967,2015,0.009079814955292614,0.016927952112988073,0.007848137157695459,0.00019307515929279818,0.026643981508291097,0.02412828512948498
never,gothic rock,34,1977,2015,0.011524370022486397,0.025976912764053325,0.014452542741566928,0.00047262188643931626,0.02736199695234791,0.027411926232101938
never,grunge,32,1984,2015,0.01636630395597241,0.026123938369533084,0.009757634413560673,0.00046278588567159044,0.024142708484794034,0.02565375254073542
never,hard rock,51,1965,2015,0.022776442321722705,0.034729618790816784,0.011953176469094079,0.0004510628224321559,0.02956416668395409,0.027263437051288465
never,hardcore,39,1977,2015,0.02049893940193797,0.039051665781794004,0.018552726379856034,0.0009525538984746349,0.032454763192269934,0.038083297051339754
never,hardcore punk,32,1976,2015,0.00972764549511326,0.03353739128691126,0.023809745791798,0.0003503564362448713,0.0301467339934368,0.033117496008270575
never,indie rock,33,1983,2015,0.020306405844843046,0.029159104033051463,0.008852698188208417,0.0004473550329352097,0.024680251663308086,0.02654741582546319
never,industrial,35,1981,2015,0.013132867220955599,0.015333701219113123,0.0022008339981575246,0.00022140690586279824,0.021602543130945725,0.02385460994019107
never,jazz,61,1955,2015,0.029164466309690346,0.01842791811070308,-0.010736548198987266,0.00015730803873505126,0.018382697728475304,0.016390121736125175
never,latin,40,1965,2015,0.0025705677436280152,0.017957517805602837,0.015386950061974821,0.0003892312618676374,0.01601009055128556,0.018312671776999846
never,metal,48,1968,2015,0.02156322622213617,0.03401642272347535,0.012453196501339178,6.763978436612127e-05,0.029690738504341646,0.028310439984151347
never,mpb,53,1963,2015,0.011314880832202053,0.01375682720518623,0.002441946372984177,9.461788692255092e-05,0.01236697237739435,0.012461693434201646
never,new wave,43,1973,2015,0.01193393565080234,0.03449403535407914,0.022560099703276798,0.0002011946274177894,0.025717867855295895,0.02627500162052715
never,pop,57,1959,2015,0.03516902666474505,0.02650314526029862,-0.008665881404446428,-0.00015772233822402643,0.03280214405288111,0.03177661001543343
never,pop rock,32,1982,2015,0.06289783847904362,0.039784213936927076,-0.023113624542116545,9.997968070741781e-05,0.031096265197505628,0.03188930256407743
never,post-hardcore,35,1981,2015,0.03976156950818792,0.04189281834234663,0.0021312488341587096,0.000779650752823903,0.03685157038821497,0.04054896694623871
never,post-punk,43,1973,2015,0.00556098791340154,0.03459268549072602,0.029031697577324482,0.00018721322657012704,0.031631646780040934,0.029100639725899578
never,power metal,34,1981,2015,0.010902335909718513,0.028021489952446924,0.01711915404272841,0.0006739658655867126,0.024841565891718508,0.027636654641257655
never,progressive metal,32,1984,2015,0.04037871015619769,0.02778332824936015,-0.012595381906837542,-0.0002880912203737756,0.02860098760421828,0.026040777716654175
never,progressive rock,53,1963,2015,0.02272274243840646,0.028357991128031584,0.005635248689625123,0.00024547675881555976,0.020980081246987758,0.020288057387383106
never,psychedelic rock,48,1963,2015,0.00867928584749976,0.025488002697379504,0.016808716849879744,0.0002780882234377142,0.01619296794373576,0.014353901123439983
never,punk,47,1969,2015,0.003551959248900982,0.02542807514379357,0.021876115894892585,0.00041829818571036966,0.027047285506745847,0.027661979806355444
never,rap,32,1984,2015,0.014473529974509187,0.024111667748523406,0.009638137774014219,0.00035199943067156295,0.02447734564598825,0.025148540154227315
never,reggae,42,1969,2015,0.016225264350391223,0.023682143829490385,0.007456879479099163,0.00011112183175656837,0.022704809358929583,0.018484325477458468
never,rock,61,1955,2015,0.0419452195750599,0.029260191312473153,-0.012685028262586748,-9.056433960624495e-05,0.027285389836898474,0.027231264669247034
never,samba,42,1963,2015,0.02265520092321738,0.013814915410043574,-0.008840285513173807,3.7430320340878864e-06,0.011801330605343417,0.01178618558028741
never,shoegaze,35,1981,2015,0.009961201751425048,0.0258502044339624,0.015889002682537352,0.00033648734062735933,0.019250416015264567,0.021430672218915727
never,singer-songwriter,56,1960,2015,0.03212537026978669,0.028230517717635215,-0.003894852552151478,-0.00022141239507937746,0.030712740421077023,0.027191551911187804
never,soft rock,49,1967,2015,0.04809236516934699,0.026668442674930314,-0.02142392249441668,-0.00023938896588712022,0.03130604286060993,0.02938213589093952
never,soul,61,1955,2015,0.014233124015308277,0.026217173970274368,0.01198404995496609,0.00023806172391358142,0.03195362774301541,0.03146898089717459
never,soundtrack,44,1965,2015,0.021445676752521566,0.010985489237564957,-0.01046018751495661,3.2121100335072966e-05,0.014852782888760406,0.015353088788336067
never,synthpop,41,1975,2015,0.0,0.02697035299222544,0.02697035299222544,-0.0001345490659822314,0.028061243920690173,0.028954248121158287
never,thrash metal,37,1979,2015,0.021140159468324624,0.03707467453126362,0.015934515062938994,0.0003919686524243769,0.02408450745885603,0.02643141035983554
old,alternative rock,37,1979,2015,0.0,0.006856632898340913,0.006856632898340913,9.314610115122675e-05,0.005937709989136524,0.006355579758156128
old,ambient,43,1971,2015,0.01152547262030693,0.002412200811746337,-0.009113271808560593,-7.675366833481126e-05,0.004048298310341172,0.0027160310867391456
old,black metal,36,1980,2015,0.014583111652363423,0.013342489791167363,-0.0012406218611960597,7.969640338430254e-06,0.008204250173137242,0.007922194143454292
old,blues,61,1955,2015,0.011869832817002933,0.007629346765101186,-0.004240486051901747,-5.4900585129296814e-05,0.019499148449001715,0.018332228488070652
old,bossa nova,54,1960,2015,0.009357703838255979,0.004572589855546265,-0.004785113982709714,-4.5420566189927315e-05,0.010908594989969274,0.00981898349172541
old,brazilian rock,34,1982,2015,0.0038389364081172477,0.01495001975697424,0.011111083348856993,0.00012944632021676274,0.010923946648390186,0.01006027263408705
old,classic rock,61,1955,2015,0.01670580393467248,0.012774297833428407,-0.003931506101244073,-3.996231073870818e-05,0.01348986144300018,0.012911602710505133
old,country,53,1955,2015,0.04281301581463156,0.016203580060864333,-0.026609435753767226,-0.0001198983985191511,0.025115173076768346,0.024119500305283037
old,death metal,33,1983,2015,0.01187500837571014,0.006714712159050575,-0.005160296216659564,-7.249480922610494e-06,0.005097330135256375,0.004605791177785653
old,disco,46,1970,2015,0.019827960454322256,0.003768040587918588,-0.016059919866403666,-0.00013329843907280783,0.00580481283503369,0.0037380508948958247
old,doom metal,33,1983,2015,0.020232472492404677,0.0058770292046928475,-0.014355443287711829,-0.00019477273238096516,0.009975820244675365,0.009686813454495475
old,dream pop,34,1982,2015,0.0046327109434518175,0.007080778247988968,0.0024480673045371507,0.0001887138488310297,0.008186370150540807,0.008239488351953247
old,easy listening,47,1959,2015,0.006579733017039518,0.0025383750425167343,-0.004041357974522784,-0.00016552518675362382,0.010600160687178726,0.008403280994210937
old,electronic,45,1971,2015,0.00916179942698059,0.004707651011292702,-0.0044541484156878875,-0.00019067583309653426,0.005599533696757071,0.0035646575990724567
old,experimental,52,1964,2015,0.011018215075440383,0.006557189780002641,-0.0044610252954377415,-0.0004898126079331376,0.010586045933823365,0.0058328346093323696
old,folk,57,1959,2015,0.010279101219378264,0.0162736937073159,0.005994592487937635,-5.3371692506901176e-05,0.019179634984274895,0.016604637134945748
old,funk,51,1965,2015,0.020435772009506747,0.004215718521357211,-0.016220053488149536,-5.077370734677542e-05,0.005811108939057231,0.0054079174372501666
old,glam rock,39,1967,2015,0.025788353797400694,0.004150395075076494,-0.0216379587223242,-0.00010169461913008838,0.010650254547512453,0.010195258525983852
old,gothic rock,34,1977,2015,0.00548167102526839,0.01601606744359891,0.01053439641833052,-0.00020353266047839997,0.00844247997941149,0.009244346084112866
old,grunge,32,1984,2015,0.009375122963070985,0.00469818712423815,-0.004676935838832836,0.00015088213312705845,0.008444485355679439,0.007874630985179699
old,hard rock,51,1965,2015,0.006225505234623846,0.008658716157559077,0.0024332109229352316,-9.312958569696427e-05,0.008509340435631924,0.007695188545338081
old,hardcore,39,1977,2015,0.00944106813374226,0.00750317661261906,-0.0019378915211232008,-7.57665370967293e-05,0.008155074393832128,0.007446809679935782
old,hardcore punk,32,1976,2015,0.0051622315306422955,0.008451645639631597,0.003289414108989301,0.00011163822119275036,0.008101952446452496,0.005954030848035551
old,indie rock,33,1983,2015,0.0018026904565052598,0.009364944958767255,0.007562254502261995,0.00012758364775812962,0.010500161416401754,0.011249706628755584
old,industrial,35,1981,2015,0.0014590188974096653,0.003282286647848447,0.0018232677504387816,0.00010221327202915756,0.004271954324174602,0.003282286647848447
old,jazz,61,1955,2015,0.016296620401468224,0.005325696097099759,-0.010970924304368464,-5.0557548815065364e-05,0.008619482684998191,0.006009679907484374
old,latin,40,1965,2015,0.004598815337312314,0.002989895848840484,-0.0016089194884718306,-1.8803925610677114e-05,0.003136166928642324,0.003067620046393254
old,metal,48,1968,2015,0.0,0.006048042856398993,0.006048042856398993,-7.334478242072605e-05,0.007058467345034003,0.006152979858490497
old,mpb,53,1963,2015,0.020024859695057615,0.008970502370249956,-0.011054357324807659,-0.00019671901850251827,0.011755843147136976,0.010332618501985632
old,new wave,43,1973,2015,0.012809101623858114,0.007356005184616808,-0.005453096439241307,-6.425461826822763e-05,0.006802968058359274,0.006460620098427328
old,pop,57,1959,2015,0.007345599447885955,0.0058973085285078984,-0.0014482909193780568,-0.00016133593205919962,0.007877483759844308,0.0061836882447758555
old,pop rock,32,1982,2015,0.011533549524742366,0.005778040933420185,-0.005755508591322182,-0.0001363996748586463,0.006913235266994354,0.004406166395762136
old,post-hardcore,35,1981,2015,0.0,0.007958338409826972,0.007958338409826972,0.00018554338758723816,0.0047806346317246975,0.004845973736604288
old,post-punk,43,1973,2015,0.0073936647987678334,0.011312505997495035,0.0039188411987272015,7.841652512102734e-05,0.00813223412715317,0.007465370714165594
old,power metal,34,1981,2015,0.006514417166706529,0.008608980250572171,0.0020945630838656425,0.00010646005039477277,0.009974288961974845,0.009796284907335757
old,progressive metal,32,1984,2015,0.0062199637351839435,0.003991984604307793,-0.002227979130876151,-0.0001132467281564656,0.005051594003580217,0.004446139033468749
old,progressive rock,53,1963,2015,0.00458312239134136,0.006350157404123517,0.0017670350127821574,-0.000121529205227933,0.009407269944622433,0.007849123944513215
old,psychedelic rock,48,1963,2015,0.01711410829781041,0.005645878039944494,-0.011468230257865917,-0.000131014469020073,0.009119934321083765,0.009950157322666704
old,punk,47,1969,2015,0.003275003831781548,0.011068046823948824,0.0077930429921672754,1.3698610827213e-05,0.01184319763354968,0.01101305746319787
old,rap,32,1984,2015,0.014322900034170772,0.008131560743977905,-0.006191339290192867,-9.946639777814382e-05,0.011113279941294435,0.010780131744281628
old,reggae,42,1969,2015,0.0,0.0035239520395208717,0.0035239520395208717,0.00011268110246204224,0.003789930404803515,0.003586718173049031
old,rock,61,1955,2015,0.019724067012420746,0.00941588325847449,-0.010308183753946256,-0.00019561651772548506,0.010825556441053102,0.00876922763501783
old,samba,42,1963,2015,0.007195081525786,0.003647868700043809,-0.003547212825742191,-4.742401148163037e-05,0.005761619893089854,0.0049372687868016445
old,shoegaze,35,1981,2015,0.004382122564552088,0.006822987299276038,0.00244086473472395,6.61641720176302e-05,0.004699858022428431,0.005152391536564033
old,singer-songwriter,56,1960,2015,0.013154580740909406,0.011463661978916797,-0.0016909187619926092,-0.0003269972092485427,0.018430776419440797,0.01391367810640572
old,soft rock,49,1967,2015,0.009745140332880922,0.005582401067080369,-0.004162739265800553,-0.00012371003202009862,0.009414171149042489,0.00867433751435752
old,soul,61,1955,2015,0.034580933893888124,0.0063481296850912885,-0.028232804208796834,-0.00029528134042818206,0.008630793122324783,0.005391050326200893
old,soundtrack,44,1965,2015,0.01898801816300008,0.001754191420412571,-0.01723382674258751,-5.821706413853867e-05,0.003860957471424481,0.0027601855615727654
old,synthpop,41,1975,2015,0.009017255912400735,0.004688413256903759,-0.0043288426554969756,6.14857039977932e-05,0.005602949844930274,0.005502440482924879
old,thrash metal,37,1979,2015,0.0,0.0053981342397705955,0.0053981342397705955,1.868854909564801e-05,0.006154313228885393,0.005971508021844186
fuck,alternative rock,37,1979,2015,0.0,0.008194923950262605,0.008194923950262605,0.00012973106561784507,0.0026917913249902407,0.0024419748085448864
fuck,ambient,43,1971,2015,0.0,0.0019580362038891905,0.0019580362038891905,2.1168318034624767e-05,0.00019763108502198772,0.0
fuck,black metal,36,1980,2015,0.0,0.006535891307396175,0.006535891307396175,0.00011732120907953191,0.0011834702959118855,0.0005473307675608474
fuck,blues,61,1955,2015,0.0,0.007252075647681607,0.007252075647681607,3.327774585311631e-05,0.0003948299917554912,0.0
fuck,bossa nova,54,1960,2015,0.0,0.002522005707896735,0.002522005707896735,4.5235806699861374e-05,0.0019788046504335545,0.0
fuck,brazilian rock,34,1982,2015,0.011948861498457156,0.011547712302060375,-0.00040114919639678073,-5.754027466021252e-06,0.006545182848025227,0.0029837531618729356
fuck,classic rock,61,1955,2015,0.0,0.0,0.0,-3.656557887685277e-06,0.00014372486753930588,0.0
fuck,country,53,1955,2015,0.0,0.0004814033718579825,0.0004814033718579825,7.843214389045495e-06,0.0001570328944402591,0.0
fuck,death metal,33,1983,2015,0.00543114880341783,0.015428192537904938,0.009997043734487107,0.000423082827160947,0.007736884521326605,0.006254077314298316
fuck,disco,46,1970,2015,0.0,0.0008845470447721797,0.0008845470447721797,1.7746022014327406e-05,0.00016140575971274488,0.0
fuck,doom metal,33,1983,2015,0.0,0.005008009942223475,0.005008009942223475,9.673754922325778e-05,0.0009225139772173763,0.0004113489266151919
fuck,dream pop,34,1982,2015,0.0,0.004428409929585314,0.004428409929585314,5.335324696060248e-05,0.0003342177070613831,0.0
fuck,easy listening,47,1959,2015,0.0,0.0,0.0,7.1442988431090365e-06,9.245650274639364e-05,0.0
fuck,electronic,45,1971,2015,0.0,0.00788647890489269,0.00788647890489269,0.00010905255581837551,0.0010819238255901987,0.0
fuck,experimental,52,1964,2015,0.0,0.010982850314740797,0.010982850314740797,0.00011161155264154475,0.0012096814263830868,0.0
fuck,folk,57,1959,2015,0.0,0.003245250001690667,0.003245250001690667,3.4568738544394266e-05,0.0004947472778738336,0.0
fuck,funk,51,1965,2015,0.0,0.011829595490313472,0.011829595490313472,6.077847701357082e-05,0.004060590471085796,0.00241538879333253
fuck,glam rock,39,1967,2015,0.0,0.009454272448821315,0.009454272448821315,0.00024918899828069537,0.0031506575345815547,0.0
fuck,gothic rock,34,1977,2015,0.0,0.0035465825058976206,0.0035465825058976206,4.6247431119496405e-05,0.0010284083908354284,0.0
fuck,grunge,32,1984,2015,0.0,0.015037934852499239,0.015037934852499239,-0.00010984586136923756,0.00644802106874659,0.003186888530366525
fuck,hard rock,51,1965,2015,0.0,0.00906209670457217,0.00906209670457217,0.00022991847489498804,0.0032936835633116854,0.000524892387211616
fuck,hardcore,39,1977,2015,0.012634666506781545,0.03013986144897748,0.017505194942195934,0.0004599883536015993,0.015162351747304452,0.009893287972208328
fuck,hardcore punk,32,1976,2015,0.0365540682161441,0.022770721862995637,-0.01378334635314846,-0.00015289983128207593,0.0198044877792615,0.01654653570317725
fuck,indie rock,33,1983,2015,0.0,0.007674987911871857,0.007674987911871857,0.0001499402205869778,0.0013693414059682016,0.0013131203977266583
fuck,industrial,35,1981,2015,0.0,0.02398863215595003,0.02398863215595003,0.0003641468828218265,0.013227503247886718,0.010556850420103892
fuck,jazz,61,1955,2015,0.0,0.0036773904668465102,0.0036773904668465102,4.732910815092077e-06,0.0008392633230420487,0.0
fuck,latin,40,1965,2015,0.0,0.004456630179464491,0.004456630179464491,5.6919724428861606e-05,0.0016610386271418546,0.0
fuck,metal,48,1968,2015,0.0,0.016668026367970292,0.016668026367970292,0.0005842360211065841,0.013622045197618261,0.013362417584230749
fuck,mpb,53,1963,2015,0.0,0.0010632135441612917,0.0010632135441612917,3.508512817266271e-05,0.00044517111638156217,0.0
fuck,new wave,43,1973,2015,0.0,0.002289998773368539,0.002289998773368539,1.4931636609063072e-05,0.00011448469068888828,0.0
fuck,pop,57,1959,2015,0.0,0.008491879545926954,0.008491879545926954,7.519369316858314e-05,0.001104561396146853,0.0005432725291777607
fuck,pop rock,32,1982,2015,0.0,0.004403756309322367,0.004403756309322367,8.419299599290197e-05,0.0006783753758451258,0.0
fuck,post-hardcore,35,1981,2015,0.0,0.016025457476349016,0.016025457476349016,0.0005617624098756744,0.004840160681768911,0.0010844795440421427
fuck,post-punk,43,1973,2015,0.0,0.00699847082581047,0.00699847082581047,3.379044378534424e-05,0.0009677556533432991,0.0002259263370646763
fuck,power metal,34,1981,2015,0.0,0.003179796533990271,0.003179796533990271,3.7768434072406466e-05,0.0011068271232609307,0.0
fuck,progressive metal,32,1984,2015,0.0,0.0037450349721339826,0.0037450349721339826,0.00011896225982809337,0.0011333242689846965,0.0006467077788656682
fuck,progressive rock,53,1963,2015,0.0,0.0073781647900296125,0.0073781647900296125,7.09307087742151e-05,0.0018506078160110619,0.001770487609690889
fuck,psychedelic rock,48,1963,2015,0.0,0.0014095500927353139,0.0014095500927353139,1.0215897739021945e-05,0.0009743989723630348,0.0
fuck,punk,47,1969,2015,0.0,0.018645598310619745,0.018645598310619745,0.00039159820160406894,0.00837254071107373,0.00824795934929312
fuck,rap,32,1984,2015,0.04776196905981991,0.0841592655274654,0.036397296467645494,0.0017879505861942886,0.054304080743278235,0.051468880978050885
fuck,reggae,42,1969,2015,0.0,0.006057943048272187,0.006057943048272187,0.00010720854377659749,0.0017041141118863854,0.0006444128916981236
fuck,rock,61,1955,2015,0.0,0.007204852185269157,0.007204852185269157,8.867583568125206e-05,0.001441231445233136,0.00019196557464811983
fuck,samba,42,1963,2015,0.0,0.005491611088733557,0.005491611088733557,4.253603352316611e-05,0.0006539353032504829,0.0
fuck,shoegaze,35,1981,2015,0.0,0.004170242159311939,0.004170242159311939,5.9304874477067364e-05,0.0005343634965798764,0.0
fuck,singer-songwriter,56,1960,2015,0.0,0.003181506255919757,0.003181506255919757,1.8450535772285805e-05,0.0008975303011591439,0.00021213772073015215
fuck,soft rock,49,1967,2015,0.0,0.000861891164414536,0.000861891164414536,2.110753872035606e-06,1.7589615600296654e-05,0.0
fuck,soul,61,1955,2015,0.0,0.011882806097734887,0.011882806097734887,7.139380756452793e-05,0.000859935150506318,0.0
fuck,soundtrack,44,1965,2015,0.0,0.0011816405559438566,0.0011816405559438566,1.5246964989316786e-06,0.0004110498745919776,0.0
fuck,synthpop,41,1975,2015,0.0,0.008510281528314323,0.008510281528314323,9.953367937311612e-05,0.0007841432155144555,0.0
fuck,thrash metal,37,1979,2015,0.00196366447486555,0.027356018546228152,0.025392354071362602,0.0006674601239123339,0.023060304585567654,0.0205157787002399
littl,alternative rock,37,1979,2015,0.026203896071642526,0.011021302954466948,-0.015182593117175578,-0.00016978392805455327,0.014419274987675286,0.012973956365110364
littl,ambient,43,1971,2015,0.0,0.0026874841868951213,0.0026874841868951213,-5.7835093896321286e-08,0.0030892560470983602,0.0024461880842778254
littl,black metal,36,1980,2015,0.0,0.0038022594966265733,0.0038022594966265733,0.000123359167968033,0.0024151071662490333,0.0023615525795660404
littl,blues,61,1955,2015,0.03182919388843411,0.02121876541668779,-0.01061042847174632,-0.0003105673818764755,0.02605936983832052,0.025652929841996328
littl,bossa nova,54,1960,2015,0.00218585758245377,0.015324577804591918,0.013138720222138148,9.426117452632546e-06,0.014884388534304408,0.015299999825707303
littl,brazilian rock,34,1982,2015,0.024990765356506038,0.013618378590872367,-0.011372386765633671,-0.00018365906565587432,0.011283171758648774,0.010787772680788255
littl,classic rock,61,1955,2015,0.028061599790061866,0.013067506608459048,-0.014994093181602818,-0.00020802440488274938,0.017931149095533262,0.015667198179893746
littl,country,53,1955,2015,0.02338267176520805,0.030883027299835445,0.007500355534627395,0.000326589771499384,0.025067841761354858,0.02713829255487027
littl,death metal,33,1983,2015,0.0,0.0025257424371432145,0.0025257424371432145,4.510389756421634e-05,0.0022458200145597873,0.0021298785231475183
littl,disco,46,1970,2015,0.0,0.008025888546019285,0.008025888546019285,8.80046471653699e-05,0.013618650343098318,0.010978208037712538
littl,doom metal,33,1983,2015,0.01404705409874706,0.0024637217254605296,-0.011583332373286532,-8.992903008922717e-05,0.0050218277601918855,0.004926369818787083
littl,dream pop,34,1982,2015,0.004100875298075678,0.010880392765232626,0.006779517467156948,-0.00042015195408088196,0.011471418873610794,0.00927971903948319
littl,easy listening,47,1959,2015,0.012386890651248037,0.025320497436668442,0.012933606785420404,-4.3783222895330445e-05,0.011979823931809335,0.009745152824425028
littl,electronic,45,1971,2015,0.00257403220070912,0.008227794231283092,0.005653762030573972,3.108405874772851e-05,0.009237732990905927,0.008904753049426449
littl,experimental,52,1964,2015,0.010265697265343767,0.0097937258744829,-0.0004719713908608661,-0.00028062200809343246,0.014665017186018063,0.01080812113764901
littl,folk,57,1959,2015,0.00928767714919153,0.013791631684093239,0.004503954534901709,-4.3696118686671524e-05,0.015822711362033393,0.014748182924256925
littl,funk,51,1965,2015,0.01012400009967979,0.017729892245334063,0.007605892145654273,5.908044769058478e-05,0.014867989634915705,0.01423574618283391
littl,glam rock,39,1967,2015,0.019010521531605026,0.012790260382095596,-0.00622026114950943,-0.0001247498827936606,0.021388835305411663,0.017409297623693497
littl,gothic rock,34,1977,2015,0.009530430526796389,0.0057227637147772665,-0.0038076668120191224,0.00016010218702951803,0.006076383394753602,0.006689090132052652
littl,grunge,32,1984,2015,0.01667248431989828,0.013189655232299669,-0.0034828290875986104,6.088309906032696e-05,0.013580149420387464,0.012507227167190486
littl,hard rock,51,1965,2015,0.011432017098370753,0.010442013311210962,-0.000990003787159792,-7.927423099815355e-05,0.012830036871501102,0.011975292578399138
littl,hardcore,39,1977,2015,0.00586103986916039,0.00745794338323431,0.00159690351407392,3.2124027154316555e-05,0.006956563977359969,0.0064532642195805285
littl,hardcore punk,32,1976,2015,0.0,0.004039562790556955,0.004039562790556955,3.23281009623621e-05,0.004566856654490973,0.0038759813484137515
littl,indie rock,33,1983,2015,0.05097175736595598,0.012210825587466256,-0.03876093177848972,-0.00046216606585676846,0.01575001512205117,0.012849676778582913
littl,industrial,35,1981,2015,0.0029275474924314697,0.008342822508263221,0.0054152750158317515,0.00020696282563088662,0.008426328597993827,0.008456067343080777
littl,jazz,61,1955,2015,0.014718670282102187,0.006500481618804932,-0.008218188663297255,0.0001155078089959127,0.010314459424634706,0.009926242703599488
littl,latin,40,1965,2015,0.01002846940613944,0.022533680290856638,0.012505210884717198,0.00030826861707612235,0.014577043223083227,0.016344662990898748
littl,metal,48,1968,2015,0.028867008704164983,0.0069779977751123915,-0.021889010929052592,-0.00013251875282683224,0.009288443674610434,0.008666658017877502
littl,mpb,53,1963,2015,0.019489786729114774,0.01610345275158529,-0.0033863339775294828,0.00013082871278775088,0.010459978098011491,0.010437537959011804
littl,new wave,43,1973,2015,0.034056340607007594,0.0126233813100328,-0.021432959296974793,-0.000201516796445647,0.01122413529614776,0.010701900077465368
littl,pop,57,1959,2015,0.022548955459591916,0.014765421130482945,-0.007783534329108971,-0.00017553338415576052,0.017879455205618223,0.01589086119304224
littl,pop rock,32,1982,2015,0.009945179455404586,0.012743334807645019,0.002798155352240433,0.00023011900367702,0.012396157844254903,0.013130639980168
littl,post-hardcore,35,1981,2015,0.003944331400798314,0.01273520608501505,0.008790874684216736,0.0001819003281555548,0.006660460888370279,0.004672338423518941
littl,post-punk,43,1973,2015,0.020221496201759368,0.010203035183321923,-0.010018461018437445,-4.302005117167517e-05,0.010940367585484943,0.00959913923078359
littl,power metal,34,1981,2015,0.0070046275447819125,0.0036951997766290793,-0.003309427768152833,-0.0002893623354417738,0.008335912115747907,0.006975175846374216
littl,progressive metal,32,1984,2015,0.0,0.0038534830096040584,0.0038534830096040584,-6.0687106465535407e-05,0.004135061160002824,0.003190753564582898
littl,progressive rock,53,1963,2015,0.0,0.0057275349718486305,0.0057275349718486305,-9.734470885925872e-05,0.012459376080832071,0.011420271525135929
littl,psychedelic rock,48,1963,2015,0.019700271637537604,0.011503986314093625,-0.00819628532344398,-0.00016356364587661408,0.011082342805836087,0.010429697575960793
littl,punk,47,1969,2015,0.0410377927162566,0.010070704292238424,-0.030967088424018175,-0.00026238808479960544,0.013889044985205802,0.011895005198182406
littl,rap,32,1984,2015,0.025922096117100734,0.011342778080401775,-0.014579318036698959,-0.00027038062704075284,0.01941837725203301,0.017355498189828858
littl,reggae,42,1969,2015,0.04459255985585453,0.011040923340180227,-0.033551636515674305,-0.0005338643923356277,0.019704475766160554,0.016757306455346448
littl,rock,61,1955,2015,0.043141772632797386,0.011873308540035824,-0.03126846409276156,-0.00019377604213581694,0.014674365232159849,0.012946162941743874
littl,samba,42,1963,2015,0.004587715696301535,0.013731595662098544,0.009143879965797009,-5.686202934455925e-05,0.009210732676456663,0.007592934744771359
littl,shoegaze,35,1981,2015,0.01087357488233494,0.0078220468699508,-0.00305152801238414,-8.911481341927325e-05,0.008029231663053346,0.007888488972262412
littl,singer-songwriter,56,1960,2015,0.008867410203790905,0.01565351986492588,0.006786109661134973,8.976508229661969e-05,0.017603532236812647,0.015591106081262353
littl,soft rock,49,1967,2015,0.013344028040179982,0.009269121487095782,-0.0040749065530842,0.0002669754583160137,0.017058098309918602,0.014612495701534998
littl,soul,61,1955,2015,0.01249855247735476,0.011084728243499327,-0.0014138242338554326,-0.00021455259408022505,0.016742989821268824,0.014302415434869908
littl,soundtrack,44,1965,2015,0.015244135054785331,0.005297055019215739,-0.009947080035569593,5.8494206720957287e-05,0.006161200120214677,0.006394576119495781
littl,synthpop,41,1975,2015,0.0,0.011572052411724817,0.011572052411724817,0.00020810006209290364,0.010005610858306063,0.009600091701646411
littl,thrash metal,37,1979,2015,0.0,0.005280614686197538,0.005280614686197538,-2.9480347828644135e-05,0.003264451674657463,0.0032403138604252895
lose,alternative rock,37,1979,2015,0.0,0.01967922054077038,0.01967922054077038,0.0005435786816187475,0.014296313346323506,0.014538219103386265
lose,ambient,43,1971,2015,0.00091971914130352,0.007521049416570479,0.006601330275266958,3.0005764695159043e-05,0.004900282738722353,0.005041289829510647
lose,black metal,36,1980,2015,0.006620968462641255,0.015094903304265737,0.008473934841624483,-2.2908019989949957e-05,0.010978774629189383,0.010625897509880739
lose,blues,61,1955,2015,0.009684373172326444,0.007595968747648062,-0.002088404424678382,5.4966899285166565e-05,0.012073021694145026,0.0117930151368612
lose,bossa nova,54,1960,2015,0.017612555347767695,0.0058147370693140965,-0.011797818278453599,7.625573023309991e-05,0.012326085700746623,0.011775937769798725
lose,brazilian rock,34,1982,2015,0.03003952012579626,0.018542086367697004,-0.011497433758099255,1.535660287931852e-05,0.019242149232538915,0.019698388709287026
lose,classic rock,61,1955,2015,0.006681869570107562,0.006630825147291087,-5.104442281647463e-05,-3.676515457354331e-06,0.00931233968373076,0.008457201312920336
lose,country,53,1955,2015,0.008029588540981179,0.013132785900320333,0.005103197359339154,2.4937575485959378e-05,0.012894123980134915,0.012117900092423906
lose,death metal,33,1983,2015,0.005381162097888615,0.01636658601128274,0.010985423913394125,0.00018815148082595583,0.015666743393808878,0.015373982390107116
lose,disco,46,1970,2015,0.005231862730946865,0.01048165983800607,0.005249797107059205,0.00010192578309426551,0.013728197699415709,0.012227030210087931
lose,doom metal,33,1983,2015,0.022354150061142313,0.016256951566301546,-0.006097198494840767,-0.00020266180987941297,0.019057779577335805,0.017359505815626373
lose,dream pop,34,1982,2015,0.007625837701075261,0.016855508834289126,0.009229671133213865,0.00025557568504031486,0.011693214377471471,0.011634169557048574
lose,easy listening,47,1959,2015,0.00858280259177534,0.021546615970560068,0.012963813378784729,0.00013748215842555034,0.01881524342315941,0.01953584923050467
lose,electronic,45,1971,2015,0.0,0.012172025522730917,0.012172025522730917,5.65464189617678e-05,0.010062141461781051,0.008855145959017877
lose,experimental,52,1964,2015,0.011302404267689345,0.013286479994206239,0.0019840757265168936,-0.00034258617572276834,0.011709849380898698,0.007852612079123356
lose,folk,57,1959,2015,0.003037725845495145,0.02041219789206053,0.017374472046565385,0.00017837129853149835,0.013001479350054303,0.01039549333650924
lose,funk,51,1965,2015,0.01485611961086021,0.010529969033696289,-0.004326150577163922,9.982227188568762e-05,0.00885206219374082,0.00886083058771951
lose,glam rock,39,1967,2015,0.01427006394211941,0.007526630552004064,-0.0067434333901153455,-1.5517363102040406e-05,0.00991050530564224,0.010119790812059066
lose,gothic rock,34,1977,2015,0.007721792525493493,0.024911736485798558,0.017189943960305064,0.0005271827031051327,0.018240924698464445,0.019975508186783605
lose,grunge,32,1984,2015,0.03768724548224471,0.01632176390522697,-0.02136548157701774,4.2586656293920944e-05,0.014397014574706827,0.01445398221928591
lose,hard rock,51,1965,2015,0.006380875051903371,0.01856421768120014,0.012183342629296767,0.00031173311056279597,0.014451724116769734,0.012516091917898604
lose,hardcore,39,1977,2015,0.0,0.023326808606439677,0.023326808606439677,0.0008628775447202875,0.013807867291162781,0.01784851868299105
lose,hardcore punk,32,1976,2015,0.00376888001527331,0.009662712088470424,0.005893832073197114,0.0001492530229022133,0.01262500488359686,0.013308221593185204
lose,indie rock,33,1983,2015,0.00221653848288389,0.019396446849488554,0.017179908366604664,0.00040710945241385536,0.011864892582426968,0.011623130714044163
lose,industrial,35,1981,2015,0.008385667171128952,0.009824629674988712,0.0014389625038597597,0.00011590828821684355,0.009453609323794797,0.009350759085838057
lose,jazz,61,1955,2015,0.00709774978993347,0.011716113003786891,0.004618363213853421,0.00015658096947316206,0.0061959499534463384,0.00565692711466244
lose,latin,40,1965,2015,0.016864075801314223,0.021123680788838452,0.004259604987524229,3.1654341904408606e-05,0.02074733891369477,0.021171258522823012
lose,metal,48,1968,2015,0.009537999232969423,0.01882292018683078,0.009284920953861357,0.0002160427123783351,0.017179305071186635,0.018511581061218405
lose,mpb,53,1963,2015,0.0,0.01606550702881471,0.01606550702881471,0.00015663908175886156,0.013225468201827828,0.013835645305622323
lose,new wave,43,1973,2015,0.0044626871193969,0.01527404651103759,0.01081135939164069,0.00010371464455177681,0.013235462279924495,0.011006784459469895
lose,pop,57,1959,2015,0.004044156483105736,0.014815422656365995,0.010771266173260258,0.00015508921396107742,0.011870224924683146,0.013004362471767901
lose,pop rock,32,1982,2015,0.022423018839820896,0.016632929370833324,-0.005790089468987573,-7.323805443963832e-05,0.016648900018767725,0.017135192163094552
lose,post-hardcore,35,1981,2015,0.004320927978663881,0.025525894670392048,0.021204966691728167,0.0006549409887864839,0.017871644160609042,0.018319414488355747
lose,post-punk,43,1973,2015,0.005494108776967155,0.01405941673497115,0.008565307958003995,0.00010740445703661685,0.014335945491105978,0.01443652017395913
lose,power metal,34,1981,2015,0.01239421043448543,0.016887076329549625,0.004492865895064195,0.0002020008815057253,0.018444652113421722,0.018685780903731658
lose,progressive metal,32,1984,2015,0.006984984933384538,0.021515909495857726,0.014530924562473188,0.00018631894920172922,0.019811723352867627,0.019156258222066888
lose,progressive rock,53,1963,2015,0.010053578273317921,0.014579445638181879,0.004525867364863958,0.0001617068678582747,0.013733157350232542,0.013174603846930678
lose,psychedelic rock,48,1963,2015,0.009556906082045359,0.0078022561260070525,-0.0017546499560383063,3.2565569115869574e-05,0.008946222916283582,0.009194465207252972
lose,punk,47,1969,2015,0.01287353485835701,0.01676673431421677,0.0038931994558597596,0.0003031107269362145,0.015517462860048405,0.016267877691333716
lose,rap,32,1984,2015,0.000855247624042187,0.011746691866160721,0.010891444242118534,0.00032770768465362974,0.008381105088902252,0.008134527504489402
lose,reggae,42,1969,2015,0.00390615786151275,0.011579711111810713,0.0076735532502979625,0.0002264882715046319,0.007737995101311264,0.007783290398421605
lose,rock,61,1955,2015,0.004432637459187604,0.016205375317739253,0.011772737858551648,0.0002184883206023388,0.01102880303788775,0.011425809441530745
lose,samba,42,1963,2015,0.00511903082058651,0.008188169518383855,0.003069138697797345,7.530420108375789e-05,0.013115878145641377,0.013898949263582474
lose,shoegaze,35,1981,2015,0.0031094000366347317,0.010571456447700456,0.007462056411065725,4.0653521476072805e-05,0.010968158120370414,0.010571456447700456
lose,singer-songwriter,56,1960,2015,0.01272471947865588,0.018579138885611954,0.005854419406956074,0.00017321266739978765,0.013405064323984719,0.013285283624044403
lose,soft rock,49,1967,2015,0.0022364438296061336,0.019288151037330243,0.017051707207724108,4.388354335856493e-05,0.014364159152567963,0.014290397336714259
lose,soul,61,1955,2015,0.0,0.01795201744948527,0.01795201744948527,0.00014058046138221795,0.009577710465212176,0.008582023202535918
lose,soundtrack,44,1965,2015,0.0,0.006761523599044846,0.006761523599044846,0.00010715987986215549,0.005849681218175889,0.005801520602332742
lose,synthpop,41,1975,2015,0.0,0.014820094786365525,0.014820094786365525,0.00024076620320536674,0.010022953182467348,0.010014441489912373
lose,thrash metal,37,1979,2015,0.010597251660590121,0.01311381502788485,0.002516563367294729,7.330774907259419e-06,0.01625788126552884,0.015707443553187168
sweet,alternative rock,37,1979,2015,0.0012719859306877068,0.004176002897237222,0.002904016966549515,3.520630584603669e-05,0.003538499806023308,0.003863621962022441
sweet,ambient,43,1971,2015,0.0,0.0023051038650182317,0.0023051038650182317,5.885052108146549e-05,0.001077544959726795,0.0010085872225323793
sweet,black metal,36,1980,2015,0.010567226027093805,0.0033925830085641553,-0.00717464301852965,-1.9970846908025487e-05,0.0024624547574016945,0.001918862891383768
sweet,blues,61,1955,2015,0.012557007320598834,0.010612386416664695,-0.0019446209039341387,-5.601057364983468e-06,0.014110243390678689,0.014136720629938088
sweet,bossa nova,54,1960,2015,0.0,0.00661806589016564,0.00661806589016564,0.00010055516824179619,0.004225393235134032,0.0032007249573421546
sweet,brazilian rock,34,1982,2015,0.0051794826140240694,0.002407299281242647,-0.0027721833327814223,3.101653986167351e-05,0.0022653260471456787,0.002163939541740787
sweet,classic rock,61,1955,2015,0.029885281238975818,0.016700368468617683,-0.013184912770358135,-0.00010021131349663786,0.01041467960897697,0.009345347289341603
sweet,country,53,1955,2015,0.005948901678512931,0.00640591076972777,0.00045700909121483904,-0.0001807950336834964,0.01439468544685014,0.011981317283271014
sweet,death metal,33,1983,2015,0.0,0.002421603384070602,0.002421603384070602,5.843876260155198e-05,0.0034140265033017984,0.0033959981766971286
sweet,disco,46,1970,2015,0.00163072578894703,0.004201786663633031,0.002571060874686001,-0.000276876770169376,0.0109180894298069,0.011100655964649491
sweet,doom metal,33,1983,2015,0.015209433133874623,0.004161112850339627,-0.011048320283534996,-7.188849105540928e-05,0.007749809055506098,0.005887773523676421
sweet,dream pop,34,1982,2015,0.0,0.004916309789959479,0.004916309789959479,3.8246828945300036e-05,0.005249191998378458,0.004887204646488789
sweet,easy listening,47,1959,2015,0.028778615349580396,0.002880573421770442,-0.025898041927809954,-0.00037660881396297055,0.010846264121829841,0.0038908422726796938
sweet,electronic,45,1971,2015,0.007524441784173904,0.0037269739274037217,-0.0037974678567701827,-0.00012950331713820697,0.005247352758549517,0.0036508274018619826
sweet,experimental,52,1964,2015,0.0,0.00426125027587604,0.00426125027587604,4.331184042845596e-05,0.004688152504607881,0.0035902359724190474
sweet,folk,57,1959,2015,0.004296754773951335,0.008417204264694422,0.004120449490743087,4.34499923266496e-05,0.009051442616545276,0.006080318064511714
sweet,funk,51,1965,2015,0.007100736655001355,0.005943104418849624,-0.0011576322361517314,4.972099448818483e-05,0.007414612725037554,0.007100736655001355
sweet,glam rock,39,1967,2015,0.01950813835094974,0.009503197492329855,-0.010004940858619884,-0.00021129127963808773,0.008632026797408546,0.0072252391532072755
sweet,gothic rock,34,1977,2015,0.0041187766688303646,0.005012897891154608,0.0008941212223242435,0.00030533088351088796,0.008349189474436622,0.00874947977729768
sweet,grunge,32,1984,2015,0.0,0.001896031527932783,0.001896031527932783,1.9471043395634966e-05,0.004417578533810335,0.0042571124711233525
sweet,hard rock,51,1965,2015,0.005516979085681627,0.0078068068828063145,0.002289827797124688,-0.00013072441326807517,0.008636148195148075,0.007694668323776399
sweet,hardcore,39,1977,2015,0.0,0.002083774361520077,0.002083774361520077,-0.0001084993788495786,0.0037366146610969143,0.002083774361520077
sweet,hardcore punk,32,1976,2015,0.0,0.0037016127847961933,0.0037016127847961933,7.833100978827946e-05,0.0036111002283346354,0.0
sweet,indie rock,33,1983,2015,0.0,0.005770588635950412,0.005770588635950412,3.294271046103883e-05,0.004917047018333828,0.004763219377557091
sweet,industrial,35,1981,2015,0.0039104398086149735,0.003651829389499042,-0.00025861041911593146,-5.051674649297657e-06,0.0038260569853145274,0.0036883686178993584
sweet,jazz,61,1955,2015,0.01027278502361879,0.004859948015680201,-0.005412837007938589,5.223831927438473e-05,0.008676238714682566,0.008430818717330934
sweet,latin,40,1965,2015,0.0,0.0017900761728034099,0.0017900761728034099,0.00015641822715596173,0.004285417294486104,0.004351180510202366
sweet,metal,48,1968,2015,0.021442268059387738,0.003800685325102381,-0.017641582734285358,-7.855928585704174e-05,0.004307856493496636,0.003694386183372575
sweet,mpb,53,1963,2015,0.0,0.0048708230359263026,0.0048708230359263026,0.00010534782922191624,0.0044818126650323425,0.0048708230359263026
sweet,new wave,43,1973,2015,0.004446579762979234,0.004921716602128989,0.000475136839149755,-7.24129094401484e-05,0.006967237942367088,0.006130998603294448
sweet,pop,57,1959,2015,0.0,0.006653274718824728,0.006653274718824728,1.8654311236444896e-05,0.007362800904072072,0.006840359923299792
sweet,pop rock,32,1982,2015,0.0,0.006372899775797037,0.006372899775797037,-2.3831259124972354e-05,0.005355502244686844,0.005294832120467753
sweet,post-hardcore,35,1981,2015,0.004914083862590176,0.003278267140919419,-0.001635816721670757,-7.269976283061782e-05,0.006569202443168915,0.0050210707843695405
sweet,post-punk,43,1973,2015,0.0,0.002997573435675286,0.002997573435675286,5.322749861065745e-05,0.007389826509872139,0.006260878723991944
sweet,power metal,34,1981,2015,0.0,0.003051629869930527,0.003051629869930527,8.267192812607194e-05,0.003498786864650063,0.0025000482010809656
sweet,progressive metal,32,1984,2015,0.0,0.0021535561797485347,0.0021535561797485347,0.00010344208771158129,0.0027454572418155712,0.0027011950428114753
sweet,progressive rock,53,1963,2015,0.004457021578356044,0.007192804197684546,0.0027357826193285025,-5.9622849867758666e-05,0.00584504359776419,0.00501921935918749
sweet,psychedelic rock,48,1963,2015,0.012780029436278694,0.0037306465932817165,-0.009049382842996978,-0.0001296520342366839,0.00554193064017422,0.004994051707718971
sweet,punk,47,1969,2015,0.0013441491500357334,0.0034914422666297005,0.002147293116593967,-3.0704269928743585e-05,0.0035134437776361905,0.0028828929381252534
sweet,rap,32,1984,2015,0.0,0.002661348084110257,0.002661348084110257,1.252402383514392e-05,0.0034732873273293587,0.0036441762344602965
sweet,reggae,42,1969,2015,0.008357463638529078,0.01536735097764364,0.007009887339114562,-2.0246899273025022e-05,0.008457941409939353,0.007999852438452476
sweet,rock,61,1955,2015,0.0021128684469310455,0.0034493143931821463,0.0013364459462511008,-7.163962995410883e-05,0.006244115640112965,0.004772244035805829
sweet,samba,42,1963,2015,0.00174124184920788,0.010596946175472202,0.008855704326264322,0.00018577326656632684,0.006977664076827857,0.005102876986876978
sweet,shoegaze,35,1981,2015,0.005314166384641023,0.0050610710937270915,-0.0002530952909139319,-0.00010510469247007866,0.005747062519563394,0.004744791414858057
sweet,singer-songwriter,56,1960,2015,0.0,0.005616899521497297,0.005616899521497297,-0.00018575891898516597,0.011084468841045398,0.009330441436398839
sweet,soft rock,49,1967,2015,0.018053172903911154,0.02182153548979532,0.003768362585884165,0.0001497739144318527,0.009689154412248711,0.01060002724946164
sweet,soul,61,1955,2015,0.025915735965042024,0.010252340701044124,-0.0156633952639979,-0.00027085618283127777,0.016245717631944472,0.013801023226233384
sweet,soundtrack,44,1965,2015,0.0020995147555442095,0.0025656695272674567,0.00046615477172324725,-2.3919449896514715e-05,0.005018344780421623,0.005248979377028087
sweet,synthpop,41,1975,2015,0.0,0.0038687890403826105,0.0038687890403826105,-0.0003080995043273937,0.00759501656138931,0.004158587918496274
sweet,thrash metal,37,1979,2015,0.005589678091865575,0.004764343215101204,-0.0008253348767643708,5.496612213438857e-05,0.0035016847454643835,0.002294759210971742
away,alternative rock,37,1979,2015,0.009703718091837947,0.021716300630512764,0.012012582538674817,0.00026489694219412164,0.02556989426687313,0.02541763143555457
away,ambient,43,1971,2015,0.003696960502765375,0.009752988894416764,0.006056028391651388,-6.928324685008715e-06,0.009273565621946745,0.007441525095919975
away,black metal,36,1980,2015,0.019900317999781286,0.013871722441710654,-0.0060285955580706325,6.977442564298975e-05,0.010502294480675215,0.01036214199990003
away,blues,61,1955,2015,0.011510630229775588,0.017773729672431005,0.006263099442655417,0.00021972559788478236,0.01780116311715802,0.018184969664234926
away,bossa nova,54,1960,2015,0.0,0.015090976768284728,0.015090976768284728,4.12225533899382e-05,0.010303449127008877,0.00951856777779847
away,brazilian rock,34,1982,2015,0.008366934675696653,0.011807951734721734,0.003441017059025081,0.00015776541361121446,0.013128522148344899,0.013008425202274486
away,classic rock,61,1955,2015,0.016876756987033774,0.015338155173701889,-0.001538601813331885,3.476617737307667e-05,0.017210303854954128,0.01663820232950394
away,country,53,1955,2015,0.028341943221712327,0.016948477573004016,-0.011393465648708311,6.639851688775566e-05,0.019914261581843964,0.020596336014411912
away,death metal,33,1983,2015,0.0027527017197225,0.020544370948763564,0.017791669229041063,0.00030396886874983374,0.016087613879011708,0.015297263021155721
away,disco,46,1970,2015,0.0052900003852982295,0.014136912397303324,0.008846912012005093,7.614074701652866e-05,0.01074205559907785,0.01163777527471166
away,doom metal,33,1983,2015,0.008401283909964943,0.028660925779166162,0.02025964186920122,0.0006822791718648257,0.019739662413822426,0.021407816064994208
away,dream pop,34,1982,2015,0.025150587571213853,0.02315827751700198,-0.0019923100542118717,-0.00024530829332356765,0.023508462440878404,0.022605673434244043
away,easy listening,47,1959,2015,0.016653594348846758,0.011607730075959196,-0.005045864272887562,-0.00010296576860659292,0.026576390295766382,0.021809405313803383
away,electronic,45,1971,2015,0.0,0.015918564429230325,0.015918564429230325,0.00026443642540963276,0.010804484558625267,0.011287232860975627
away,experimental,52,1964,2015,0.012605220068751984,0.014384778725738318,0.001779558656986334,-0.0003044939706381819,0.01873316869812902,0.014890446208846522
away,folk,57,1959,2015,0.013915767507057464,0.01871634664701846,0.004800579139960997,2.9625445853764144e-05,0.018649312014230247,0.01864557234757431
away,funk,51,1965,2015,0.011898175750417104,0.008539557924117383,-0.003358617826299721,3.023138668082607e-05,0.014376746753793851,0.01447675802911503
away,glam rock,39,1967,2015,0.03159041082443758,0.020796839322884553,-0.010793571501553027,-0.0003422850923268432,0.01917464396353273,0.01818978765896387
away,gothic rock,34,1977,2015,0.013791515712379283,0.03928647029589072,0.025494954583511434,0.0003683840815008484,0.030007622129293636,0.029643100773957046
away,grunge,32,1984,2015,0.02591944716786952,0.0204029313272551,-0.005516515840614418,-0.0005806111399769525,0.028507071408564545,0.03008670342948791
away,hard rock,51,1965,2015,0.019958306663157895,0.021985106191645804,0.002026799528487909,0.0003624457261516008,0.028592804954431845,0.025097344741654613
away,hardcore,39,1977,2015,0.0,0.023799307756738865,0.023799307756738865,0.0004891278611787491,0.017425738927922863,0.015992486980264446
away,hardcore punk,32,1976,2015,0.023154823363512787,0.02163676660325471,-0.001518056760258079,0.00021529601757575752,0.013681230492528403,0.013630854275399486
away,indie rock,33,1983,2015,0.015154740127768167,0.017506954874824072,0.002352214747055905,-0.00021047281467170993,0.02237896840316273,0.021092654841266423
away,industrial,35,1981,2015,0.007199363415415021,0.01588341489486937,0.00868405147945435,0.00012510173991839936,0.02435865370545463,0.02228698392055691
away,jazz,61,1955,2015,0.004795214011865749,0.009639366831736761,0.004844152819871012,0.00012389953220989664,0.008073546988842797,0.008207258589169516
away,latin,40,1965,2015,0.026936428610492204,0.016036797904042333,-0.010899630706449871,-6.364597227721339e-05,0.015183390037471257,0.015179881610063992
away,metal,48,1968,2015,0.0400362238820388,0.024615026498574454,-0.015421197383464345,0.00017673512463660924,0.029864892116241642,0.03336959204998317
away,mpb,53,1963,2015,0.00490624611689483,0.010247178604174472,0.005340932487279642,6.106094723438873e-05,0.01063586144785055,0.01103225935851629
away,new wave,43,1973,2015,0.007498574606413004,0.03535680635296105,0.027858231746548043,4.0191721085070725e-05,0.020032042173229382,0.01990997950199358
away,pop,57,1959,2015,0.03165316807138462,0.016255075603535434,-0.015398092467849189,-0.0001806382735250365,0.023224077591126234,0.02230116836480551
away,pop rock,32,1982,2015,0.016969986506981862,0.023467057727813705,0.0064970712208318425,0.0001904624994546774,0.02337606899748449,0.02428091887280385
away,post-hardcore,35,1981,2015,0.040883761931352444,0.03310168373038074,-0.007782078200971702,0.0006988163795223373,0.025304689125995778,0.034168485504120175
away,post-punk,43,1973,2015,0.0021223170301890855,0.017480888417009652,0.015358571386820567,8.220681901116624e-05,0.02026993332715507,0.020703854654588023
away,power metal,34,1981,2015,0.007936844660768638,0.02138735418767688,0.01345050952690824,0.00043857221544631414,0.024733142235769598,0.02419157082805929
away,progressive metal,32,1984,2015,0.02104413075262428,0.028010173253851123,0.006966042501226843,-0.00027126735768488963,0.03303357263386839,0.032985971730872726
away,progressive rock,53,1963,2015,0.012001120910825796,0.018224616547726356,0.006223495636900561,0.00018437327751379113,0.02264408563831814,0.022073856746188832
away,psychedelic rock,48,1963,2015,0.018092156779270833,0.011657444721727007,-0.006434712057543826,-1.6176571907706264e-05,0.018800430946865277,0.018054646325756943
away,punk,47,1969,2015,0.025131467291765505,0.019858968162946217,-0.0052724991288192885,0.00012946555636581778,0.022787505153429543,0.02323871738951414
away,rap,32,1984,2015,0.010030129693451517,0.009795153692075502,-0.0002349760013760152,0.0002067050488451328,0.008688358860824776,0.008870099456113875
away,reggae,42,1969,2015,0.020638248537865594,0.018959829377672214,-0.0016784191601933798,0.00010292471761330812,0.015501744815038278,0.014961660964267105
away,rock,61,1955,2015,0.005656725366744041,0.019300863054281255,0.013644137687537214,8.978837931570785e-05,0.021893568619126544,0.02162592859724906
away,samba,42,1963,2015,0.01227495643439539,0.0056251988648071535,-0.006649757569588236,-8.897519430872325e-05,0.009734963429149793,0.009507950733887811
away,shoegaze,35,1981,2015,0.021041865521813308,0.02479817445287984,0.0037563089310665328,-0.00011734133063240413,0.02498912703433223,0.02479817445287984
away,singer-songwriter,56,1960,2015,0.0222216538836146,0.022617172074949354,0.00039551819133475455,4.069322689464226e-05,0.02150190742879765,0.021214101128017998
away,soft rock,49,1967,2015,0.01084400196419901,0.03230641473599555,0.021462412771796537,0.00034777633171788927,0.021397387281953107,0.019491726049823868
away,soul,61,1955,2015,0.014555066536040459,0.017126644364018506,0.0025715778279780475,-1.8468412385396874e-05,0.019040857808132514,0.017126644364018506
away,soundtrack,44,1965,2015,0.008105625780235196,0.007032082450098471,-0.001073543330136725,-0.00011615245372515133,0.010589957020342678,0.009667638783138302
away,synthpop,41,1975,2015,0.037359638043080255,0.01784696302748757,-0.019512675015592684,-0.0002765405151995764,0.023273817813869314,0.023108702829966868
away,thrash metal,37,1979,2015,0.024618383740316035,0.020149597356169065,-0.00446878638414697,5.349832069866997e-05,0.023733619697883825,0.022328149544156246
one,alternative rock,37,1979,2015,0.017652212571723024,0.027621290617786915,0.009969078046063892,0.0002649419466199806,0.02838466983958313,0.029734410848302723
one,ambient,43,1971,2015,0.00730399415884142,0.008861316320904854,0.0015573221620634337,2.644761036519747e-06,0.009170369055748766,0.00817010300034894
one,black metal,36,1980,2015,0.012083106586127098,0.02815204475048616,0.016068938164359062,8.218804552515516e-05,0.023116187008766893,0.023324947014454953
one,blues,61,1955,2015,0.03374958368401063,0.03432797615507608,0.0005783924710654476,5.530576071509725e-05,0.022729964672814917,0.020950784401049204
one,bossa nova,54,1960,2015,0.024775805489675375,0.013344901000542031,-0.011430904489133344,0.00018742574559317592,0.02408769567199147,0.024169527903939458
one,brazilian rock,34,1982,2015,0.046515736000891976,0.027176872626630835,-0.01933886337426114,-0.0005337209109006287,0.031969505204370356,0.03270893076826217
one,classic rock,61,1955,2015,0.008918640056370043,0.021571822107500454,0.012653182051130411,0.00013448673909659454,0.025563361224511926,0.026151371797416126
one,country,53,1955,2015,0.05307830293426869,0.030533043530224412,-0.02254525940404428,-4.5509454238846394e-05,0.03477396588012987,0.03446318174994823
one,death metal,33,1983,2015,0.00836796046811179,0.027642659533368256,0.019274699065256466,0.0004824218806612438,0.02847526888943792,0.030354990514907094
one,disco,46,1970,2015,0.016908626159664313,0.03690306764103785,0.01999444148137354,0.00011138396743311157,0.028365708959591306,0.02668206935277971
one,doom metal,33,1983,2015,0.03149932232524546,0.028322840809707876,-0.003176481515537583,-4.982632935618234e-05,0.027593908357851,0.02793220446467979
one,dream pop,34,1982,2015,0.017321821139975116,0.022768980286674692,0.005447159146699576,0.0003316436329199462,0.018288684652438904,0.01910171761611007
one,easy listening,47,1959,2015,0.012413944221855057,0.04500756707356331,0.03259362285170825,-0.00011546702801883467,0.028395920284486613,0.025178548853201217
one,electronic,45,1971,2015,0.00527132431474548,0.02031701666849296,0.015045692353747479,0.0002995164608976405,0.0170441997973248,0.017734934821615096
one,experimental,52,1964,2015,0.009070708403756836,0.01978113590122352,0.010710427497466686,0.00021072973274711076,0.019640128832854726,0.019565249925852495
one,folk,57,1959,2015,0.03350901613593775,0.027164460640620613,-0.006344555495317136,-2.6645910041469266e-06,0.028208057524712914,0.02853043166732906
one,funk,51,1965,2015,0.01932769099485456,0.031012118603216204,0.011684427608361643,0.00019950522512345747,0.02305844664173009,0.022020118960750523
one,glam rock,39,1967,2015,0.0202106489508505,0.016324482526505403,-0.003886166424345097,-1.1438239844211389e-07,0.031163823070470588,0.02831554796998038
one,gothic rock,34,1977,2015,0.008688841919306595,0.016602510419883913,0.007913668500577318,0.00014753205082239417,0.02422755197014628,0.024705672401990564
one,grunge,32,1984,2015,0.019937678403671954,0.022266748738346172,0.002329070334674218,7.633197962474723e-05,0.03545179971655929,0.03391599897586706
one,hard rock,51,1965,2015,0.018793617422304093,0.026791827576183494,0.007998210153879401,0.00025640769427182227,0.02913542953659648,0.030586197775984394
one,hardcore,39,1977,2015,0.013228147311811544,0.02900421480064109,0.015776067488829544,0.00030465699134422176,0.03551747606736104,0.03801162805526568
one,hardcore punk,32,1976,2015,0.0,0.027817854317430807,0.027817854317430807,0.00031747578256052485,0.03229103229268232,0.033350365086922476
one,indie rock,33,1983,2015,0.020702584400789252,0.025762638667672172,0.00506005426688292,-9.551085356904516e-05,0.029156574796321322,0.02753767189855523
one,industrial,35,1981,2015,0.02600863820399579,0.019360784705020475,-0.006647853498975315,-0.00025677346201880745,0.025066249244479925,0.02451324132803337
one,jazz,61,1955,2015,0.00838092000969595,0.025464890550502352,0.017083970540806404,8.227892543196702e-05,0.01700515175051393,0.01480596349504628
one,latin,40,1965,2015,0.015004167757414111,0.03261721165277697,0.017613043895362862,0.0002211242661261723,0.03050781423223593,0.030992681303212897
one,metal,48,1968,2015,0.010215035889916022,0.02713796590411031,0.016922930014194287,0.0003746609475484674,0.025162860505809084,0.02756735406776655
one,mpb,53,1963,2015,0.025312037833840072,0.026148391367997462,0.0008363535341573899,-5.877424126934145e-05,0.0260054055453192,0.023608320459270256
one,new wave,43,1973,2015,0.02517525230669371,0.026018274569071277,0.0008430222623775664,-8.455563083658606e-05,0.022442651548599597,0.02275568645922284
one,pop,57,1959,2015,0.020084743052813256,0.029444477473008688,0.009359734420195432,0.00014483521801411908,0.02870107906131739,0.029478544174324384
one,pop rock,32,1982,2015,0.054989539880702064,0.02607378002593874,-0.028915759854763325,-6.739779357230706e-05,0.030482249260499073,0.031537279343832346
one,post-hardcore,35,1981,2015,0.05305347954595306,0.027759760084690076,-0.025293719461262985,0.00015636458350202947,0.031201112366743118,0.03411483042009081
one,post-punk,43,1973,2015,0.034489937721303814,0.02095139834029276,-0.013538539381011055,8.512368734912982e-05,0.02122604793582868,0.02081311308043239
one,power metal,34,1981,2015,0.034187337127787557,0.03847203047779703,0.004284693350009472,0.0003350212899645843,0.03692097010208543,0.03719026364405402
one,progressive metal,32,1984,2015,0.015194309379553572,0.02898989509824275,0.013795585718689177,0.00036422593292001904,0.025772426270834398,0.0258521881212305
one,progressive rock,53,1963,2015,0.013493946460235363,0.022680657918457445,0.009186711458222082,0.00017863362103736992,0.026532463631918676,0.02624360593368449
one,psychedelic rock,48,1963,2015,0.01286694600173574,0.025394160607522004,0.012527214605786263,0.00010575180018131996,0.025185926279677095,0.023932974094929137
one,punk,47,1969,2015,0.025438598409485653,0.026681463118377182,0.0012428647088915286,0.00018628578072106083,0.031951666437869,0.03157950115272687
one,rap,32,1984,2015,0.04019170224710136,0.03007816540147477,-0.010113536845626592,-0.0006703982000763829,0.038994119932836885,0.03699089788086908
one,reggae,42,1969,2015,0.007977063059081796,0.031263959904021664,0.02328689684493987,2.1525285723192974e-05,0.028076087780043186,0.0264481094152844
one,rock,61,1955,2015,0.015353160912182877,0.027951658353950904,0.012598497441768027,0.0002863936274965213,0.02465694317069209,0.025130243146128297
one,samba,42,1963,2015,0.005168946555460236,0.022331322407137352,0.01716237585167712,4.330206124835169e-05,0.02520168976860293,0.02619116109756367
one,shoegaze,35,1981,2015,0.01801034730763011,0.020655138022534852,0.002644790714904744,0.00016758363766525007,0.018058405184761553,0.01809346954946364
one,singer-songwriter,56,1960,2015,0.05834468039833388,0.02617614597902543,-0.03216853441930845,-0.00017480598760206576,0.029653732036022094,0.03031503588911901
one,soft rock,49,1967,2015,0.004331568713646524,0.03159313944860908,0.027261570734962555,0.0004173396108970978,0.030536565607283333,0.03159313944860908
one,soul,61,1955,2015,0.03503952746792792,0.029004749332058356,-0.006034778135869563,-4.01703963475614e-06,0.030536214899527795,0.02937245729238567
one,soundtrack,44,1965,2015,0.023302310021975196,0.011970569341501177,-0.011331740680474019,-7.560268482783784e-06,0.01633734243889636,0.017037206254223454
one,synthpop,41,1975,2015,0.00434611272565125,0.023240973979875294,0.018894861254224044,0.00039548303843350087,0.02294917637685197,0.02169424637942069
one,thrash metal,37,1979,2015,0.039036156950004265,0.030534075779850834,-0.008502081170153431,-0.0003869666591247658,0.03234431947632581,0.032930126393890626
take,alternative rock,37,1979,2015,0.044730409283235094,0.026147597194449916,-0.018582812088785178,4.496584334914197e-05,0.02976510394488513,0.030829695715671422
take,ambient,43,1971,2015,0.0034013727807978246,0.011389158630558165,0.00798778584976034,6.41693602301992e-05,0.007327210813541597,0.006025278620981803
take,black metal,36,1980,2015,0.026895643048466165,0.012055444213925388,-0.014840198834540777,-0.00022084789557913167,0.014034118195088544,0.012802629571355733
take,blues,61,1955,2015,0.017655084556051914,0.027820698607088242,0.010165614051036328,0.00013416441139512664,0.022390315177793996,0.020222502611008546
take,bossa nova,54,1960,2015,0.011191823135799715,0.014007850617009574,0.002816027481209859,0.00011524850790770846,0.01745468288354546,0.01759064337461523
take,brazilian rock,34,1982,2015,0.016042879453679847,0.022883873690369358,0.006840994236689511,0.0004114720799629881,0.027154437454774548,0.02279473691600848
take,classic rock,61,1955,2015,0.023261449879053313,0.015012682281092898,-0.008248767597960414,2.1096701224872235e-05,0.023079454086419513,0.022721834116991226
take,country,53,1955,2015,0.02571345461171818,0.028554040066932164,0.002840585455213984,0.00011178197445823465,0.03009653823774085,0.03176605568102287
take,death metal,33,1983,2015,0.02230948809662216,0.01578469504548071,-0.00652479305114145,-0.00011266958876117549,0.020607546093269487,0.021247131520592533
take,disco,46,1970,2015,0.0198009839135092,0.027653005134304964,0.007852021220795764,-3.56998333250696e-05,0.025875169272436792,0.02739310280998441
take,doom metal,33,1983,2015,0.02151069176022407,0.017251794593442147,-0.004258897166781923,-0.0002742096975932,0.0188769106757103,0.018894645510549177
take,dream pop,34,1982,2015,0.012549315209169876,0.02543040287655097,0.012881087667381092,0.00042931557863784157,0.02291429673156823,0.0238946653691583
take,easy listening,47,1959,2015,0.0340488905792265,0.02285541694061304,-0.01119347363861346,-0.0003702626498372296,0.021021216082176688,0.017132262900212688
take,electronic,45,1971,2015,0.005402785116048875,0.020691215200166004,0.015288430084117129,0.00011283773064913407,0.0212611539989677,0.021580955020717815
take,experimental,52,1964,2015,0.02280394656888521,0.017122327855150173,-0.005681618713735036,-0.0002411895960008556,0.019690017962412917,0.017858683366737266
take,folk,57,1959,2015,0.010281060729060465,0.026678611405484623,0.016397550676424157,0.00019984621132138576,0.020283442141168385,0.020533969480158377
take,funk,51,1965,2015,0.0316533175514811,0.034167240284178356,0.002513922732697259,6.43030608118492e-05,0.023641749219781284,0.02396028145194105
take,glam rock,39,1967,2015,0.028761092129915414,0.0188411046557394,-0.009919987474176013,-8.825851556902224e-05,0.023550874035530328,0.022905556082173734
take,gothic rock,34,1977,2015,0.013052805457640605,0.021762805992608217,0.008710000534967613,0.0005079971593493476,0.021263616520017944,0.021291923420078303
take,grunge,32,1984,2015,0.02085251840137398,0.03327521492706875,0.012422696525694773,0.0004154730614530226,0.03369567484066412,0.030842409732134476
take,hard rock,51,1965,2015,0.030214360136115472,0.03153392789953421,0.0013195677634187351,0.00012034269699959193,0.032487992637928564,0.031023212767912464
take,hardcore,39,1977,2015,0.012985658668437566,0.029741682084783568,0.016756023416346,0.00038887083793370564,0.024275437089769637,0.026034298593904805
take,hardcore punk,32,1976,2015,0.02711170510017742,0.022171428253545917,-0.004940276846631501,-0.0001570724380820661,0.018780178083460865,0.01916700167543305
take,indie rock,33,1983,2015,0.016781368724070374,0.024877003123035098,0.008095634398964723,0.00031221260414083683,0.023812409830954857,0.024877003123035098
take,industrial,35,1981,2015,0.016228517545872425,0.018758097741618497,0.002529580195746072,-0.0003608947119183631,0.022347314618947615,0.019170988726848904
take,jazz,61,1955,2015,0.008535143076847372,0.015520178839299952,0.006985035762452579,0.00015348241160653947,0.012874092720030476,0.014647213567961267
take,latin,40,1965,2015,0.01261060114767355,0.025158923556083537,0.012548322408409987,0.00017972279608925642,0.020879760866886612,0.0217159532709552
take,metal,48,1968,2015,0.03379962078325095,0.020673386208584606,-0.013126234574666346,-0.0002134376734555149,0.031303867599344816,0.030646983669141516
take,mpb,53,1963,2015,0.048676059439455986,0.02323642998925849,-0.025439629450197496,4.262773334297833e-05,0.022854448281165125,0.021614934016084206
take,new wave,43,1973,2015,0.01986256565895934,0.03186614752028977,0.012003581861330426,3.644659840182597e-05,0.024007104313207697,0.02412026300536897
take,pop,57,1959,2015,0.011677840412456309,0.026861969172718346,0.015184128760262037,0.00016889211349037256,0.02692683832827776,0.028534617372644514
take,pop rock,32,1982,2015,0.014324451329730623,0.03438187292157117,0.020057421591840544,0.00011143619375845185,0.02992769606801817,0.032331569909326174
take,post-hardcore,35,1981,2015,0.008706318427371094,0.036102742404829566,0.02739642397745847,0.0011173666078266753,0.025143560870333682,0.027954808356215735
take,post-punk,43,1973,2015,0.010944291206722703,0.022910755616344668,0.011966464409621964,4.3555363214456815e-05,0.02212998932056101,0.022817099242671755
take,power metal,34,1981,2015,0.01864729491946134,0.022804492814122744,0.004157197894661405,0.00012292469349246536,0.024039482042978927,0.022216736100518136
take,progressive metal,32,1984,2015,0.0375638711847481,0.024720851206979248,-0.01284301997776885,-0.0002595190511935616,0.026915547046321615,0.025608640578821215
take,progressive rock,53,1963,2015,0.0166150611692425,0.027123757707426723,0.010508696538184224,7.660574201698758e-05,0.02195271790198772,0.02240165211581333
take,psychedelic rock,48,1963,2015,0.02689090643749203,0.018615838457251486,-0.008275067980240546,5.6331058524366295e-05,0.022281336352385772,0.022634438273563453
take,punk,47,1969,2015,0.02426681342497136,0.02501004493193528,0.0007432315069639227,0.00011431821963382726,0.025922537884136863,0.02554197333317024
take,rap,32,1984,2015,0.0266227105672728,0.026850593099328853,0.00022788253205605416,0.00011458330701198545,0.0278254523683315,0.02733151683178772
take,reggae,42,1969,2015,0.023822876668585714,0.020131819338827003,-0.003691057329758711,0.0002136678540563522,0.019269083689055805,0.02021517266717782
take,rock,61,1955,2015,0.005972716127564933,0.02855677233691566,0.022584056209350726,0.00021433575301711157,0.023919322038502177,0.024767408175629665
take,samba,42,1963,2015,0.04389454055219871,0.016251027683718996,-0.027643512868479717,-0.00022188612387291688,0.02806432707624531,0.028651658235476763
take,shoegaze,35,1981,2015,0.015460772266235047,0.022728693517581725,0.007267921251346678,-0.00017900081557654357,0.021013583220426405,0.02050612277671485
take,singer-songwriter,56,1960,2015,0.03032038840378116,0.02435708090766038,-0.005963307496120781,-5.02334602728646e-05,0.0278150113771134,0.02506147248827102
take,soft rock,49,1967,2015,0.03452405134755453,0.03016681851616021,-0.004357232831394317,-0.000113495144829954,0.027923007137594744,0.02772915813569478
take,soul,61,1955,2015,0.005165258884467685,0.026271620531578794,0.02110636164711111,0.00026843156199031715,0.023761919816303417,0.025070706624018835
take,soundtrack,44,1965,2015,0.0181060684537971,0.010173527909552192,-0.007932540544244908,-7.046250063729742e-05,0.015049277727348953,0.013567254196514576
take,synthpop,41,1975,2015,0.013268787548678005,0.027485660442761743,0.014216872894083738,0.00010165534177048622,0.023802429544250915,0.022180550259804383
take,thrash metal,37,1979,2015,0.07620812572865626,0.023735560001179032,-0.05247256572747723,-0.0005253207560641213,0.032201260332025666,0.03151839132129072
wait,alternative rock,37,1979,2015,0.00398615473152646,0.016214431076006872,0.012228276344480413,0.0004596202302533797,0.012110274773844836,0.0117474089227671
wait,ambient,43,1971,2015,0.008769084872624315,0.0051760152349599325,-0.003593069637664382,-0.00010913383002504193,0.005599136943372058,0.00507481008760531
wait,black metal,36,1980,2015,0.0,0.005212235231967913,0.005212235231967913,7.854830977174349e-05,0.0049218030953795365,0.004992378307045157
wait,blues,61,1955,2015,0.0021219758557823047,0.011666432612574594,0.00954445675679229,0.00016870725995365047,0.007978497266425686,0.006745194217614807
wait,bossa nova,54,1960,2015,0.008482476396189435,0.01148270094854481,0.003000224552355376,0.00021929657009484805,0.009698678024470811,0.00908502602032047
wait,brazilian rock,34,1982,2015,0.011550592562268843,0.012125259632491602,0.0005746670702227591,4.853640744775338e-05,0.014203222758530292,0.013457844466845975
wait,classic rock,61,1955,2015,0.0,0.015263888249881022,0.015263888249881022,0.000135483364483828,0.010745939389126165,0.010933931759924367
wait,country,53,1955,2015,0.0035073469152069174,0.010580629679994213,0.007073282764787296,0.00010776067254596744,0.00954735593327814,0.010349749674782627
wait,death metal,33,1983,2015,0.0058110649085402,0.009586443039908524,0.0037753781313683244,0.0002092659166787906,0.009177784038989443,0.009161251751532226
wait,disco,46,1970,2015,0.0037274673958836947,0.024168176399430863,0.020440709003547167,0.00017463648786753428,0.005943488868724287,0.0046625443393525316
wait,doom metal,33,1983,2015,0.009905255647885624,0.014293734774584718,0.004388479126699095,-1.060820704250828e-05,0.011611154695330214,0.010785488043101534
wait,dream pop,34,1982,2015,0.02366707321812773,0.01745888815888954,-0.006208185059238192,8.6108978099777e-05,0.01302814354373769,0.014076548476499317
wait,easy listening,47,1959,2015,0.0,0.010689995556375658,0.010689995556375658,7.002915981060891e-05,0.013972949774875433,0.01204881750554394
wait,electronic,45,1971,2015,0.005123773455509295,0.010469664685449418,0.005345891229940123,7.465378082143997e-05,0.00998454379009937,0.009904268037456282
wait,experimental,52,1964,2015,0.011349212687947982,0.00936819831014188,-0.001981014377806102,3.9924899683473445e-05,0.007603863282345554,0.007956540643423203
wait,folk,57,1959,2015,0.012420820604263505,0.017376523424397154,0.0049557028201336496,1.0692430414252242e-05,0.015519353295903008,0.014013597980828808
wait,funk,51,1965,2015,0.0,0.0035239935640014397,0.0035239935640014397,5.726371879903331e-05,0.008447111684110286,0.007097803565252396
wait,glam rock,39,1967,2015,0.001348667579962747,0.007385386674922454,0.006036719094959706,-5.154586559774747e-05,0.016721385965316367,0.011692624792455272
wait,gothic rock,34,1977,2015,0.005449007708232787,0.008947910388881198,0.003498902680648411,0.0003608644361840801,0.017454135889887503,0.019075929466622885
wait,grunge,32,1984,2015,0.005879462751440389,0.01867872477017847,0.012799262018738081,0.00022565053118380214,0.016174932346896303,0.016077937116193406
wait,hard rock,51,1965,2015,0.0016588194795447877,0.011092823245364277,0.00943400376581949,0.00018513687370640052,0.012308500858235923,0.013412955058386375
wait,hardcore,39,1977,2015,0.003424146552714895,0.01404119842227154,0.010617051869556644,0.0004082568705821908,0.01185545550857266,0.013922863514471476
wait,hardcore punk,32,1976,2015,0.03306278043963688,0.011977056111203251,-0.02108572432843363,-0.00018073796688519082,0.014333997480492088,0.011515597528003477
wait,indie rock,33,1983,2015,0.01639499406190828,0.01992129198325481,0.0035262979213465315,0.0001944271428597144,0.01686964076151075,0.01735814662973588
wait,industrial,35,1981,2015,0.004156986023659874,0.014011146799212105,0.00985416077555223,0.000372562805510324,0.00877414761051677,0.007124530947011865
wait,jazz,61,1955,2015,0.0023036909984760637,0.012505958098335067,0.010202267099859004,0.00012436669832355523,0.00833907567193308,0.008422365137491547
wait,latin,40,1965,2015,0.005517798125436735,0.012970072779328596,0.007452274653891861,-5.228857837361837e-05,0.01579705364444055,0.015477559446226977
wait,metal,48,1968,2015,0.00991549874387902,0.013027306721925131,0.0031118079780461123,9.284637114486648e-05,0.012881934603300971,0.012832262324443254
wait,mpb,53,1963,2015,0.004530827363121289,0.012468954818520181,0.007938127455398892,0.00018721987487211662,0.008361598693436332,0.008661831980354369
wait,new wave,43,1973,2015,0.03432946807146279,0.013790046083408768,-0.020539421988054023,-0.00011828430835096941,0.012942684388395832,0.012339808099890388
wait,pop,57,1959,2015,0.01844862551853987,0.013414842395580717,-0.005033783122959153,4.044107181297312e-05,0.014014836545529364,0.013943712681948089
wait,pop rock,32,1982,2015,0.011276149946199167,0.013585959685738344,0.0023098097395391776,0.00023691606994637987,0.014885302563464615,0.01598391660978423
wait,post-hardcore,35,1981,2015,0.01923402877041172,0.014282619368040945,-0.004951409402370776,-0.0005288496046362146,0.022905457320360745,0.018359754735393006
wait,post-punk,43,1973,2015,0.023329138937543622,0.015136667027883322,-0.0081924719096603,-0.0002139004435331878,0.01595708881683562,0.014403208265527382
wait,power metal,34,1981,2015,0.01638772468831433,0.013962423933449356,-0.0024253007548649726,-0.00021008459334250778,0.020911872312314915,0.01918563782637525
wait,progressive metal,32,1984,2015,0.01561903436545907,0.014474025144575537,-0.0011450092208835326,9.2320073414211e-05,0.01494048278106984,0.01543311822398608
wait,progressive rock,53,1963,2015,0.0,0.01999534465853265,0.01999534465853265,0.00017141185210679257,0.014566410220551827,0.014526188954267492
wait,psychedelic rock,48,1963,2015,0.015266399731926035,0.01453969383414379,-0.0007267058977822455,-5.422338486597385e-05,0.016266277625373655,0.013146262859869084
wait,punk,47,1969,2015,0.0,0.017597806695644296,0.017597806695644296,0.0003266611723410023,0.013399596735468436,0.014117411011753862
wait,rap,32,1984,2015,0.006921194600154057,0.009204432768884576,0.002283238168730519,0.00015235733909788637,0.008338686256237775,0.008322838026748797
wait,reggae,42,1969,2015,0.0,0.01402013298720806,0.01402013298720806,0.00011607253547567535,0.014181635405145544,0.014946566012344807
wait,rock,61,1955,2015,0.0,0.02089945851995586,0.02089945851995586,0.00029249497690019016,0.009205567466845909,0.011123999499420443
wait,samba,42,1963,2015,0.09055549454058659,0.005181038524633269,-0.08537445601595332,-0.0005826546259567972,0.01543061438810199,0.009519803837122339
wait,shoegaze,35,1981,2015,0.0,0.02057964992436492,0.02057964992436492,0.0005600630710827471,0.011948451640043782,0.010883108425062592
wait,singer-songwriter,56,1960,2015,0.0,0.0175969741483595,0.0175969741483595,0.00018889718878097576,0.014586693001317255,0.014266356568572981
wait,soft rock,49,1967,2015,0.017893002352078084,0.03370739547398016,0.015814393121902078,7.696525472508015e-05,0.02351900493226668,0.017893002352078084
wait,soul,61,1955,2015,0.007293225254433331,0.015423650128928762,0.008130424874495432,0.00012622624460344582,0.013338313274973234,0.013259140883232998
wait,soundtrack,44,1965,2015,0.0035069283555050046,0.004540436444517726,0.001033508089012721,0.00011418992278928304,0.005760354497147641,0.0056488036282579205
wait,synthpop,41,1975,2015,0.0,0.015409212141864328,0.015409212141864328,0.00021651264819669213,0.013484190096317546,0.014159174507572812
wait,thrash metal,37,1979,2015,0.004430948144909808,0.007528528972714755,0.003097580827804947,-3.2431570385794306e-06,0.0100132689816065,0.009297154708307926
fall,alternative rock,37,1979,2015,0.007306868061848353,0.023505297952506173,0.01619842989065782,0.00039347505117674005,0.018469777005464327,0.020732557331559834
fall,ambient,43,1971,2015,0.0,0.012852120324993783,0.012852120324993783,-7.978303391183152e-05,0.006204325075452649,0.004731164674862856
fall,black metal,36,1980,2015,0.020668781480540417,0.02232753855055458,0.0016587570700141614,-0.000301060604336093,0.023325144351264822,0.021798591791823363
fall,blues,61,1955,2015,0.022128658999374193,0.014320501258127144,-0.0078081577412470494,2.9577124988651676e-05,0.01155339731264995,0.010872990287748761
fall,bossa nova,54,1960,2015,0.0,0.01821977016764317,0.01821977016764317,0.00010860867312403533,0.01354639455121711,0.015012451490918784
fall,brazilian rock,34,1982,2015,0.006401594912400835,0.02286173767301411,0.016460142760613274,0.00044075101875753775,0.010480943630024282,0.008074043163894965
fall,classic rock,61,1955,2015,0.0,0.0069780772704361674,0.0069780772704361674,1.9292464500509685e-05,0.00844123722682576,0.008294998249250791
fall,country,53,1955,2015,0.014956989882708252,0.011553135353663204,-0.0034038545290450486,-0.00014298201255249672,0.016959348684230185,0.013905326878990243
fall,death metal,33,1983,2015,0.022771160651621082,0.021921585218752187,-0.0008495754328688952,0.00010648976773673869,0.022587663817849653,0.022192309180040944
fall,disco,46,1970,2015,0.0,0.0060227093013183915,0.0060227093013183915,0.00011240208487168176,0.007621960480398648,0.0058763368270538996
fall,doom metal,33,1983,2015,0.016247679379608755,0.023930690369430813,0.007683010989822058,0.00014092197243965464,0.026839898838041255,0.0278913107075064
fall,dream pop,34,1982,2015,0.023767584892702386,0.019208898964293893,-0.004558685928408492,-0.0002949008059606649,0.023135547603504572,0.022331555058512365
fall,easy listening,47,1959,2015,0.002887982162716039,0.0106720478868398,0.007784065724123761,0.00021798622870960183,0.022564687147199898,0.021604314540373662
fall,electronic,45,1971,2015,0.0,0.012793599865190467,0.012793599865190467,0.0003129886761491616,0.0091429988454084,0.010933004256043039
fall,experimental,52,1964,2015,0.000284312635835875,0.013112038851736686,0.01282772621590081,0.0002887450217533683,0.007647631573425989,0.008592597274389161
fall,folk,57,1959,2015,0.0,0.017028824537326778,0.017028824537326778,0.00012491235516445243,0.015998045681166365,0.017028824537326778
fall,funk,51,1965,2015,0.00044306479391316,0.008101581882388725,0.007658517088475565,3.1684976593683746e-05,0.009004539709820236,0.0074434924947049405
fall,glam rock,39,1967,2015,0.004327048756231689,0.018068592316942786,0.013741543560711098,6.259846336231022e-05,0.016363970032806673,0.015045019612403808
fall,gothic rock,34,1977,2015,0.005054907617016161,0.020780573699291517,0.015725666082275356,0.00033377863768226226,0.026208928177293943,0.02416958531615358
fall,grunge,32,1984,2015,0.01663700482306261,0.018125446781802935,0.0014884419587403233,0.00011067769679503248,0.01423814582092174,0.014474160146834532
fall,hard rock,51,1965,2015,0.002201777544043761,0.01997521653674478,0.01777343899270102,0.0005108272399705334,0.01424894138187842,0.010870629829271481
fall,hardcore,39,1977,2015,0.0,0.016139500190572628,0.016139500190572628,0.0006003956372807079,0.013454993761131191,0.014253826300050992
fall,hardcore punk,32,1976,2015,0.0,0.015160656356529408,0.015160656356529408,0.0003299443774943659,0.009924626200885937,0.011746119981620555
fall,indie rock,33,1983,2015,0.011886014681035024,0.016447516748224606,0.004561502067189582,0.00038195930772321986,0.015077667467290053,0.017222068252259016
fall,industrial,35,1981,2015,0.028106315901563764,0.015997254779714722,-0.012109061121849042,7.644092078838671e-05,0.01414127758319517,0.013955177301014856
fall,jazz,61,1955,2015,0.01753352710885587,0.012372947845958377,-0.005160579262897492,0.00011042214858504979,0.010539338113742632,0.011860750851308444
fall,latin,40,1965,2015,0.011226898622661305,0.01643922174572812,0.005212323123066813,0.0002658621059059376,0.013612255042617993,0.016096117800205936
fall,metal,48,1968,2015,0.025067480273784064,0.022488469097630723,-0.002579011176153341,0.00012481021767661175,0.019905037454813118,0.020899931236291365
fall,mpb,53,1963,2015,0.0061370604153730395,0.014334755972013256,0.008197695556640216,0.0001720859030233517,0.010889372108808457,0.01137933871639353
fall,new wave,43,1973,2015,0.006794044860008703,0.01864780215481628,0.011853757294807577,0.00029900529441723113,0.01690691971680112,0.016084406803705358
fall,pop,57,1959,2015,0.01983692763871079,0.01751197717499624,-0.0023249504637145486,1.9252455567835146e-05,0.01531008037428405,0.015143849143131034
fall,pop rock,32,1982,2015,0.014384718330925686,0.02149585899614939,0.007111140665223703,0.00015666770199426717,0.01770989370451006,0.017207716034133215
fall,post-hardcore,35,1981,2015,0.02541643157763003,0.019495116229798833,-0.005921315347831198,0.00036935870766409483,0.021043647564298433,0.022594087520213742
fall,post-punk,43,1973,2015,0.01093428236585859,0.017081129727849198,0.006146847361990608,-0.00012935897123681826,0.017011726086270475,0.01718625109204657
fall,power metal,34,1981,2015,0.013043951798145813,0.027192332752276907,0.014148380954131094,0.0003244622576833297,0.025872457927450028,0.02636480370570036
fall,progressive metal,32,1984,2015,0.019336212918458322,0.021749876226859775,0.0024136633084014536,-3.2063167442006374e-05,0.02124598924818174,0.02144218689612601
fall,progressive rock,53,1963,2015,0.0075883739225229676,0.02286524005966748,0.015276866137144515,0.0002607191690870455,0.012779781799076665,0.012212609162802956
fall,psychedelic rock,48,1963,2015,0.00608918644345953,0.008918363038098965,0.002829176594639435,6.831467829829031e-05,0.010623349707414737,0.010350037742276042
fall,punk,47,1969,2015,0.00482544475437507,0.01832121030004953,0.01349576554567446,0.00042465377145314024,0.015550971271107855,0.015195918463954667
fall,rap,32,1984,2015,0.003201741748428174,0.010383605361715065,0.00718186361328689,0.00033293842680092014,0.008048163786429465,0.008983881398077376
fall,reggae,42,1969,2015,0.01286971295611899,0.015456898927199708,0.002587185971080718,-1.1363340570541117e-05,0.010894718998547229,0.009962842291027969
fall,rock,61,1955,2015,0.0,0.017149260776589247,0.017149260776589247,7.853549262109193e-05,0.014156811117172392,0.014179177871021213
fall,samba,42,1963,2015,0.0,0.009823741136528187,0.009823741136528187,0.00016020495919371577,0.010033787864272276,0.008757215824232646
fall,shoegaze,35,1981,2015,0.05010493385495595,0.01974425647209795,-0.030360677382858,-0.0005709626364828275,0.021632351443688632,0.01923238560322888
fall,singer-songwriter,56,1960,2015,0.00180237790577748,0.016349038302819367,0.014546660397041887,2.7450528182769785e-05,0.018142481669347194,0.016374456306177863
fall,soft rock,49,1967,2015,0.007561911029008214,0.011078523443193006,0.003516612414184792,0.00019852495181524167,0.013734935082364178,0.01154245097873325
fall,soul,61,1955,2015,0.01637874705441214,0.016383147908662053,4.400854249912017e-06,9.53052702629266e-05,0.013340170018750527,0.013740029578989208
fall,soundtrack,44,1965,2015,0.0037565964256430283,0.00785632320944859,0.004099726783805562,-0.0001276477335223299,0.012803208785925297,0.01079998746097901
fall,synthpop,41,1975,2015,0.0,0.015924828733404943,0.015924828733404943,0.0004177509777411987,0.012147030170524759,0.01369190099778978
fall,thrash metal,37,1979,2015,0.03452305522326211,0.018900340501957238,-0.01562271472130487,0.00018424584623454485,0.01790910251564939,0.017231061031647153
darl,alternative rock,37,1979,2015,0.00236101625340499,0.0024655600055257174,0.00010454375212072715,5.682880606788081e-06,0.0010156300125307893,0.001113073037727506
darl,ambient,43,1971,2015,0.0,0.0004299223197435428,0.0004299223197435428,5.545837248452869e-06,5.485238492865442e-05,0.0
darl,black metal,36,1980,2015,0.01233465065839421,0.0,-0.01233465065839421,-0.00017364787172371356,0.0019475260774848822,0.0
darl,blues,61,1955,2015,0.008354385218525167,0.009284079879989427,0.0009296946614642601,-2.1582478132406905e-05,0.007099353193717919,0.00560553667162038
darl,bossa nova,54,1960,2015,0.0,0.0,0.0,-7.458208147624617e-05,0.0012189385512337005,0.0
darl,brazilian rock,34,1982,2015,0.0,0.0,0.0,-2.488014686168676e-05,0.00040596338636482974,0.0
darl,classic rock,61,1955,2015,0.013808056814165366,0.009783737444068425,-0.004024319370096941,-8.36677594084051e-05,0.0036675958610540614,0.0029915410086966015
darl,country,53,1955,2015,0.02058531088626397,0.0022612876195563293,-0.01832402326670764,-0.00012256018721792,0.005841744844281329,0.0029591474668040725
darl,death metal,33,1983,2015,0.0,0.0,0.0,1.9970724777936378e-05,0.0002954207717917238,0.0
darl,disco,46,1970,2015,0.03180619194962771,0.0037056402328525203,-0.028100551716775186,-0.0001474621411989273,0.0055236338427126505,0.0037181360811974406
darl,doom metal,33,1983,2015,0.0,0.00040928358432628574,0.00040928358432628574,-1.549930641434738e-05,0.0004882833187033354,0.0
darl,dream pop,34,1982,2015,0.0,0.003045415227469556,0.003045415227469556,0.0001348885689862756,0.0020974884614758968,0.0015071588215569468
darl,easy listening,47,1959,2015,0.006725377016300117,0.012093162144417594,0.005367785128117477,-0.00011778946410705271,0.0067902778548437305,0.005949371975957796
darl,electronic,45,1971,2015,0.0,0.0017562884969330712,0.0017562884969330712,6.670600012737881e-05,0.0008587959997529741,0.0
darl,experimental,52,1964,2015,0.01273972960139952,0.0007805252192552828,-0.011959204382144237,-7.614648286023637e-05,0.001228891636209657,0.0
darl,folk,57,1959,2015,0.0,0.004275439153455576,0.004275439153455576,8.426753653524113e-05,0.002728560184431798,0.0017712631409803536
darl,funk,51,1965,2015,0.0,0.0008572583427477473,0.0008572583427477473,-3.952558617882743e-05,0.005281254769271616,0.004179955656532959
darl,glam rock,39,1967,2015,0.0,0.009387448063311373,0.009387448063311373,2.4211053323486488e-05,0.0015345392171164018,0.0
darl,gothic rock,34,1977,2015,0.0,0.006137804501757541,0.006137804501757541,0.0002722055811396005,0.0029191381563989614,0.00041578314415964914
darl,grunge,32,1984,2015,0.0,0.0022565437998215416,0.0022565437998215416,8.975747064155924e-05,0.0008736090077403048,0.0004011777749739331
darl,hard rock,51,1965,2015,0.0,0.000824979987593459,0.000824979987593459,-2.8612163323247823e-05,0.0018656524199892792,0.0016797726432030914
darl,hardcore,39,1977,2015,0.0,0.0011819635219329806,0.0011819635219329806,3.953550818412418e-05,0.0004449893959451756,0.0
darl,hardcore punk,32,1976,2015,0.0,0.002514974892147335,0.002514974892147335,8.735965497972065e-05,0.0014965695860885255,0.0
darl,indie rock,33,1983,2015,0.004972538109272545,0.003840375694641611,-0.0011321624146309341,8.107632273520723e-05,0.002529323954845307,0.0031078363182953407
darl,industrial,35,1981,2015,0.0,0.0026543236962510604,0.0026543236962510604,2.202640652590482e-05,0.0006705339859150316,0.0
darl,jazz,61,1955,2015,0.00637853742734654,0.0046554791806119565,-0.0017230582467345837,2.342623906297469e-05,0.004196963089429009,0.003568921245088656
darl,latin,40,1965,2015,0.0,0.0011305822709147552,0.0011305822709147552,4.575175271803473e-05,0.002310827628961392,0.0008648382542642026
darl,metal,48,1968,2015,0.0,0.0011697624214889522,0.0011697624214889522,5.6827281822204337e-05,0.0006678768809386206,0.0
darl,mpb,53,1963,2015,0.0,0.0006693978066033276,0.0006693978066033276,9.920901658038436e-06,0.0014496761806421733,0.000952729792879732
darl,new wave,43,1973,2015,0.0,0.00017425075212302256,0.00017425075212302256,2.8372793847479843e-05,0.0011092442033035555,0.00045498173814180926
darl,pop,57,1959,2015,0.025640936752859902,0.003328856063319681,-0.02231208068954022,-0.00019457468836907744,0.0052198778299259235,0.003193657652501213
darl,pop rock,32,1982,2015,0.0,0.0018971851145262062,0.0018971851145262062,9.754666854010746e-06,0.0014219134033280276,0.0016550349663862348
darl,post-hardcore,35,1981,2015,0.0,0.0014609024442068686,0.0014609024442068686,0.00010646204377668856,0.0014312918154588024,0.0012210388781210386
darl,post-punk,43,1973,2015,0.0,0.0008757479729941342,0.0008757479729941342,4.778874550798195e-05,0.0015400772250283618,0.0013346194124385583
darl,power metal,34,1981,2015,0.0,0.0014111262322154022,0.0014111262322154022,6.590980525082148e-05,0.000529350460046282,0.0
darl,progressive metal,32,1984,2015,0.0,0.0010264260444901232,0.0010264260444901232,1.7454660122340422e-05,0.00010358626844641532,0.0
darl,progressive rock,53,1963,2015,0.0058972786738321235,0.002341760594801054,-0.0035555180790310696,-0.00010968774430586828,0.002162378632535926,0.0
darl,psychedelic rock,48,1963,2015,0.0018324407301523048,0.0026723502237141184,0.0008399094935618136,2.9873546690079064e-05,0.0014241486050329238,0.0
darl,punk,47,1969,2015,0.0,0.004263843252899482,0.004263843252899482,5.509539243967254e-05,0.0014967417063524138,0.0010065354617703678
darl,rap,32,1984,2015,0.0,0.0003937395445364463,0.0003937395445364463,4.481673671011245e-05,0.0006992440659472117,0.00017563173666469215
darl,reggae,42,1969,2015,0.03597005149530414,0.0020992519869946088,-0.03387079950830953,-0.0003667240249373346,0.008045063815665903,0.005045903146349211
darl,rock,61,1955,2015,0.024567862448893085,0.0030912179889608354,-0.021476644459932248,-0.0005871265136603577,0.009426634234736928,0.0026323342442779126
darl,samba,42,1963,2015,0.0,0.002108898992234184,0.002108898992234184,1.4546306813766121e-05,0.0001934015725989518,0.0
darl,shoegaze,35,1981,2015,0.0,0.0023623546852051982,0.0023623546852051982,7.270121658943367e-05,0.0006057436021045953,0.0
darl,singer-songwriter,56,1960,2015,0.009812061978391235,0.005441071634018644,-0.004370990344372591,-4.722814266353445e-05,0.004879237666381346,0.0044538311026567565
darl,soft rock,49,1967,2015,0.0,0.003901094630890214,0.003901094630890214,-2.2932566703089732e-05,0.0059417631368996705,0.004092411893978392
darl,soul,61,1955,2015,0.01009490160215242,0.0045947492290602,-0.00550015237309222,-0.00025150823201173893,0.009606498693116404,0.007336506695841483
darl,soundtrack,44,1965,2015,0.0,0.0011475951773668317,0.0011475951773668317,3.867079514533394e-05,0.001165718247956535,0.0004025763126700621
darl,synthpop,41,1975,2015,0.0,0.0029400355124566853,0.0029400355124566853,6.239296358895068e-05,0.0011319449316812638,0.0005028114089066524
darl,thrash metal,37,1979,2015,0.0,0.0,0.0,2.3267844256409733e-05,0.00042347472925041604,0.0
burn,alternative rock,37,1979,2015,0.0,0.012679068136999726,0.012679068136999726,0.00022831365225041588,0.012319214009047853,0.011331368995941055
burn,ambient,43,1971,2015,0.0,0.0031419263577463982,0.0031419263577463982,2.2311495930574063e-05,0.001397695295135063,0.0012145759361156595
burn,black metal,36,1980,2015,0.010042996060709745,0.02509407286707852,0.015051076806368774,-0.0004548971138074373,0.02354635111505849,0.020412586933746486
burn,blues,61,1955,2015,0.0027047837977521045,0.017691882975787464,0.01498709917803536,0.00014704967611625197,0.007089170080384408,0.005685841727037515
burn,bossa nova,54,1960,2015,0.0,0.011882586439070846,0.011882586439070846,0.00019566740908771225,0.006923625240888278,0.005114981143545688
burn,brazilian rock,34,1982,2015,0.0,0.0,0.0,0.00010063853939404474,0.002515635736244827,0.001852370191352577
burn,classic rock,61,1955,2015,0.0,0.002067388962051729,0.002067388962051729,5.2026670251448824e-05,0.004777626192268292,0.004444574446399915
burn,country,53,1955,2015,0.0198791463783247,0.007787424858524493,-0.012091721519800206,-0.00015625851102769712,0.0076110607843482975,0.006048963702188502
burn,death metal,33,1983,2015,0.02276706022122084,0.030165129445944686,0.007398069224723847,0.00028733198603103486,0.02740509950500632,0.02799354192955165
burn,disco,46,1970,2015,0.0,0.007991168646951943,0.007991168646951943,0.0002684159176219055,0.00798156796528669,0.006604101267674508
burn,doom metal,33,1983,2015,0.025739146286191592,0.021031978226605866,-0.004707168059585726,9.078221387728794e-05,0.02331928297227859,0.02292606124309946
burn,dream pop,34,1982,2015,0.004502240116329726,0.004696959608166198,0.00019471949183647204,-3.209051828185666e-05,0.004937696323112677,0.004355766824386841
burn,easy listening,47,1959,2015,0.0,0.001241334396780258,0.001241334396780258,3.0008242062213272e-05,0.0032345760891080355,0.0009071289822624962
burn,electronic,45,1971,2015,0.015687232095344793,0.007032582477979047,-0.008654649617365746,6.097323665964299e-05,0.004581024454691123,0.0042090092809213345
burn,experimental,52,1964,2015,0.006500326715154495,0.005393138658896844,-0.0011071880562576516,-0.00012333183498339426,0.007209902376215803,0.0058896013377845785
burn,folk,57,1959,2015,0.0,0.010986932843281505,0.010986932843281505,0.0001293484252599135,0.006036892048699118,0.006273034036882392
burn,funk,51,1965,2015,0.0,0.003954600143493034,0.003954600143493034,2.3097816359797476e-05,0.003554314680040516,0.002925266779727448
burn,glam rock,39,1967,2015,0.012090588067547583,0.012031661426855673,-5.892664069191006e-05,5.3847157542809955e-05,0.007741671437679138,0.006622670623290852
burn,gothic rock,34,1977,2015,0.006670040663285265,0.011052211313139767,0.004382170649854502,-0.0005542766867719582,0.0211273309373558,0.018339559615119926
burn,grunge,32,1984,2015,0.0,0.010164684853530672,0.010164684853530672,-9.8034286775302e-05,0.01113515667644372,0.010513999656766798
burn,hard rock,51,1965,2015,0.0016065266177722783,0.02203084645492081,0.02042431983714853,0.00025831533246486804,0.012843209075078736,0.011496947036228517
burn,hardcore,39,1977,2015,0.0,0.0168050371754089,0.0168050371754089,0.0005159003016060478,0.010308607788128785,0.013316776981488344
burn,hardcore punk,32,1976,2015,0.022533695047375586,0.02031038613113644,-0.002223308916239144,0.00028823943952858516,0.013957563471166601,0.01110207636344529
burn,indie rock,33,1983,2015,0.008998465734575925,0.0073125367510904525,-0.0016859289834854725,-9.635906480134832e-05,0.007667395934105653,0.007133130417740416
burn,industrial,35,1981,2015,0.005947193355259391,0.020007146371700982,0.014059953016441591,0.000363683177521204,0.02021971427656464,0.021222846348478458
burn,jazz,61,1955,2015,0.0038605218876127637,0.006131436300540293,0.002270914412927529,0.00011426805641309766,0.004228640752958681,0.0037764414322697445
burn,latin,40,1965,2015,0.003055797824045045,0.011255193615796867,0.008199395791751822,-2.1317445375739695e-05,0.008996034188417466,0.0076849146663998304
burn,metal,48,1968,2015,0.03114312979368975,0.021481569974225647,-0.009661559819464104,-0.00018314557784421574,0.020544566261947422,0.018983919725520767
burn,mpb,53,1963,2015,0.0,0.0042560518177075495,0.0042560518177075495,4.061955711574351e-05,0.0052837512537801555,0.004406049968805458
burn,new wave,43,1973,2015,0.012651768124034766,0.009940352538094306,-0.0027114155859404594,0.0002010931871139711,0.010020808347983159,0.008337113430104248
burn,pop,57,1959,2015,0.014243483866725677,0.008507909587608335,-0.005735574279117342,-5.849008020710495e-06,0.006160907799838254,0.006239458040174253
burn,pop rock,32,1982,2015,0.0036761396677377285,0.014370803849910206,0.010694664182172478,0.00015083049995817636,0.00865292196561182,0.008274981285435435
burn,post-hardcore,35,1981,2015,0.01084740779148558,0.016596595676596902,0.005749187885111322,-6.914195424181539e-05,0.021190262179959993,0.02123520511990527
burn,post-punk,43,1973,2015,0.009170151303873534,0.010454658951725471,0.0012845076478519377,3.46720461807671e-05,0.009851769203982981,0.009504689342359282
burn,power metal,34,1981,2015,0.011212238180670664,0.02358691021492228,0.012374672034251617,3.730367589295652e-05,0.02383142858680576,0.023943364001622038
burn,progressive metal,32,1984,2015,0.03246683692334391,0.015958533149159106,-0.0165083037741848,-3.598040821553643e-05,0.018669958299682304,0.018849176489166244
burn,progressive rock,53,1963,2015,0.001383842594179908,0.012123843733935729,0.01074000113975582,0.0001174366010288838,0.01227960742765122,0.012123843733935729
burn,psychedelic rock,48,1963,2015,0.004898079902405964,0.007821955750132791,0.0029238758477268274,0.00017844403808012593,0.00678247007511838,0.00598584082033507
burn,punk,47,1969,2015,0.02179141165191236,0.007477893615762617,-0.014313518036149744,5.855271352327698e-05,0.010086125185156726,0.009859328367710135
burn,rap,32,1984,2015,0.0,0.006158040783571705,0.006158040783571705,0.00021062881523139837,0.004466443782434465,0.004534937991454083
burn,reggae,42,1969,2015,0.005214168177396178,0.009120554023318989,0.00390638584592281,0.00015794764567787878,0.007492717641584133,0.006634171198376575
burn,rock,61,1955,2015,0.0012613808408115683,0.011010816422385388,0.009749435581573821,0.00016932280801570853,0.0063289549552738465,0.006349475157683092
burn,samba,42,1963,2015,0.00570423192630391,0.004177132590903986,-0.0015270993353999236,7.00673827620371e-05,0.005592873762729512,0.00390731809467687
burn,shoegaze,35,1981,2015,0.012630667485018754,0.008974068074260877,-0.0036565994107578773,-0.00011736098241050348,0.006852570977738706,0.00671844015160572
burn,singer-songwriter,56,1960,2015,0.007419871411709779,0.009818555087879583,0.0023986836761698046,5.7898114208930176e-05,0.007004017894987623,0.00743943111178978
burn,soft rock,49,1967,2015,0.0,0.006222233682597289,0.006222233682597289,0.00011200629495696945,0.005866875563057991,0.00572944344510595
burn,soul,61,1955,2015,0.0,0.006778581136132815,0.006778581136132815,9.528087045774082e-05,0.003221647065003186,0.0028241429981272002
burn,soundtrack,44,1965,2015,0.0,0.004684166837427856,0.004684166837427856,-0.00017021607938872685,0.008059620454272201,0.004740574422706893
burn,synthpop,41,1975,2015,0.0,0.009049240487427172,0.009049240487427172,0.00013577116098907545,0.005468832711166091,0.00614574970133318
burn,thrash metal,37,1979,2015,0.007484812859154195,0.023733760030919857,0.01624894717176566,0.00060164731884308,0.02743001368661422,0.02458468091546115
alway,alternative rock,37,1979,2015,0.00859600585328249,0.020451103613037706,0.011855097759755216,0.0002706889827786494,0.013843001338955836,0.01508016741174248
alway,ambient,43,1971,2015,0.0,0.006056796006025821,0.006056796006025821,2.0051693420322926e-05,0.0038105674154764618,0.004295251002062341
alway,black metal,36,1980,2015,0.004472995843432895,0.0069076760529500165,0.0024346802095171214,0.00018317493026439498,0.005765172276333833,0.005953893411899358
alway,blues,61,1955,2015,0.009262844047782187,0.014722972719272689,0.005460128671490502,0.00019821583932219512,0.010389929421457583,0.009828070646573832
alway,bossa nova,54,1960,2015,0.006820445153411345,0.017281346116612993,0.010460900963201649,0.00034533427279537227,0.017923145697610884,0.017044666296736184
alway,brazilian rock,34,1982,2015,0.03394361864022322,0.03166694825299917,-0.002276670387224053,-6.047141832141353e-05,0.02686708723140829,0.02692700678062153
alway,classic rock,61,1955,2015,0.014501801634888824,0.01560744335925796,0.0011056417243691368,9.518816353592613e-05,0.014546285481030248,0.013465958660968193
alway,country,53,1955,2015,0.008479756693223735,0.013310400220410102,0.0048306435271863665,3.6389767301166364e-05,0.01384871664319725,0.013396631283966646
alway,death metal,33,1983,2015,0.012329026489893554,0.007136654881091713,-0.005192371608801842,6.940509451527585e-05,0.007488912551515093,0.007492717185961345
alway,disco,46,1970,2015,0.0037958311565211554,0.009124439202336802,0.005328608045815647,3.097877133399978e-05,0.010884225300797473,0.009126445795263703
alway,doom metal,33,1983,2015,0.004751952071452853,0.009632725692709388,0.0048807736212565355,0.00017252129405127063,0.007180396612270575,0.007118185467472064
alway,dream pop,34,1982,2015,0.011119375583735117,0.016477450190609234,0.005358074606874118,0.0003140778956416169,0.01463429458669595,0.015094062336945487
alway,easy listening,47,1959,2015,0.012046027816253295,0.027061200032245575,0.01501517221599228,3.3405176185219696e-05,0.018583451798832182,0.017150775890094578
alway,electronic,45,1971,2015,0.0,0.010367431563604007,0.010367431563604007,0.00017008463830870836,0.00907830389859502,0.009632206384696872
alway,experimental,52,1964,2015,0.0002996799594306958,0.011606050631058054,0.01130637067162736,6.819017504232758e-05,0.009742915048723193,0.008391687530522336
alway,folk,57,1959,2015,0.0,0.01443941905269246,0.01443941905269246,-5.007704616876391e-06,0.01250638437579908,0.01329761348369319
alway,funk,51,1965,2015,0.005424943641410255,0.006823847784063173,0.0013989041426529175,3.9875816943107306e-05,0.008794510515139372,0.006846227754079973
alway,glam rock,39,1967,2015,0.0028465781027197084,0.002265313104200334,-0.0005812649985193746,-0.00015885944636585467,0.01306399450132519,0.013304777273807609
alway,gothic rock,34,1977,2015,0.005061345889190367,0.007985937230648003,0.0029245913414576354,0.00040218671983118084,0.010729356368606589,0.007987289046281145
alway,grunge,32,1984,2015,0.022423919337920956,0.014538875172118016,-0.00788504416580294,0.00017427466502633565,0.013188831596230514,0.012688771489459304
alway,hard rock,51,1965,2015,0.0036318838032938436,0.014368994639515529,0.010737110836221685,0.000160195372223571,0.010778636052925516,0.011475515752185394
alway,hardcore,39,1977,2015,0.04118501833950002,0.017423685453363376,-0.023761332886136646,-0.0002686313723993198,0.01876406836076212,0.01762025612571544
alway,hardcore punk,32,1976,2015,0.003906578616896035,0.016002712256032822,0.012096133639136787,0.000248517806750954,0.014052913628030631,0.014319397243571383
alway,indie rock,33,1983,2015,0.026493695269279922,0.014934954879009095,-0.011558740390270827,-0.00017026433076240902,0.01566298736766301,0.014718557850170438
alway,industrial,35,1981,2015,0.004786888865259786,0.011978149235992337,0.007191260370732551,0.00021241915057933024,0.007347470903238213,0.0067879039170567175
alway,jazz,61,1955,2015,0.007305767399065339,0.00747024220767017,0.00016447480860483105,9.415839254045934e-05,0.008952728253236996,0.008066503193238202
alway,latin,40,1965,2015,0.00386716025234731,0.02004168709884455,0.01617452684649724,0.0002710050761146186,0.01850491893012094,0.019411724474222666
alway,metal,48,1968,2015,0.005950128223420125,0.010182244650185919,0.004232116426765794,0.00023752051279281615,0.011531408925428165,0.012301026968127012
alway,mpb,53,1963,2015,0.020601539892855174,0.0129375896322072,-0.007663950260647973,-5.010091803945672e-05,0.016835457928026494,0.016455283344407032
alway,new wave,43,1973,2015,0.012653953587274228,0.01582739030453174,0.003173436717257512,2.220463348444116e-05,0.014828165912056391,0.013827949661075988
alway,pop,57,1959,2015,0.017458160978066403,0.016149920014493505,-0.0013082409635728973,0.00014754845190750383,0.013960029555597608,0.014970451127398756
alway,pop rock,32,1982,2015,0.0173816833292952,0.024274952267061663,0.006893268937766463,0.00010770088382385677,0.01859574043605551,0.018910695980838305
alway,post-hardcore,35,1981,2015,0.019466097385304786,0.02017964032149898,0.0007135429361941927,0.00013309301694675577,0.013292073003901951,0.015901825694508615
alway,post-punk,43,1973,2015,0.010443013377669655,0.013308917529065803,0.002865904151396148,0.00012715340968310064,0.016284998224113147,0.013308917529065803
alway,power metal,34,1981,2015,0.005703100349110625,0.015815560709946795,0.01011246036083617,0.0002955765849991684,0.012377148482568972,0.012108863912861484
alway,progressive metal,32,1984,2015,0.01359428766379879,0.008320648463806733,-0.005273639199992058,-1.2437871147557328e-05,0.01266919635516709,0.011391115074916507
alway,progressive rock,53,1963,2015,0.01933557927634591,0.015700350415979072,-0.0036352288603668376,0.00012449631159229305,0.013100582268328652,0.011413028803955156
alway,psychedelic rock,48,1963,2015,0.005612221741082678,0.014606845884467791,0.008994624143385112,0.00012100952033917446,0.006442400516105048,0.0048612317225906355
alway,punk,47,1969,2015,0.023791057887239658,0.020122031460096685,-0.0036690264271429726,0.00018010335880554073,0.014373741583127103,0.014396632029866945
alway,rap,32,1984,2015,0.018484135264271236,0.012570747288134279,-0.005913387976136957,0.00011466972823932642,0.011677373170380864,0.01251512339399855
alway,reggae,42,1969,2015,0.0015311113273210465,0.01837989489125402,0.016848783563932972,0.0003916376208520252,0.008957858749310463,0.010516356588600857
alway,rock,61,1955,2015,0.027177378988897494,0.016877739292154328,-0.010299639696743166,1.5121975920820867e-05,0.014528863048516399,0.01523609059133715
alway,samba,42,1963,2015,0.008778020011299589,0.0058862632414254795,-0.0028917567698741094,0.00010529556466983708,0.012989464397705808,0.01299875233360807
alway,shoegaze,35,1981,2015,0.008317595364739576,0.020331011146489986,0.01201341578175041,0.00030129562672094135,0.013121471885312985,0.013121956586690816
alway,singer-songwriter,56,1960,2015,0.001899797861935255,0.018669946557129908,0.016770148695194654,0.00016095151021119702,0.012942820933762056,0.01295658717182897
alway,soft rock,49,1967,2015,0.003307393094698371,0.009226219126971608,0.0059188260322732365,0.0002678553225787012,0.016616302636576052,0.016207874299558472
alway,soul,61,1955,2015,0.020326878769331543,0.0157713744769872,-0.004555504292344342,0.00013981347785333177,0.016847846892732353,0.017091556628943037
alway,soundtrack,44,1965,2015,0.024060714258241807,0.007385703417716313,-0.016675010840525493,1.7350607441535004e-05,0.007946265896178277,0.007536340037871324
alway,synthpop,41,1975,2015,0.0,0.01570920794488958,0.01570920794488958,0.00039666493605492614,0.012970550105850924,0.014696276587571683
alway,thrash metal,37,1979,2015,0.004726246683874487,0.009825428616196527,0.005099181932322039,6.578411997933344e-05,0.006440051554446644,0.006443234276958311
true,alternative rock,37,1979,2015,0.0,0.004548177261085924,0.004548177261085924,3.5569873680214205e-05,0.005737428889159555,0.005775188674931944
true,ambient,43,1971,2015,0.0,0.0014231524275444833,0.0014231524275444833,-2.2509108555890125e-05,0.00221816398427082,0.001884380055694123
true,black metal,36,1980,2015,0.00404830554007499,0.005880452430863084,0.001832146890788094,1.9643276327074688e-05,0.004957974442653102,0.0044926283026152595
true,blues,61,1955,2015,0.010585811558763914,0.0026079686038789716,-0.007977842954884943,-5.2311291106945584e-05,0.008483727638890742,0.008672039778754938
true,bossa nova,54,1960,2015,0.0,0.0045979049588221604,0.0045979049588221604,-1.2192597318492695e-05,0.002766842343540254,0.0008540292701180628
true,brazilian rock,34,1982,2015,0.0,0.004127384235549774,0.004127384235549774,-0.00019544981971007105,0.0037479620543730175,0.002366127965550545
true,classic rock,61,1955,2015,0.003996322748031058,0.01956776809880755,0.015571445350776494,-7.240301274763246e-05,0.009360476645615746,0.008358237943930329
true,country,53,1955,2015,0.009384086496978266,0.006774583052520898,-0.0026095034444573676,-0.00010485855948012933,0.010655946506602352,0.008417586329764045
true,death metal,33,1983,2015,0.00891835568361018,0.006069787775879959,-0.0028485679077302206,0.0001104894362741025,0.004716824974327722,0.004190605973934889
true,disco,46,1970,2015,0.0,0.011496159372567618,0.011496159372567618,-9.414599114389393e-05,0.009930825447434916,0.009861650981400218
true,doom metal,33,1983,2015,0.005444453115518338,0.005528655187006155,8.420207148781677e-05,-3.660379226244548e-05,0.0064017693197631256,0.00652126904999347
true,dream pop,34,1982,2015,0.0,0.004096094459013571,0.004096094459013571,-1.6937569391111443e-05,0.008561941596018672,0.0055588844591652935
true,easy listening,47,1959,2015,0.036219567635100265,0.04318545514119039,0.006965887506090125,-0.0002881758513571675,0.02225939733627019,0.02182951400006987
true,electronic,45,1971,2015,0.0,0.003858174544390206,0.003858174544390206,-1.654604177197882e-05,0.007148839557501887,0.004821082742862121
true,experimental,52,1964,2015,0.0024001252976127998,0.00462627425927586,0.0022261489616630602,0.00011975191725513734,0.0034616623855022255,0.0028803756859291257
true,folk,57,1959,2015,0.015497549169053451,0.008598144275570528,-0.006899404893482923,-5.059663656957679e-05,0.0074129349932835105,0.007671153382564938
true,funk,51,1965,2015,0.013233197988752776,0.004216865540857828,-0.009016332447894949,-6.557545249091356e-05,0.0068235708415180256,0.006806151421122412
true,glam rock,39,1967,2015,0.0,0.002803252042551409,0.002803252042551409,9.205103054024388e-05,0.007746879344949025,0.0053119300789775175
true,gothic rock,34,1977,2015,0.0,0.0072619283467712115,0.0072619283467712115,7.88130635896796e-05,0.00813496865366672,0.008136616928326089
true,grunge,32,1984,2015,0.003816213600393495,0.003572515304581903,-0.0002436982958115919,-1.9360202845749588e-05,0.004449950568999588,0.004018473142257948
true,hard rock,51,1965,2015,0.004265247891708927,0.006186320750792103,0.0019210728590831764,-4.003756906129919e-05,0.007751152163651045,0.007555444356317205
true,hardcore,39,1977,2015,0.0,0.0050897768012856,0.0050897768012856,2.8422880230952925e-05,0.006047927344763611,0.005808362570921414
true,hardcore punk,32,1976,2015,0.0,0.004319587452146235,0.004319587452146235,0.00019642360842630588,0.006452686810485936,0.006488604120722161
true,indie rock,33,1983,2015,0.0,0.006352990530407704,0.006352990530407704,0.00013071891205508623,0.0044238281840730045,0.0049013455638071135
true,industrial,35,1981,2015,0.003730959076617865,0.0027495629158557303,-0.0009813961607621348,-0.00010492922900148269,0.005435707948103641,0.004571910545271833
true,jazz,61,1955,2015,0.005058162686628793,0.006111587571933662,0.0010534248853048692,-2.3662632102162528e-05,0.007708485133469918,0.005869848930434887
true,latin,40,1965,2015,0.009588301605525876,0.0027660498897639036,-0.006822251715761973,-0.0002694656939243557,0.006714995198227922,0.004390101752798321
true,metal,48,1968,2015,0.006590353882662129,0.004808854022797957,-0.0017814998598641727,-0.00014542613954279476,0.006368186720336262,0.005103642673262678
true,mpb,53,1963,2015,0.0,0.0013010678123712494,0.0013010678123712494,-6.795804731750963e-06,0.0020871144477588696,0.0017901049062830799
true,new wave,43,1973,2015,0.03164515490595896,0.007238298699087727,-0.024406856206871236,-8.173237018977137e-05,0.008492140729967056,0.007255141674662513
true,pop,57,1959,2015,0.042251836537062444,0.006069600467708345,-0.0361822360693541,-0.0002734322774446526,0.012336169270261436,0.01023316115834892
true,pop rock,32,1982,2015,0.0038879148367286145,0.004607277158193155,0.0007193623214645402,-0.0003986347460889561,0.010386522833638567,0.00720809354824462
true,post-hardcore,35,1981,2015,0.0061083914249624,0.003681241120603881,-0.0024271503043585187,3.0205641054173994e-05,0.0038686316597189947,0.004167141215118034
true,post-punk,43,1973,2015,0.0007141927388022666,0.006358801067271515,0.005644608328469248,3.088649018577267e-05,0.006520926313210823,0.0051099605645250805
true,power metal,34,1981,2015,0.0,0.00942828400022876,0.00942828400022876,0.00027746573922021576,0.0048125245746414155,0.004758023964526712
true,progressive metal,32,1984,2015,0.002090608495746662,0.0035243925365024773,0.0014337840407558154,-7.907252426073314e-05,0.005356980511316533,0.004300747257216287
true,progressive rock,53,1963,2015,0.01130400937270709,0.003310251475343677,-0.007993757897363413,-6.651094432349308e-05,0.006046219566308752,0.006088212575313749
true,psychedelic rock,48,1963,2015,0.005253121662991277,0.007162912026630769,0.0019097903636394924,1.2811560084334083e-05,0.0053919795916335675,0.004909817513566962
true,punk,47,1969,2015,0.0019200201352475074,0.004840137558600725,0.002920117423353218,0.00010271389383958587,0.005094569265540511,0.004931259586682102
true,rap,32,1984,2015,0.001830513058395887,0.0043118776570438624,0.0024813645986479756,-7.183883441229192e-05,0.006519922572275119,0.005905677907902756
true,reggae,42,1969,2015,0.0,0.008255385190654205,0.008255385190654205,6.063478609467145e-05,0.00658209853346214,0.006356808686294715
true,rock,61,1955,2015,0.09515433309634637,0.00465353879764573,-0.09050079429870064,-0.0008021523853639976,0.014851864746313882,0.0060741938088847
true,samba,42,1963,2015,0.0,0.0010099625735634746,0.0010099625735634746,3.648214899503841e-05,0.0011472395806418642,0.0007483381909821096
true,shoegaze,35,1981,2015,0.0,0.0043076218298267474,0.0043076218298267474,8.276406326773386e-05,0.005080267366607597,0.0047692100968303956
true,singer-songwriter,56,1960,2015,0.0,0.00817290570978048,0.00817290570978048,-6.122020670270453e-05,0.007444989282996494,0.007788479245661048
true,soft rock,49,1967,2015,0.008612285651246929,0.006469592814214655,-0.002142692837032274,8.274216249026309e-06,0.008232995170609296,0.008849943676159586
true,soul,61,1955,2015,0.019546474787828384,0.008603200507243879,-0.010943274280584505,-0.0001453157180618983,0.0156897407706365,0.015624339527600662
true,soundtrack,44,1965,2015,0.0,0.004909996390571533,0.004909996390571533,-1.9340620370765048e-05,0.004813604358988448,0.004171181810518124
true,synthpop,41,1975,2015,0.0013572576657529,0.007131176645619136,0.005773918979866236,-1.693768833730539e-06,0.005815904328240157,0.006323246871073355
true,thrash metal,37,1979,2015,0.0,0.004281310513839549,0.004281310513839549,3.3294713578362994e-05,0.0058772867191738045,0.005788334287233763
give,alternative rock,37,1979,2015,0.013318893692026986,0.02114057986520354,0.007821686173176554,0.0003070842551470326,0.01719401475968755,0.017157294626388226
give,ambient,43,1971,2015,0.014148130366919831,0.007444992849751522,-0.0067031375171683096,-0.0001001173308516257,0.007109110489489161,0.0058619734066959065
give,black metal,36,1980,2015,0.00252069500241491,0.009105365188988284,0.006584670186573374,0.0002555805548712692,0.006736832761608648,0.007418739974333632
give,blues,61,1955,2015,0.01491718585950346,0.016535663692920043,0.0016184778334165841,3.104143926944048e-05,0.01777633497345245,0.01685593512505859
give,bossa nova,54,1960,2015,0.016602024783283174,0.00905265903192436,-0.007549365751358814,7.123855746373018e-05,0.022469526871427045,0.020022413485213962
give,brazilian rock,34,1982,2015,0.022679377591465454,0.039711318643973925,0.01703194105250847,0.00041233083846848814,0.021185493164338993,0.020850517464584255
give,classic rock,61,1955,2015,0.005101161915806434,0.006455249244672213,0.0013540873288657787,0.00011433507763138302,0.01768670675105245,0.016455468807859797
give,country,53,1955,2015,0.019428752649922613,0.015466423106965237,-0.003962329542957376,2.1705778900108202e-05,0.01770516158844546,0.01772454332426485
give,death metal,33,1983,2015,0.010830126063782235,0.01543929393302869,0.004609167869246455,4.5961347515550464e-05,0.011113571856309982,0.011263207318768101
give,disco,46,1970,2015,0.017517961518547325,0.023409261384994877,0.005891299866447552,0.00020406061657628856,0.029196511225838998,0.02659752195146894
give,doom metal,33,1983,2015,0.03379646497054932,0.013697783755849386,-0.02009868121469993,-0.0003329169352836507,0.015286493021646147,0.014781759056134498
give,dream pop,34,1982,2015,0.0,0.019912940479046456,0.019912940479046456,0.00028125173987696004,0.00995314782715761,0.010274030719391423
give,easy listening,47,1959,2015,0.0048602565720303,0.01872372390565534,0.01386346733362504,-0.00017840022110903272,0.023784649163318943,0.015696788303041158
give,electronic,45,1971,2015,0.004843633538328555,0.016491050135651726,0.01164741659732317,0.00010465695805414357,0.015356287587525533,0.016055908631467306
give,experimental,52,1964,2015,0.0007897391757777625,0.019856641791601272,0.01906690261582351,2.3889069194617654e-05,0.014015635690209848,0.014254830210672056
give,folk,57,1959,2015,0.026570398355260955,0.02080358777023371,-0.005766810585027246,0.00011613788083903684,0.015038873248426336,0.014408500394313078
give,funk,51,1965,2015,0.013118227948132138,0.025247918549757886,0.012129690601625748,-4.8820065973863515e-05,0.023020333893003248,0.022780262350710682
give,glam rock,39,1967,2015,0.043631547010551074,0.03426735680978229,-0.009364190200768785,-1.87605095370094e-05,0.021797298667384744,0.02022953212814917
give,gothic rock,34,1977,2015,0.008847524425492586,0.046873706348033665,0.03802618192254108,0.0006535152761398189,0.01818127293792331,0.018595489933897296
give,grunge,32,1984,2015,0.0170897596519824,0.01807374362017153,0.0009839839681891269,-0.00013749230036474175,0.019468041483688754,0.01743468123462028
give,hard rock,51,1965,2015,0.028947023056252713,0.021943689155420425,-0.007003333900832288,8.539408216672258e-05,0.021197814120823933,0.021550306692457874
give,hardcore,39,1977,2015,0.058556056567905565,0.021747448102375222,-0.03680860846553034,-0.00043528885801371464,0.02734509724277997,0.025324042535156906
give,hardcore punk,32,1976,2015,0.03775034331841078,0.014930335526238273,-0.02282000779217251,-5.615344855118681e-05,0.016554349856701074,0.015303911385292798
give,indie rock,33,1983,2015,0.01555289809306038,0.01881829507843444,0.0032653969853740587,0.00032630460991167046,0.013055619741235376,0.013841615624798949
give,industrial,35,1981,2015,0.021070880879892232,0.014541014970733833,-0.006529865909158399,-0.0005752953997987959,0.019442920152218827,0.018606945742031426
give,jazz,61,1955,2015,0.005035918456760356,0.013614524655138025,0.00857860619837767,-2.950212011981002e-05,0.017650493248942398,0.012695812379256733
give,latin,40,1965,2015,0.006406095194535369,0.039697003905723824,0.033290908711188456,0.000627015687746943,0.039889218671851426,0.042349332332081456
give,metal,48,1968,2015,0.0146708629191984,0.028289960960856383,0.013619098041657984,-3.091467377029064e-05,0.01959022433061689,0.019151272610016354
give,mpb,53,1963,2015,0.01561263481509507,0.023878783418513756,0.008266148603418686,0.0001802411157865906,0.0232123912371013,0.0244009273961159
give,new wave,43,1973,2015,0.02524097365568416,0.014923998878968956,-0.010316974776715204,2.1863330732204773e-05,0.01968984483063856,0.01931176628715967
give,pop,57,1959,2015,0.013459789269000854,0.023808859043629012,0.010349069774628157,0.000266473342393191,0.022730537340082752,0.024121693355570205
give,pop rock,32,1982,2015,0.013553168021343941,0.021256020473492322,0.007702852452148381,1.3738499978795415e-05,0.02292979313834655,0.02247410724099166
give,post-hardcore,35,1981,2015,0.027369780992726973,0.022900884060206465,-0.004468896932520509,0.00010203029046362903,0.01652552291384942,0.019984127290676914
give,post-punk,43,1973,2015,0.019725474921795216,0.012499144155299747,-0.007226330766495469,5.037313013906924e-05,0.014105974481461305,0.013818869802766276
give,power metal,34,1981,2015,0.011669646724074353,0.013213236276722936,0.0015435895526485829,0.00022378332894512762,0.012058520954602272,0.011465822293674911
give,progressive metal,32,1984,2015,0.010574695940298215,0.018178493200972767,0.007603797260674552,0.0003292743771525626,0.013228317782423026,0.013297887161562844
give,progressive rock,53,1963,2015,0.00405650924469306,0.01886865494885858,0.01481214570416552,0.00011134593997602934,0.014079791285691128,0.015239952781942076
give,psychedelic rock,48,1963,2015,0.012451778272872156,0.00946466570821775,-0.002987112564654405,8.423441707682279e-05,0.014260519302864165,0.013189607879139979
give,punk,47,1969,2015,0.013749178962564914,0.014993740958708205,0.001244561996143291,6.031631764085803e-05,0.017320695991611575,0.018116289487017555
give,rap,32,1984,2015,0.03328768508011847,0.02471144002813289,-0.008576245051985582,-0.00012865381704853417,0.027601874521438675,0.026970171613922733
give,reggae,42,1969,2015,0.038347283632691596,0.02990208546102388,-0.008445198171667716,-3.2191569215032114e-05,0.026890199192430773,0.0262172029356483
give,rock,61,1955,2015,0.0016167059935981365,0.017490680263858537,0.0158739742702604,0.00012844928867060892,0.015187476068384014,0.015722618310058126
give,samba,42,1963,2015,0.007790181185406639,0.034101200912699005,0.026311019727292367,0.0003486095263869454,0.023038966840285346,0.023483317859457214
give,shoegaze,35,1981,2015,0.01612699938312242,0.014661946373484855,-0.0014650530096375642,-0.0001580088395651919,0.01157028626016442,0.011342535147811457
give,singer-songwriter,56,1960,2015,0.012992578085195623,0.01960375122639421,0.006611173141198589,2.2294160393085177e-05,0.018991838411778032,0.017941788157320268
give,soft rock,49,1967,2015,0.005815410142044957,0.011817031300191218,0.00600162115814626,-3.558243406880758e-05,0.021412359592567896,0.0190402158002562
give,soul,61,1955,2015,0.007858449887543875,0.022854383777694595,0.01499593389015072,0.00018825290127904085,0.0248779369067983,0.02371819850857326
give,soundtrack,44,1965,2015,0.026310859834783977,0.01060915399633131,-0.015701705838452665,3.914428918232359e-05,0.009795018358242957,0.009994314551753937
give,synthpop,41,1975,2015,0.00606693432487002,0.02225459173889376,0.01618765741402374,0.00011236282697372166,0.01997726856390725,0.020297259996713744
give,thrash metal,37,1979,2015,0.0063688428565518455,0.01614455885657898,0.009775716000027135,0.00017249821185770248,0.012547832490134346,0.01167921831224307
noth,alternative rock,37,1979,2015,0.00216285223964109,0.015150008842285404,0.012987156602644314,0.000367913349652757,0.014212525347371364,0.015766673693238666
noth,ambient,43,1971,2015,0.00371498685267097,0.005328943826697065,0.0016139569740260952,8.789466509786577e-05,0.0024789307116033174,0.003126008872118369
noth,black metal,36,1980,2015,0.004331974205012425,0.012934947300505558,0.008602973095493134,0.00041612994178559526,0.008159500207932607,0.008322757735607322
noth,blues,61,1955,2015,0.005866021161756224,0.018892558849385108,0.013026537687628884,0.0001307757193559234,0.011919518623035748,0.01147298722215327
noth,bossa nova,54,1960,2015,0.005550086382498095,0.01988562288365191,0.014335536501153816,0.00019034979772504013,0.020781499966845578,0.019919254334766583
noth,brazilian rock,34,1982,2015,0.023464219553492423,0.030165299311570505,0.006701079758078082,0.0003351689480804609,0.019083453450980288,0.019051751242268877
noth,classic rock,61,1955,2015,0.005520173147160554,0.009736410051041098,0.004216236903880543,8.19393962277428e-05,0.010941855428622081,0.010396748136889303
noth,country,53,1955,2015,0.01397191090812027,0.02009408679601213,0.006122175887891858,1.319919700154562e-05,0.014717723314800197,0.01565223732528532
noth,death metal,33,1983,2015,0.019679024085356787,0.01978160375714746,0.00010257967179067365,0.00010772423722395645,0.016429297638138773,0.016420318670424285
noth,disco,46,1970,2015,0.0026137121826951748,0.011302734830904973,0.0086890226482098,-0.00011579487158887079,0.009770819398472833,0.009541958203988125
noth,doom metal,33,1983,2015,0.022970719372019482,0.01883955254960154,-0.004131166822417941,3.0394296528790672e-05,0.013718328552461273,0.013710179123478735
noth,dream pop,34,1982,2015,0.011662417770851762,0.014615970091622778,0.0029535523207710156,0.00028670185292363037,0.01157435719238542,0.011366130492857316
noth,easy listening,47,1959,2015,0.0033502746003408915,0.010187172771542616,0.006836898171201724,-0.00010521894400466138,0.013569562110986099,0.013365674682344519
noth,electronic,45,1971,2015,0.08048808657424364,0.012797859188930005,-0.06769022738531363,-0.0003401362067887657,0.013770869135570605,0.011184420373063822
noth,experimental,52,1964,2015,0.0005839094508746875,0.0157274403378749,0.015143530887000213,0.00019496832158850822,0.007397662136056186,0.00771897429935521
noth,folk,57,1959,2015,0.006957760348919835,0.016263024544873095,0.009305264195953261,2.2797414494118623e-05,0.013146271775945994,0.012442555224867641
noth,funk,51,1965,2015,0.0,0.011472044558528292,0.011472044558528292,0.00015145618211125588,0.011132462653351317,0.010478135083766325
noth,glam rock,39,1967,2015,0.00832337401626416,0.019634484572614918,0.011311110556350758,0.00014086359961914193,0.02285382879125296,0.019048380555521934
noth,gothic rock,34,1977,2015,0.025643817951981934,0.017640154838453083,-0.00800366311352885,0.00011432594065230446,0.018347301838394548,0.018289232655978892
noth,grunge,32,1984,2015,0.01330640800092596,0.022171964070189527,0.008865556069263567,0.0003864291736743353,0.016995633501218875,0.017492909646614735
noth,hard rock,51,1965,2015,0.015841778699491174,0.01870465089377606,0.0028628721942848857,0.00021951990143219318,0.01704541479298241,0.01634148372836136
noth,hardcore,39,1977,2015,0.021261766850723715,0.023905777832091323,0.0026440109813676074,0.0003955293887926512,0.021788963106143193,0.024131700445238952
noth,hardcore punk,32,1976,2015,0.0,0.017460915458345654,0.017460915458345654,0.00040511250663781135,0.01476315471812403,0.01512673013339175
noth,indie rock,33,1983,2015,0.01628658962372953,0.01709722446664588,0.0008106348429163489,0.00020984667829460744,0.015277997467341816,0.016693569708308563
noth,industrial,35,1981,2015,0.015456552214674462,0.014570480433864582,-0.0008860717808098807,1.1087349366084093e-05,0.015203002602540185,0.014570480433864582
noth,jazz,61,1955,2015,0.010073855638765635,0.01177221769194986,0.0016983620531842245,0.00010997481537733603,0.007242108689275322,0.007314004160252646
noth,latin,40,1965,2015,0.008851284899591635,0.02426849103719882,0.015417206137607185,0.0004766497990530916,0.01643011310659214,0.01829570193407544
noth,metal,48,1968,2015,0.019804390017417677,0.018128706919416766,-0.0016756830980009102,0.0002649745252762314,0.015321297989945257,0.01891244710634435
noth,mpb,53,1963,2015,0.011354246355836635,0.016441659032881223,0.005087412677044588,-1.031299694968424e-05,0.01795806078642222,0.017199879064745124
noth,new wave,43,1973,2015,0.00726753203520356,0.018006585965511846,0.010739053930308287,0.00011509124307575555,0.012484149769170809,0.012242301480618572
noth,pop,57,1959,2015,0.007443214615403954,0.013603208211048231,0.006159993595644278,0.00015041394874493904,0.015336021671166612,0.016701495575099198
noth,pop rock,32,1982,2015,0.01082419803703518,0.01696182541002926,0.00613762737299408,0.0005176448629390812,0.013520765000523405,0.01588248833557217
noth,post-hardcore,35,1981,2015,0.0308061492954162,0.020320224315348745,-0.010485924980067455,-0.0008856669402076373,0.02380314100490955,0.01704561475523684
noth,post-punk,43,1973,2015,0.029369956769949083,0.01800933334859046,-0.011360623421358622,0.0001250793225129855,0.018844344203206267,0.0160003684585794
noth,power metal,34,1981,2015,0.009733412918250792,0.010253513039596368,0.0005201001213455767,1.2200087958880085e-05,0.011247644735900288,0.009908634103400727
noth,progressive metal,32,1984,2015,0.026293962471470804,0.012424035361312822,-0.013869927110157982,-0.0002563130460130804,0.014767744206345305,0.013386849940714218
noth,progressive rock,53,1963,2015,0.015149217679592604,0.011836787545903745,-0.0033124301336888585,1.0526066276161907e-05,0.010173884351218063,0.011165630985991255
noth,psychedelic rock,48,1963,2015,0.015309942440739398,0.00826175761139497,-0.007048184829344429,-8.43990877421359e-05,0.009916986480916086,0.010518620342422905
noth,punk,47,1969,2015,0.014759305982396652,0.0184170899125315,0.003657783930134847,2.604370419439768e-06,0.01766873645832241,0.017310463946200966
noth,rap,32,1984,2015,0.015022554965896022,0.014300503632146418,-0.0007220513337496039,0.0001402841791688645,0.014176105333823557,0.01480907980342562
noth,reggae,42,1969,2015,0.0024249247987867145,0.014623180525582605,0.01219825572679589,0.0002744761348552709,0.006510548527071353,0.006144688221338021
noth,rock,61,1955,2015,0.012554268431942935,0.020304205772874995,0.0077499373409320605,0.00021301220726661308,0.014779647000517926,0.014565889056446983
noth,samba,42,1963,2015,0.00447822614915157,0.004920832026653029,0.0004426058775014591,-0.00015296701343400296,0.01335777931921557,0.01338034484779407
noth,shoegaze,35,1981,2015,0.0082110385870594,0.014300509727454839,0.006089471140395439,-2.1937260991768206e-05,0.013460386391882155,0.013047125954635724
noth,singer-songwriter,56,1960,2015,0.00909604542327485,0.01798480604667002,0.008888760623395171,0.00013732725194640265,0.013380998594631753,0.014378647167642516
noth,soft rock,49,1967,2015,0.014542686597676047,0.04201624060896599,0.027473554011289945,0.0004509071073561684,0.01661745265724977,0.015076190174884164
noth,soul,61,1955,2015,0.0,0.01828734647486263,0.01828734647486263,0.00020947583074271047,0.014368787009337098,0.01571100662003237
noth,soundtrack,44,1965,2015,0.0038317743678693045,0.006526563734523457,0.0026947893666541523,7.724470697468712e-05,0.006802975454744126,0.006667596828894003
noth,synthpop,41,1975,2015,0.010625702547995695,0.014461648027293317,0.0038359454792976228,0.0002558359051747932,0.010333440166979886,0.012543346593338264
noth,thrash metal,37,1979,2015,0.020857926010795724,0.013815927660698904,-0.00704199835009682,-4.556990065981726e-05,0.020013902481989275,0.018266225693950762
make,alternative rock,37,1979,2015,0.002531215444761037,0.031236016800871166,0.02870480135611013,0.0005518613010510638,0.02420508897079797,0.02719448361344421
make,ambient,43,1971,2015,0.0,0.00576948486899392,0.00576948486899392,0.00012299301060230688,0.004518276516788121,0.004677548030469383
make,black metal,36,1980,2015,0.004754106400149146,0.012508483353984714,0.007754376953835568,0.00017743082998444262,0.009671599475125036,0.010135374289443659
make,blues,61,1955,2015,0.03510552279953687,0.020112953787528004,-0.014992569012008863,3.432096335314545e-05,0.023691634403311883,0.02362014734604095
make,bossa nova,54,1960,2015,0.00509895457228005,0.019924656968658253,0.014825702396378204,0.00014991380031597143,0.021967432117237947,0.022035069054270412
make,brazilian rock,34,1982,2015,0.046185654125124105,0.02752966338562741,-0.018655990739496694,-0.0002002385953991002,0.03202696619092066,0.03350550603857187
make,classic rock,61,1955,2015,0.005999106198993196,0.029508776936523214,0.02350967073753002,0.00027475006320762244,0.02443436213984986,0.024657269325285648
make,country,53,1955,2015,0.0315712212814025,0.038412763414276026,0.006841542132873524,3.8384797480489716e-05,0.031503237318585606,0.0315712212814025
make,death metal,33,1983,2015,0.019586376199595475,0.013194467243318337,-0.006391908956277137,0.000225142548575973,0.013096342441648689,0.014579318995386774
make,disco,46,1970,2015,0.011621527392968975,0.039788825032292044,0.028167297639323068,0.0002224067499951242,0.0349772051521496,0.032867202077326046
make,doom metal,33,1983,2015,0.011333326127048963,0.011629397663163427,0.00029607153611446377,-4.08482362519229e-05,0.01204513557051637,0.011333326127048963
make,dream pop,34,1982,2015,0.017269953360195222,0.02789518142979049,0.010625228069595267,0.00015889539279379634,0.0219540053121155,0.020899110369343075
make,easy listening,47,1959,2015,0.010869951647158727,0.02424517187547876,0.013375220228320031,-0.0002893648574014017,0.03068244351282972,0.029165901772672913
make,electronic,45,1971,2015,0.012196182092298795,0.02130865764230121,0.009112475550002415,0.0002858214069778604,0.018962930801414243,0.016862869963717317
make,experimental,52,1964,2015,0.01896971823863301,0.026295003789905742,0.007325285551272733,-7.632398097120769e-05,0.01944329279472976,0.018378037132224904
make,folk,57,1959,2015,0.014319681039340509,0.02406040351497282,0.00974072247563231,0.0002523921538504168,0.021714945399050556,0.021799508358250657
make,funk,51,1965,2015,0.05564596364056681,0.03237297147034836,-0.02327299217021845,6.522387324494492e-05,0.03125538259372574,0.03158347609732055
make,glam rock,39,1967,2015,0.0234824569524244,0.02727099997451881,0.0037885430220944115,0.00016960531937434349,0.025791486877686277,0.02577419710412093
make,gothic rock,34,1977,2015,0.0020982073933937515,0.017981343931515546,0.015883136538121793,6.702736080892121e-05,0.019171505984339043,0.01872332690753587
make,grunge,32,1984,2015,0.02207329886240516,0.02901904635668325,0.006945747494278089,8.04644252035866e-05,0.022937152492906406,0.02379174949263812
make,hard rock,51,1965,2015,0.01883067516498234,0.03134673619527367,0.012516061030291334,4.6747950809322936e-05,0.027551130219083283,0.027519909948116813
make,hardcore,39,1977,2015,0.021475316214639013,0.03145302472918348,0.009977708514544468,0.00011787508626930335,0.030749606576396218,0.030221368263337756
make,hardcore punk,32,1976,2015,0.016278009586536427,0.030917253351285603,0.014639243764749177,-5.228491544345291e-05,0.02492055754693876,0.02463009146998086
make,indie rock,33,1983,2015,0.0368279852340936,0.024782494273979105,-0.012045490960114494,3.990770879341815e-05,0.025931099103631786,0.025389031256713268
make,industrial,35,1981,2015,0.025253665801910106,0.02110967263126908,-0.004143993170641024,-0.00018030418260651612,0.025180982966150078,0.022579794326737606
make,jazz,61,1955,2015,0.010514025449241803,0.017456471146108536,0.006942445696866733,0.0002675943917398068,0.01728080398818668,0.016708945066934225
make,latin,40,1965,2015,0.05123744963793425,0.02356618543760501,-0.02767126420032924,-0.00022070429695960811,0.02744725355637142,0.026348144915826134
make,metal,48,1968,2015,0.026211658124906355,0.019566944645742233,-0.006644713479164122,-7.629793251218304e-05,0.021865050821822954,0.02095715738111019
make,mpb,53,1963,2015,0.02414431812907275,0.03134741037081588,0.007203092241743127,8.305213224018936e-05,0.026504337377617596,0.027037504565211014
make,new wave,43,1973,2015,0.02135690131954396,0.023771905256552945,0.0024150039370089867,0.00012613723563233918,0.024735707029522373,0.023945005242120548
make,pop,57,1959,2015,0.018919159508252337,0.02996327265713654,0.011044113148884201,0.00021602524302481095,0.03154158038548413,0.03273736603765473
make,pop rock,32,1982,2015,0.09386668463829324,0.030046466750167443,-0.06382021788812581,-0.000336160878453588,0.03558131822997207,0.032550818390631724
make,post-hardcore,35,1981,2015,0.008191265808044853,0.03506826927789946,0.026877003469854607,0.0011669856229331867,0.02388010784261985,0.0250483398939225
make,post-punk,43,1973,2015,0.005747431387947085,0.018316653943949414,0.012569222556002329,-7.627666196706432e-05,0.021661630184040794,0.02265213004816798
make,power metal,34,1981,2015,0.0061223072281802295,0.019917712374887125,0.013795405146706897,-6.465633159516765e-05,0.018513022382435317,0.01759179526174912
make,progressive metal,32,1984,2015,0.01266675948527253,0.020046144276394614,0.007379384791122084,3.4059076743617267e-05,0.01596975518718397,0.01635690232345696
make,progressive rock,53,1963,2015,0.02331676046601072,0.026455550254238205,0.0031387897882274862,1.0537940131090425e-05,0.02331135490165964,0.02331676046601072
make,psychedelic rock,48,1963,2015,0.01957052292391642,0.02082339912013895,0.0012528761962225313,0.00015876854596028858,0.020095514792129926,0.02067381346339771
make,punk,47,1969,2015,0.011662872221625651,0.03035550836174381,0.01869263614011816,0.00035128136137750035,0.024286529422410295,0.02682092188972589
make,rap,32,1984,2015,0.04243530672249858,0.03401451183594915,-0.008420794886549433,-0.00012971023529416426,0.03793410379874682,0.03742782978429032
make,reggae,42,1969,2015,0.011188869417044328,0.03208763739075986,0.02089876797371553,0.00036108529576289126,0.020452003285369186,0.02044442128834749
make,rock,61,1955,2015,0.025973486305900417,0.02805111154632812,0.002077625240427705,-1.6582666183038375e-05,0.024716282736319532,0.025973486305900417
make,samba,42,1963,2015,0.03866366320604308,0.025537205392757053,-0.013126457813286026,2.210286733898609e-05,0.029385674644739117,0.02824458038989855
make,shoegaze,35,1981,2015,0.009966184185717371,0.01814726482377803,0.00818108063806066,-0.00011636927600148371,0.018458777463510944,0.01879692517845002
make,singer-songwriter,56,1960,2015,0.011373564901311426,0.023075361965706007,0.011701797064394582,9.724272507456021e-05,0.025428642570200832,0.02587528380012366
make,soft rock,49,1967,2015,0.041946610854385294,0.034778939821536,-0.007167671032849293,-0.0003159856463631423,0.03220369199484059,0.03205413652403167
make,soul,61,1955,2015,0.002877776628901095,0.030491535781276464,0.027613759152375367,0.00015561984961141157,0.03617769503125394,0.03751897330401694
make,soundtrack,44,1965,2015,0.023140091409896184,0.012586257277186007,-0.010553834132710178,-0.0001586199927338636,0.014276943053270019,0.014033448820720253
make,synthpop,41,1975,2015,0.042650503312096584,0.025723187712577672,-0.016927315599518912,-5.533795939305642e-05,0.025311780016925734,0.025092636615798445
make,thrash metal,37,1979,2015,0.01092733229626798,0.016538436965114325,0.005611104668846345,-4.516057130786522e-07,0.02214361280253547,0.021665896152068556
end,alternative rock,37,1979,2015,0.004892993566094783,0.011940978725277445,0.007047985159182662,0.00044330211393345465,0.009568498515891893,0.010055079017250767
end,ambient,43,1971,2015,0.00296721482299172,0.0036090829897402503,0.0006418681667485302,-2.851365669330399e-05,0.003964735187356583,0.003066079385273419
end,black metal,36,1980,2015,0.0,0.02302224450706381,0.02302224450706381,0.00029530405167016926,0.012846460316542553,0.01185715513761897
end,blues,61,1955,2015,0.006285036621959852,0.00865197038388816,0.0023669337619283077,0.00011420457462318949,0.005974854208819991,0.006285036621959852
end,bossa nova,54,1960,2015,0.01443170353773241,0.021623630938449954,0.007191927400717545,0.0001227759182584706,0.018677091690388222,0.018161078543174693
end,brazilian rock,34,1982,2015,0.028873107283878662,0.02221694839243754,-0.006656158891441121,-0.00020364335194929175,0.02355093627301848,0.022392386477016024
end,classic rock,61,1955,2015,0.0018161648848077153,0.010825191542980003,0.009009026658172287,-1.4165052625489135e-05,0.00620504675282984,0.006226322540888349
end,country,53,1955,2015,0.014886384743162801,0.010812518023596396,-0.004073866719566405,-1.6455545687734227e-05,0.008984274680327272,0.00894041005104927
end,death metal,33,1983,2015,0.01054366776134961,0.035688748809942286,0.025145081048592678,0.0006343686840841792,0.02358414549329008,0.02333662014705772
end,disco,46,1970,2015,0.006469624491193829,0.009521293981393059,0.00305166949019923,-3.7688415448270894e-05,0.006800784831886944,0.006193389298132886
end,doom metal,33,1983,2015,0.01735823138702454,0.01525987325133859,-0.0020983581356859484,0.0001222179673236984,0.01772635491456431,0.01735823138702454
end,dream pop,34,1982,2015,0.0,0.010699263932300295,0.010699263932300295,0.000142023563273664,0.00812148988640433,0.008765179393469966
end,easy listening,47,1959,2015,0.030563292147967002,0.03178322344152306,0.0012199312935560584,-8.118353812624682e-05,0.01558650164659516,0.01232041069014591
end,electronic,45,1971,2015,0.0,0.007023381006898371,0.007023381006898371,-0.00023110743535050853,0.011740088825312668,0.005686490695408121
end,experimental,52,1964,2015,0.006400851072838563,0.006898470257843394,0.0004976191850048304,3.6041987304196924e-05,0.005756829496045305,0.006112698074237729
end,folk,57,1959,2015,0.00577054506965515,0.013295388102524184,0.007524843032869034,-6.749328203997049e-05,0.012404070302112302,0.010677944369363918
end,funk,51,1965,2015,0.001503270809132255,0.008613698450266896,0.007110427641134641,5.805345490277203e-05,0.006270212396094975,0.005614951994417205
end,glam rock,39,1967,2015,0.00453219903097268,0.014632797848774505,0.010100598817801825,0.00013183704683427568,0.010083864399005157,0.0084743211691845
end,gothic rock,34,1977,2015,0.003737910069585529,0.02388580110174037,0.020147891032154842,0.0005060746864574261,0.015822565210788255,0.016980784418959123
end,grunge,32,1984,2015,0.02183324627307704,0.013601337147300238,-0.008231909125776803,0.0002888229395111518,0.014161342566760472,0.01316383527166355
end,hard rock,51,1965,2015,0.0036968841226425026,0.019302539984054234,0.015605655861411731,0.0003358162113524519,0.011463819455846404,0.009418505904065158
end,hardcore,39,1977,2015,0.02272058753090033,0.02044235025343982,-0.002278237277460512,0.0006215535221726094,0.019937968129032563,0.02044235025343982
end,hardcore punk,32,1976,2015,0.0,0.02074055557481394,0.02074055557481394,0.0006457407161870807,0.010787522265954601,0.008283354129083114
end,indie rock,33,1983,2015,0.0,0.01158416899274464,0.01158416899274464,0.00034693308084093714,0.009579297992674136,0.011125796890470007
end,industrial,35,1981,2015,0.008948404458450908,0.019987636338709595,0.011039231880258687,0.00036289795161211847,0.01174454036009979,0.011301647681597523
end,jazz,61,1955,2015,0.003988294136631737,0.008148859842754916,0.004160565706123179,9.79811588912237e-05,0.008543345327069506,0.007969202455870412
end,latin,40,1965,2015,0.005991985380483715,0.012368519077066547,0.006376533696582832,0.0003008964228387325,0.009917139612880748,0.010325742708727303
end,metal,48,1968,2015,0.00852401181213162,0.02989772432275937,0.021373712510627748,0.000249454167790592,0.01835645452234765,0.01658287691669414
end,mpb,53,1963,2015,0.029698669927612782,0.01965508691359156,-0.010043583014021223,7.405186880274608e-05,0.0208972932072748,0.021734889417964826
end,new wave,43,1973,2015,0.02269872590669329,0.013053925262671653,-0.009644800644021637,-0.00012985430778260885,0.007954683340733628,0.007969881398932998
end,pop,57,1959,2015,0.009950725253122543,0.011464223207753057,0.0015134979546305143,3.9680803868799935e-05,0.009860219906234174,0.009894655914969953
end,pop rock,32,1982,2015,0.04343315150119306,0.012736059349588024,-0.030697092151605036,-0.0004791593728865827,0.0161805608549929,0.014026251718806525
end,post-hardcore,35,1981,2015,0.06044581563453516,0.019225572742363403,-0.04122024289217176,-0.00036664132706094215,0.020988812018595763,0.018426529191742393
end,post-punk,43,1973,2015,0.0,0.011960533059468419,0.011960533059468419,9.892229660760825e-05,0.011361705032543279,0.011012223266629938
end,power metal,34,1981,2015,0.014940432224530129,0.030959161519399814,0.016018729294869687,0.00043139684585792126,0.0227926298700947,0.021637863135253517
end,progressive metal,32,1984,2015,0.008465890451379781,0.022700262945280183,0.014234372493900402,0.00033413065186179363,0.015353444232178888,0.014762742827700634
end,progressive rock,53,1963,2015,0.015388276773203074,0.01276816933583745,-0.0026201074373656246,5.660624656472111e-05,0.012451231162910206,0.012259393743374822
end,psychedelic rock,48,1963,2015,0.009419796561237039,0.012488809890358027,0.003069013329120988,1.3153548309401708e-05,0.005761360139311125,0.005352253995198418
end,punk,47,1969,2015,0.0020010696871836406,0.010742767523024008,0.008741697835840367,0.00027683102105989835,0.011306393753335281,0.011187741371325676
end,rap,32,1984,2015,0.003572464958353522,0.009740308804661132,0.00616784384630761,0.00018177332354990124,0.008929370678897345,0.00954196469539755
end,reggae,42,1969,2015,0.0,0.007054138767204892,0.007054138767204892,0.0001499601658418131,0.006146833582339516,0.00661531998884028
end,rock,61,1955,2015,0.008780136909658572,0.012912294301458963,0.004132157391800392,0.00013229417270724817,0.010682432977582316,0.011730055555326638
end,samba,42,1963,2015,0.00503503851310084,0.018871896554708743,0.013836858041607903,3.855197157709623e-05,0.015417804054699117,0.014984155350279318
end,shoegaze,35,1981,2015,0.0033438678776933077,0.013425414049645675,0.010081546171952368,0.00019142677606091135,0.0075684076889570556,0.007107634654406413
end,singer-songwriter,56,1960,2015,0.0029768631912713847,0.011931034633116153,0.00895417144184477,9.431297753260048e-05,0.007819096337139533,0.008633335389543126
end,soft rock,49,1967,2015,0.023408173166310085,0.00905061650726875,-0.014357556659041334,-4.822749357245395e-05,0.010822346232564522,0.00949207008809611
end,soul,61,1955,2015,0.02095432817416661,0.006671943885093754,-0.014282384289072855,2.0530356361479773e-05,0.00803422787557801,0.007755658541856091
end,soundtrack,44,1965,2015,0.0,0.0036989624199647085,0.0036989624199647085,7.074560836512705e-05,0.004722578710476131,0.005207539679342721
end,synthpop,41,1975,2015,0.006834460848545739,0.009272704673611751,0.0024382438250660117,-0.00013642332874901647,0.014390771891266257,0.0148365151849113
end,thrash metal,37,1979,2015,0.02308784758351527,0.024572321578372254,0.001484473994856985,0.0003427206446680415,0.02663609772433148,0.024957370867244696
blood,alternative rock,37,1979,2015,0.003985031589257673,0.004831578641733801,0.0008465470524761281,7.027220995665866e-05,0.004428351735738576,0.0048933087484036835
blood,ambient,43,1971,2015,0.0,0.0025528228972378397,0.0025528228972378397,5.335373753647517e-05,0.0009257023483562756,0.001009289228343749
blood,black metal,36,1980,2015,0.041569272029362656,0.02990275362627572,-0.011666518403086936,-0.0002995417339525742,0.028021563717542806,0.028299692375524287
blood,blues,61,1955,2015,0.006141178485420591,0.002733881618625643,-0.0034072968667949476,2.309308618047452e-05,0.002816665235378551,0.002856532560882768
blood,bossa nova,54,1960,2015,0.0,0.013478797120550454,0.013478797120550454,9.291339255993829e-05,0.004403316773685011,0.0005525201383696863
blood,brazilian rock,34,1982,2015,0.016792619967242742,0.002532743655086753,-0.01425987631215599,-0.0005043774420921169,0.01026411240568421,0.008090481506120545
blood,classic rock,61,1955,2015,0.0,0.002511195128090702,0.002511195128090702,2.8118887924246652e-05,0.002238102888190817,0.0018543122088098888
blood,country,53,1955,2015,0.0,0.0012879278154606444,0.0012879278154606444,2.5637867018686082e-05,0.0015241819774562528,0.0013802664638830628
blood,death metal,33,1983,2015,0.04384592686107255,0.0398162123383681,-0.004029714522704446,-0.00011685909746007433,0.04807593191533514,0.045449750727882376
blood,disco,46,1970,2015,0.0042297984864877,0.002832900467196268,-0.0013968980192914319,7.747789805724978e-05,0.0021734568805550016,0.0021105819158194873
blood,doom metal,33,1983,2015,0.022800865324646504,0.02056883521584729,-0.0022320301087992156,0.00045953801137355667,0.017175917319177374,0.013840900397429726
blood,dream pop,34,1982,2015,0.002599101291430035,0.002363696689226758,-0.00023540460220327708,-8.580460733413248e-05,0.004314962820225799,0.003072888573827594
blood,easy listening,47,1959,2015,0.0,0.0026905150142943,0.0026905150142943,2.283312583724637e-05,0.002053486622910493,0.001141126211262186
blood,electronic,45,1971,2015,0.0,0.0034435346208267444,0.0034435346208267444,8.436141400294816e-05,0.001116304625021474,0.0
blood,experimental,52,1964,2015,0.0,0.003962369424643795,0.003962369424643795,5.72020257717038e-05,0.004781023694017761,0.004336835745734126
blood,folk,57,1959,2015,0.0,0.00890843071512472,0.00890843071512472,0.00010980331272512235,0.0058350720699214004,0.005005488187303535
blood,funk,51,1965,2015,0.0,0.0008145312882522144,0.0008145312882522144,8.949785671896645e-06,0.0022221459994016903,0.001261324971636393
blood,glam rock,39,1967,2015,0.005545876137457586,0.009327252598356215,0.0037813764608986286,1.665136351081396e-05,0.002002769596622557,0.0012719639716258762
blood,gothic rock,34,1977,2015,0.0,0.015367410262226613,0.015367410262226613,0.00013484481266310007,0.014130367414393932,0.015144710616625381
blood,grunge,32,1984,2015,0.0,0.007724011609980734,0.007724011609980734,7.657288148471524e-05,0.008068582958545678,0.008390825242220661
blood,hard rock,51,1965,2015,0.0,0.006183428908996864,0.006183428908996864,0.00011993707392996179,0.006144567942573219,0.005478577559255527
blood,hardcore,39,1977,2015,0.006357934256783435,0.011035691561248328,0.004677757304464893,0.00020359953982470962,0.010868218469735494,0.012969860978247977
blood,hardcore punk,32,1976,2015,0.005792359075162225,0.017328342130575217,0.011535983055412993,0.0005053266827729131,0.011373027818731264,0.010116427105191204
blood,indie rock,33,1983,2015,0.0,0.00446145300051824,0.00446145300051824,8.203538790888107e-05,0.005587754807909028,0.006222898983209003
blood,industrial,35,1981,2015,0.017000511761477665,0.015116769391380215,-0.00188374237009745,-6.014457574108217e-05,0.012701662099301982,0.012772388430192159
blood,jazz,61,1955,2015,0.0,0.0022277830528754285,0.0022277830528754285,3.994724078442308e-06,0.0010752868162115395,0.0
blood,latin,40,1965,2015,0.003469075766502435,0.0020767872591055466,-0.0013922885073968886,2.4755792017911395e-05,0.0027107610345676846,0.0019956066162255476
blood,metal,48,1968,2015,0.003535552852620965,0.015899207755650797,0.012363654903029833,0.0001347649185862499,0.013717942122795515,0.014878446887509469
blood,mpb,53,1963,2015,0.0,0.0037591318901292253,0.0037591318901292253,-1.3348504413327535e-05,0.004169893951080588,0.003913183234224416
blood,new wave,43,1973,2015,0.0,0.006321665688659937,0.006321665688659937,0.00011975691514938204,0.003548598199531228,0.0027566991449759454
blood,pop,57,1959,2015,0.0,0.002954454111018341,0.002954454111018341,3.808471533226228e-05,0.0020118337435245793,0.002396088588893008
blood,pop rock,32,1982,2015,0.0,0.0035500077181661546,0.0035500077181661546,8.852829126568695e-05,0.0019619296112187677,0.0015570515598109028
blood,post-hardcore,35,1981,2015,0.0,0.009147678959875923,0.009147678959875923,0.00031193512415882976,0.007906154647968585,0.009237441045013561
blood,post-punk,43,1973,2015,0.0,0.006219391900879075,0.006219391900879075,-6.841211779285653e-05,0.006926732214785031,0.006515783809747878
blood,power metal,34,1981,2015,0.006995363978765692,0.016537225102402447,0.009541861123636756,-3.954571754300628e-07,0.01908934208205385,0.01992526116880871
blood,progressive metal,32,1984,2015,0.006889064039041485,0.013242978628033114,0.006353914588991629,0.0003731603022186019,0.009672302649231843,0.01000234786806416
blood,progressive rock,53,1963,2015,0.0015709988305995359,0.006073799218313194,0.004502800387713658,0.00011472497816159242,0.0048997194438463515,0.004631920473013309
blood,psychedelic rock,48,1963,2015,0.005469220864260711,0.0073144356201329695,0.0018452147558722584,0.00010234519385606825,0.004776659693202689,0.004767847084465281
blood,punk,47,1969,2015,0.0,0.008727328122029924,0.008727328122029924,0.0001403144187932001,0.005888903281665733,0.006018566745014854
blood,rap,32,1984,2015,0.0,0.006867774820144706,0.006867774820144706,0.000266247415122037,0.005081291219721502,0.0056075064265726175
blood,reggae,42,1969,2015,0.0023677409970439965,0.0021462537814766407,-0.00022148721556735588,-2.5220557771777795e-06,0.004794715157436916,0.00239839814845035
blood,rock,61,1955,2015,0.0,0.006181953633121465,0.006181953633121465,6.626458897383964e-05,0.004269640927734415,0.003562420940868356
blood,samba,42,1963,2015,0.005600982163382754,0.005583309671453712,-1.7672491929042466e-05,-5.7301133038155625e-05,0.0035561595931355113,0.0020650527885719035
blood,shoegaze,35,1981,2015,0.004581830649593756,0.006664673581836452,0.002082842932242696,3.184691351132916e-05,0.0020809676708828683,0.001807549733721494
blood,singer-songwriter,56,1960,2015,0.00712032207864996,0.004699924525136619,-0.0024203975535133405,2.9878680512613766e-05,0.004427030932128929,0.004220074197479141
blood,soft rock,49,1967,2015,0.0,0.010245567798628662,0.010245567798628662,0.00010113386498116828,0.001466761872615972,0.0
blood,soul,61,1955,2015,0.0,0.004529762066812968,0.004529762066812968,6.450204246382479e-05,0.001210361366027793,0.000632341564816572
blood,soundtrack,44,1965,2015,0.0,0.003326739750020141,0.003326739750020141,4.8789013105155866e-05,0.0019112003779045948,0.0019454515062778855
blood,synthpop,41,1975,2015,0.0,0.003563932712247793,0.003563932712247793,0.00014210644856826201,0.002427719661659208,0.0019691694843794153
blood,thrash metal,37,1979,2015,0.03265724817024432,0.023303855883654367,-0.009353392286589952,-0.0003957968101252738,0.026931747233302362,0.023800179662497062
time,alternative rock,37,1979,2015,0.03078788731579619,0.025192799613715417,-0.005595087702080774,-0.00031432285914082377,0.03248369669913966,0.03078788731579619
time,ambient,43,1971,2015,0.00322226353090182,0.012493627468838127,0.009271363937936306,-0.000295927816942865,0.012351947373090016,0.009504676464246667
time,black metal,36,1980,2015,0.016121931552096538,0.018531062984130296,0.002409131432033758,-0.00014673665189459415,0.021131065097652047,0.019928584048416742
time,blues,61,1955,2015,0.01157649255440417,0.027397639048345992,0.015821146493941823,0.00014003269187742542,0.02542386492382479,0.025758908269371116
time,bossa nova,54,1960,2015,0.0,0.017357888103884472,0.017357888103884472,4.640281210364591e-05,0.017356791325148606,0.017022771040812436
time,brazilian rock,34,1982,2015,0.02730935771469519,0.03371324909449585,0.006403891379800658,0.00030798844526484597,0.03358700285487623,0.03236454835597739
time,classic rock,61,1955,2015,0.014413814192170008,0.0415763461226763,0.027162531930506294,8.20231313029667e-05,0.02823970418064205,0.02940916673895907
time,country,53,1955,2015,0.01426028300654244,0.02753251921240217,0.01327223620585973,-1.5012849377307162e-05,0.03307919101059058,0.030812494351385545
time,death metal,33,1983,2015,0.012512472157889665,0.027250716246612947,0.014738244088723281,0.00035544540579843925,0.02075849438370789,0.021603663513366917
time,disco,46,1970,2015,0.023508547730148842,0.03534373825797122,0.011835190527822378,-0.00022627634286598685,0.03134770769562137,0.02827471224485143
time,doom metal,33,1983,2015,0.030076526618717018,0.02965773569092925,-0.00041879092778776897,0.0001970296251864391,0.028322563100478967,0.02965773569092925
time,dream pop,34,1982,2015,0.04030235553925638,0.031011403602721185,-0.009290951936535195,-6.392126618942975e-05,0.02840442115040763,0.028277644234274313
time,easy listening,47,1959,2015,0.02448210514779056,0.035525835821483887,0.011043730673693325,0.00012132022674687826,0.03467209755505677,0.03262867319071196
time,electronic,45,1971,2015,0.0067988614904025,0.022945630194320613,0.016146768703918114,0.0003581308564351345,0.019211171499501453,0.02058524100088642
time,experimental,52,1964,2015,0.011781298879993338,0.024079910181542513,0.012298611301549175,0.00020310120041704583,0.0181563437934031,0.017758514612036355
time,folk,57,1959,2015,0.03413638372926674,0.03197097052761879,-0.0021654132016479463,-0.00020796162834810073,0.024753607553510804,0.021975883796605346
time,funk,51,1965,2015,0.010447659928219754,0.018843921994341144,0.00839626206612139,-0.00010408958263223513,0.028650898204898193,0.029096288419845757
time,glam rock,39,1967,2015,0.028072079659061874,0.04157738246841002,0.013505302809348148,2.6565872364192277e-05,0.026508935639220226,0.026795384772543687
time,gothic rock,34,1977,2015,0.014545266352178074,0.027600055995905873,0.0130547896437278,4.67159972974606e-05,0.02316528713065804,0.02344402254593627
time,grunge,32,1984,2015,0.028958140098401124,0.028933343504068856,-2.4796594332267968e-05,-3.375615944869019e-05,0.030176505154473943,0.027221714692118197
time,hard rock,51,1965,2015,0.04154873263194078,0.031049708891448452,-0.01049902374049233,7.079047858311754e-05,0.029158007738275583,0.02877377188777452
time,hardcore,39,1977,2015,0.0110716948777095,0.03049428039381752,0.019422585516108017,0.0003054456098097078,0.032969010545568424,0.034947015835516966
time,hardcore punk,32,1976,2015,0.00761792760250494,0.025302589591534228,0.017684661989029286,-0.0001650352707554737,0.029617121032410883,0.023893321839867754
time,indie rock,33,1983,2015,0.046523228116710925,0.03318710116236659,-0.013336126954344336,0.00012499222017306997,0.029988158859762918,0.030007895432185894
time,industrial,35,1981,2015,0.021928015393432403,0.021788634895379803,-0.0001393804980526006,8.777256644197964e-05,0.019411785841139326,0.01997321201638421
time,jazz,61,1955,2015,0.01166296342784294,0.02426592159452708,0.01260295816668414,0.00024109279567585606,0.016658269193882354,0.01591505778914058
time,latin,40,1965,2015,0.01186881766281617,0.0277271350941027,0.01585831743128653,0.00046569612921855234,0.02087201440144738,0.020138655159684223
time,metal,48,1968,2015,0.028843108356810053,0.03136176720919111,0.0025186588523810546,-3.256484189209257e-05,0.03276178781094502,0.03119816514452141
time,mpb,53,1963,2015,0.03582063386887434,0.0314338574642307,-0.00438677640464364,1.238861788463268e-05,0.026935118936856843,0.025472171021625294
time,new wave,43,1973,2015,0.005774605958507512,0.029070228234946892,0.02329562227643938,0.00023717895900625012,0.026874014415486803,0.026535517973600164
time,pop,57,1959,2015,0.014366355007760678,0.02848992871113293,0.014123573703372253,0.00012516923219437972,0.028061572983807948,0.02848992871113293
time,pop rock,32,1982,2015,0.08154184972683041,0.029698404344889195,-0.05184344538194122,-0.0003336098722554841,0.03088465799669335,0.030245592812318256
time,post-hardcore,35,1981,2015,0.055043320843926165,0.03239560571696373,-0.022647715126962432,-0.0003539014573743639,0.035159214997344035,0.03341597702543903
time,post-punk,43,1973,2015,0.01997767991998905,0.024588523311431815,0.004610843391442767,0.00013175698938753215,0.028761220613478224,0.028694031074984205
time,power metal,34,1981,2015,0.023861472700443778,0.03609278068328186,0.012231307982838082,-0.00044759045538266017,0.04056128639750761,0.03693796716720251
time,progressive metal,32,1984,2015,0.016812453112935524,0.03100576926598244,0.014193316153046916,-0.0003229771576582605,0.031701548966477866,0.030406667385465908
time,progressive rock,53,1963,2015,0.028454604367040167,0.02687050895680834,-0.0015840954102318283,2.0732991342230247e-05,0.029249015787465422,0.02802840753860147
time,psychedelic rock,48,1963,2015,0.02767449780446598,0.029898974336672674,0.002224476532206695,-7.233748660353016e-05,0.02922117767772246,0.028074926897720683
time,punk,47,1969,2015,0.022144746736004608,0.02944187390071506,0.007297127164710451,0.0004415534055570122,0.029049037391137494,0.02961895356221798
time,rap,32,1984,2015,0.026970508619694192,0.025094803872486134,-0.0018757047472080582,1.3191023848997768e-05,0.025747260756535148,0.026019611501021653
time,reggae,42,1969,2015,0.02711396347451353,0.02815232972465067,0.001038366250137139,0.0003211020634070865,0.022738522026984474,0.02641076290172036
time,rock,61,1955,2015,0.028569984432154697,0.03325245862818468,0.004682474196029986,0.00025223630501685317,0.027553009097124645,0.028744917032677845
time,samba,42,1963,2015,0.012606930356610155,0.023186419474975416,0.010579489118365261,0.00013068501038706438,0.018731920189650756,0.01938155298663424
time,shoegaze,35,1981,2015,0.006318977213480979,0.030989649836395586,0.024670672622914606,0.0001539278523535627,0.031789472500044456,0.030076062266683082
time,singer-songwriter,56,1960,2015,0.046677206909680496,0.029354887239581056,-0.01732231967009944,1.3994931680744737e-05,0.027455990707793556,0.02767804777110211
time,soft rock,49,1967,2015,0.023014059157135152,0.028471828980544546,0.005457769823409394,5.704121013015373e-05,0.037905226867975525,0.03691105180802896
time,soul,61,1955,2015,0.060351975878586095,0.031018059708040873,-0.029333916170545222,-8.929239377453938e-05,0.03544034033866217,0.03449691133952619
time,soundtrack,44,1965,2015,0.02382993791372589,0.010427882639100411,-0.013402055274625478,0.00016748078919120733,0.013173045928053928,0.012354407790314952
time,synthpop,41,1975,2015,0.026463423548148252,0.03170801775962425,0.005244594211475998,0.00011049485033465119,0.027667145078579956,0.02910301287944636
time,thrash metal,37,1979,2015,0.013084336265508508,0.022499347422819265,0.009415011157310757,0.0001887520742028214,0.02864095132601853,0.028084076155406573
dark,alternative rock,37,1979,2015,0.0,0.01450635964580506,0.01450635964580506,0.00038420639759754083,0.00566213747509077,0.0037973564241062887
dark,ambient,43,1971,2015,0.0,0.007205085174458398,0.007205085174458398,-3.418496128523317e-05,0.004608933672168955,0.004202853713658016
dark,black metal,36,1980,2015,0.034479225049008175,0.03900016113289639,0.004520936083888212,-0.00043840474514523825,0.04791226148288933,0.04397825801946943
dark,blues,61,1955,2015,0.0,0.01375346376476863,0.01375346376476863,0.00015680574344641322,0.006797937226548468,0.005789005530284527
dark,bossa nova,54,1960,2015,0.0,0.005488133446163905,0.005488133446163905,0.00015005299554579185,0.005764117968490453,0.0048885497828182415
dark,brazilian rock,34,1982,2015,0.025629563190419223,0.007911527460667617,-0.017718035729751606,-0.0003118784710520108,0.006045649776451587,0.0034160462748898295
dark,classic rock,61,1955,2015,0.0,0.006639734521209923,0.006639734521209923,7.575641578393887e-05,0.006636327001862438,0.0062311252612535315
dark,country,53,1955,2015,0.006418907786617986,0.007754017223701235,0.001335109437083249,2.646124795206008e-05,0.006629844790429166,0.005698941645896152
dark,death metal,33,1983,2015,0.022296593865115635,0.030699821970385233,0.008403228105269597,9.8613942452351e-05,0.025051464335078797,0.025349804284290338
dark,disco,46,1970,2015,0.005980672925657965,0.005561454055967176,-0.00041921886969078885,1.8944171080056328e-05,0.004003162526986598,0.0040130917602040315
dark,doom metal,33,1983,2015,0.032634415546230006,0.026224001413476097,-0.006410414132753908,-7.673549495493477e-05,0.031405856920194763,0.032634415546230006
dark,dream pop,34,1982,2015,0.004528375889699674,0.010318302359120181,0.005789926469420508,-6.05887528328508e-05,0.013601158905239465,0.013176726308179988
dark,easy listening,47,1959,2015,0.0,0.02001054554062669,0.02001054554062669,0.00018017645027939847,0.005802544708632434,0.0049486774354445305
dark,electronic,45,1971,2015,0.0,0.007930609027663212,0.007930609027663212,0.00012282533548120593,0.00466016805865762,0.00440863435483267
dark,experimental,52,1964,2015,0.023940818281448978,0.007855789533243068,-0.016085028748205908,-8.851218789115699e-05,0.006703586310063556,0.006428907873953721
dark,folk,57,1959,2015,0.0031933023137414645,0.015302093582585073,0.012108791268843608,0.00010603393069547413,0.011701578537611765,0.011023747728214678
dark,funk,51,1965,2015,0.00423223988108938,0.002015479813333843,-0.0022167600677555368,4.910464154950518e-05,0.003349742531389492,0.0027550205918320273
dark,glam rock,39,1967,2015,0.006383485194294856,0.005556435838596794,-0.000827049355698062,-4.492015029638077e-05,0.004402722741930593,0.0038229691928045183
dark,gothic rock,34,1977,2015,0.04093690583930239,0.014797841514364377,-0.02613906432493801,0.0001007653283637344,0.017828746451945238,0.015908959604318894
dark,grunge,32,1984,2015,0.0,0.008815558974788206,0.008815558974788206,0.0002727895015731512,0.005741151753792556,0.0042907023734471165
dark,hard rock,51,1965,2015,0.0,0.011143087789245354,0.011143087789245354,0.00011246936588311674,0.009545607623389272,0.009823080434179267
dark,hardcore,39,1977,2015,0.0,0.015398216680962296,0.015398216680962296,0.00028799785111840526,0.006206405011419354,0.007990686302187192
dark,hardcore punk,32,1976,2015,0.0,0.010557458461999153,0.010557458461999153,0.00023457156867281694,0.0038928735619675452,0.003907734196772491
dark,indie rock,33,1983,2015,0.0,0.00962393536250566,0.00962393536250566,0.00033013030567400226,0.005347485396159393,0.005856744238132703
dark,industrial,35,1981,2015,0.058231292293251996,0.01370588958797794,-0.04452540270527405,-0.00040234271460008915,0.01572823671670641,0.01370588958797794
dark,jazz,61,1955,2015,0.00261458622903672,0.006630135044222699,0.0040155488151859785,1.4119715356256919e-05,0.004109285714771773,0.0030101466112435753
dark,latin,40,1965,2015,0.0060683561640345,0.008408610557999477,0.002340254393964977,1.270803469448747e-05,0.006346440832785798,0.005750204744465033
dark,metal,48,1968,2015,0.017462025197362608,0.0241480252559715,0.006686000058608893,0.00020540178499976608,0.01438868448361868,0.014779830515701933
dark,mpb,53,1963,2015,0.002328764774361925,0.004540373834210893,0.0022116090598489685,1.6130296253396414e-05,0.008569189599626364,0.00864893055069164
dark,new wave,43,1973,2015,0.0,0.01652274427411085,0.01652274427411085,0.00028359344757517105,0.00804522382341384,0.00679950738226709
dark,pop,57,1959,2015,0.0,0.007577909328767258,0.007577909328767258,8.182731766473177e-05,0.00510208703766832,0.005129388196262746
dark,pop rock,32,1982,2015,0.004285839861125362,0.012694704048889791,0.00840886418776443,0.00024031307419136917,0.00625378971586932,0.005714579874872255
dark,post-hardcore,35,1981,2015,0.0,0.011278121675950874,0.011278121675950874,0.0005139115246913671,0.005850813808455906,0.0038942236482510544
dark,post-punk,43,1973,2015,0.006031362767398212,0.00951192293884052,0.003480560171442308,5.985137076160988e-05,0.006922714951982461,0.007315628372738185
dark,power metal,34,1981,2015,0.015032064058973093,0.035041066862059815,0.02000900280308672,0.0003055605500478918,0.029302296660688912,0.031035823616622618
dark,progressive metal,32,1984,2015,0.03799982905720372,0.019074331900438304,-0.018925497156765416,-0.0008529295437338353,0.023346943992210635,0.018323389614965525
dark,progressive rock,53,1963,2015,0.000951854272199832,0.010578927110702798,0.009627072838502965,0.00010336886365383823,0.010508486634199695,0.010588980685531529
dark,psychedelic rock,48,1963,2015,0.009908204349036094,0.00674303956094399,-0.0031651647880921036,-0.00016312989542013268,0.011010086055235476,0.009626637853405853
dark,punk,47,1969,2015,0.0,0.008112000591310396,0.008112000591310396,6.682140844145274e-05,0.0051158040430903185,0.004812379418259177
dark,rap,32,1984,2015,0.0038968703466836087,0.005294911910497843,0.0013980415638142345,9.440075055492514e-05,0.004370526211818068,0.004752859004945299
dark,reggae,42,1969,2015,0.0058547825960859065,0.0046642489095234775,-0.001190533686562429,9.56532106622101e-06,0.004948955865661152,0.005144341040979103
dark,rock,61,1955,2015,0.0,0.012321820060257355,0.012321820060257355,0.000154424027727538,0.005394713433246747,0.005193895487231616
dark,samba,42,1963,2015,0.0,0.00468458952088278,0.00468458952088278,5.36533147551387e-05,0.00482335855127794,0.0036196842102912082
dark,shoegaze,35,1981,2015,0.0,0.011146614708277639,0.011146614708277639,0.0003189438776193346,0.007101140068657795,0.006698355619021251
dark,singer-songwriter,56,1960,2015,0.02296761079081686,0.010175839519075481,-0.012791771271741378,-0.00010415042283771434,0.012023157279198097,0.010872906425700712
dark,soft rock,49,1967,2015,0.005803389806878815,0.009644383981705907,0.0038409941748270924,6.334977923868145e-05,0.007920820103020637,0.006982354178280822
dark,soul,61,1955,2015,0.015015552640460094,0.006563095932979793,-0.0084524567074803,-3.052176151825553e-05,0.0056413004533143836,0.004833505757526681
dark,soundtrack,44,1965,2015,0.0,0.007106504769576533,0.007106504769576533,9.024153046069123e-05,0.004685182844475553,0.004865047252964088
dark,synthpop,41,1975,2015,0.0037738676154866952,0.01280002944306314,0.009026161827576444,0.00016277487342947954,0.009049638503021795,0.0100398194886129
dark,thrash metal,37,1979,2015,0.0023742615311716166,0.03080610726110207,0.028431845729930454,0.00033179632699878247,0.014141739128385095,0.013116539161573626
